AUDIO_text_len,AUDIO_text_sentiment,AUDIO_percent_bad_words,AUDIO_valence,AUDIO_arousal,AUDIO_speech_percent,AUDIO_music_percent,AUDIO_silence_percent,AUDIO_loudness,AUDIO_glove1,AUDIO_glove2,AUDIO_glove3,id,bully
124,0.6836,0,-0.24796246,-0.431968274,0.833333333,0.166666667,0,0.46469637,2.994919164,1.11E-05,-0.142421751,1.07879E+18,bullying
116,0,0,0.765381665,0.670803794,1,0,0,0.21171775,2.412907559,0.990299937,-0.389306541,1.11599E+18,noneBll
0,0,0,0.629897858,0.670603767,0,1,0,0.111151003,-2.313889344,-0.05190521,-0.024856726,1.0108E+18,noneBll
0,0,0,-0.261539565,0.437043294,0.857142857,0.142857143,0,0.263575994,-2.313889344,-0.05190521,-0.024856726,1.00304E+18,noneBll
0,0,0,0.158650321,0.331426388,0.857142857,0.142857143,0,0.181280403,-2.313889344,-0.05190521,-0.024856726,1.01577E+18,noneBll
48,-0.25,0,-0.349372203,-0.216290705,0,1,0,0.071087698,2.847923122,1.69633647,-0.499779869,1.14006E+18,noneBll
22,0,0,0.034546053,-0.061883764,0.666666667,0.333333333,0,0.243845869,3.253244893,0.283768474,-0.434439158,1.12811E+18,noneBll
0,0,0,-0.486287844,-0.512679562,0.571428571,0.428571429,0,0.446988107,-2.313889344,-0.05190521,-0.024856726,1.16069E+18,noneBll
0,0,0,0.279402269,0.235904045,1,0,0,0.254740568,-2.313889344,-0.05190521,-0.024856726,1.08395E+18,noneBll
10,0,0.5,-0.520415191,0.281677301,0,1,0,-0.068958583,0.098909911,1.193670781,1.197743976,1.09509E+18,noneBll
0,0,0,0.389726302,0.796939925,1,0,0,0.008550769,-2.313889344,-0.05190521,-0.024856726,9.90183E+17,noneBll
44,0,0.125,0.310955944,0.647506529,1,0,0,0.266790468,2.61538696,0.392219501,0.508576429,1.16589E+18,noneBll
0,0,0,0.452433595,0.08484943,0.333333333,0.666666667,0,0.122666375,-2.313889344,-0.05190521,-0.024856726,1.1764E+18,noneBll
6,0,0,-0.522219997,0.507785479,0,1,0,0.329987304,3.007899403,0.788048849,-0.486817613,1.11108E+18,noneBll
25,0.34,0,0.290894828,0.123614089,0.666666667,0.333333333,0,0.198839679,2.727314298,-0.029376573,-0.325796667,1.11081E+18,noneBll
0,0,0,-0.050989856,0.818241152,0.142857143,0.857142857,0,0.158327181,-2.313889344,-0.05190521,-0.024856726,1.01399E+18,bullying
0,0,0,-0.077936904,0.300635906,0.166666667,0.833333333,0,0.474463625,-2.313889344,-0.05190521,-0.024856726,1.08021E+18,noneBll
13,0,0,0.128766284,0.179777135,0.166666667,0.833333333,0,0.042597864,2.432642997,1.490908143,-0.549696767,1.14554E+18,noneBll
0,0,0,-0.460125466,0.099574562,0,1,0,-0.128707624,-2.313889344,-0.05190521,-0.024856726,1.14668E+18,noneBll
102,-0.681,0,0.257074235,0.345555822,0.857142857,0.142857143,0,0.041538106,2.179218875,-0.48198555,-0.150328807,1.14094E+18,bullying
0,0,0,-0.095290413,-0.017368727,0,1,0,-0.055622013,-2.313889344,-0.05190521,-0.024856726,1.13717E+18,noneBll
0,0,0,-0.436398236,0.347705108,0,1,0,0.167458569,-2.313889344,-0.05190521,-0.024856726,1.17171E+18,noneBll
74,0.7269,0,0.228672761,0.608770602,1,0,0,0.072854229,3.15722494,0.20298439,-0.427274182,1.10771E+18,noneBll
0,0,0,0.170154845,0.804609412,0,1,0,0.080345682,-2.313889344,-0.05190521,-0.024856726,1.15309E+18,noneBll
43,-0.4019,0,-0.349480546,-0.324937186,0.5,0.5,0,-0.03957164,1.970867992,0.750958528,0.057468591,1.10429E+18,noneBll
0,0,0,-1.343245663,-0.496764819,0,1,0,0.163728702,-2.313889344,-0.05190521,-0.024856726,1.14E+18,noneBll
9,0.4404,0,0.088924978,0.141399271,1,0,0,0.168546618,0.003062507,0.615857043,0.534762678,1.07994E+18,noneBll
0,0,0,-0.500730597,-0.195023312,0.166666667,0.833333333,0,-0.118058574,-2.313889344,-0.05190521,-0.024856726,1.07161E+18,bullying
0,0,0,0.242270396,0.116253627,1,0,0,0.144260524,-2.313889344,-0.05190521,-0.024856726,1.0977E+18,noneBll
6,0,0,-0.76580933,-0.101094819,0,1,0,0.030060619,-0.329966624,0.477945208,-2.151833528,1.16297E+18,noneBll
0,0,0,-0.977311315,-1.083281878,0,1,0,-0.03300174,-2.313889344,-0.05190521,-0.024856726,1.1202E+18,bullying
0,0,0,0.183628089,0.75859347,0.857142857,0.142857143,0,0.242643565,-2.313889344,-0.05190521,-0.024856726,1.06432E+18,bullying
16,-0.1531,0,-0.065849099,0.234955593,0.285714286,0.714285714,0,0.11296232,1.651875378,-0.441127914,0.321411031,1.00153E+18,noneBll
0,0,0,-0.871344832,-0.501077985,0,1,0,0.007906922,-2.313889344,-0.05190521,-0.024856726,1.14887E+18,noneBll
53,0.1779,0,-0.291316952,0.283754078,0.285714286,0.714285714,0,-0.033359118,1.696004546,-0.245382434,0.822274721,1.08893E+18,noneBll
20,0,0.2,0.070469193,-0.034479813,1,0,0,0.10134746,2.908312713,-0.496260599,0.302514065,1.0122E+18,noneBll
50,0.7964,0,0.413850666,0.3838698,1,0,0,0.28050511,3.177884937,-1.067400567,0.495889156,1.14954E+18,bullying
0,0,0,-1.101781308,-0.539094406,0.142857143,0.857142857,0,0.464993458,-2.313889344,-0.05190521,-0.024856726,1.11328E+18,noneBll
0,0,0,-0.592450683,0.010018829,0,1,0,0.061250341,-2.313889344,-0.05190521,-0.024856726,1.13937E+18,noneBll
83,0.4592,0,0.289024699,0.088830808,1,0,0,0.273211385,2.853785588,-0.577902313,-0.462349168,1.09009E+18,noneBll
0,0,0,0.521849228,0.314218672,1,0,0,-0.029401062,-2.313889344,-0.05190521,-0.024856726,1.08545E+18,bullying
0,0,0,0.038122542,0.494480511,0.571428571,0.428571429,0,0.152792185,-2.313889344,-0.05190521,-0.024856726,1.11866E+18,bullying
53,0,0,0.240792251,0.069348196,1,0,0,0.335056252,3.02856976,-0.332990608,-1.101083425,1.15358E+18,noneBll
82,0,0,0.626974514,0.721236772,1,0,0,0.09106986,3.021632158,0.289442002,-0.446773083,1.00419E+18,bullying
86,0.3252,0,-0.295809723,0.511605579,0.857142857,0.142857143,0,0.082883005,3.202014961,0.491957785,0.167494388,1.15388E+18,bullying
5,0,0,-0.521183924,0.684487919,0.428571429,0.571428571,0,0.087815785,2.187776797,2.128516762,1.125627496,9.948E+17,bullying
20,0.2263,0,0.143586019,0.340606325,0.857142857,0.142857143,0,0.198492059,3.483065256,-1.291344438,0.067433939,9.34257E+17,bullying
9,0,0,0.749294491,0.496241299,1,0,0,0.214104831,2.674285065,-0.310434529,1.352620662,1.1118E+18,noneBll
0,0,0,0.410843738,0.537059196,0.857142857,0.142857143,0,0.470443495,-2.313889344,-0.05190521,-0.024856726,1.14414E+18,noneBll
0,0,0,0.119070316,-0.618112546,0.285714286,0.714285714,0,0.398465072,-2.313889344,-0.05190521,-0.024856726,1.13566E+18,bullying
23,0,0,-0.314460251,0.496195712,0.5,0.5,0,0.465188688,2.900781377,-0.168494251,0.61354366,1.11147E+18,bullying
0,0,0,0.077832507,0.511686321,0.666666667,0.333333333,0,-0.084027399,-2.313889344,-0.05190521,-0.024856726,1.0351E+18,bullying
36,-0.1987,0.125,-0.186059402,0.237529138,0.857142857,0.142857143,0,0.147668289,2.508433544,-0.762212304,0.375878504,1.06631E+18,bullying
14,0,0,0.297484638,0.591068294,0,1,0,-0.146871721,3.763366377,-0.06792838,-0.131922433,1.1318E+18,noneBll
102,-0.7845,0.181818182,-0.121253258,0.045510921,0.857142857,0.142857143,0,0.113534314,3.021131865,-0.025499507,0.383317839,1.07645E+18,noneBll
65,-0.357,0,0.37254334,0.201215531,1,0,0,0.465050621,3.123956039,-0.12788538,0.690122648,1.15463E+18,noneBll
0,0,0,-1.030718742,-0.318340588,0,1,0,-0.056533371,-2.313889344,-0.05190521,-0.024856726,1.05824E+18,noneBll
80,0.4404,0,-0.044138645,0.702058477,1,0,0,-0.086210945,1.665077815,0.187298639,-0.104782508,1.01732E+18,noneBll
14,0.34,0,0.093902626,0.924260298,1,0,0,0.278089651,3.172318586,-0.392740179,-0.302446817,1.04552E+18,noneBll
0,0,0,-0.777388592,-0.093668712,0.285714286,0.714285714,0,0.157036364,-2.313889344,-0.05190521,-0.024856726,1.13957E+18,noneBll
54,0.1531,0,0.485384055,0.757159052,1,0,0,0.228834227,2.711850883,-0.426961865,-0.374225494,1.11028E+18,bullying
101,0.5719,0,0.541345881,0.033547081,0.714285714,0.285714286,0,0.096002058,3.176932961,-0.032162301,-0.181328832,1.04002E+18,bullying
20,0,0,0.769509443,0.883169228,1,0,0,0.274801691,-2.313889344,-0.05190521,-0.024856726,9.95662E+17,noneBll
0,0,0,0.102994397,0.277366825,0,1,0,0.45526845,-2.313889344,-0.05190521,-0.024856726,1.1611E+18,noneBll
0,0,0,-1.162237388,-0.265088175,0,1,0,-0.138029039,-2.313889344,-0.05190521,-0.024856726,1.10888E+18,noneBll
115,0,0.04,-0.003129005,0.232944455,0.857142857,0.142857143,0,0.041762622,3.075733242,0.235663865,0.202757841,1.10823E+18,bullying
0,0,0,0.173930856,0.654940324,1,0,0,-0.016468394,-2.313889344,-0.05190521,-0.024856726,1.12537E+18,noneBll
76,0.128,0,0.192904431,0.504762258,1,0,0,0.227794557,2.994605718,-0.62139349,-0.319450032,1.07337E+18,noneBll
0,0,0,-0.600812521,-0.708776711,0,1,0,0.46716915,-2.313889344,-0.05190521,-0.024856726,1.17229E+18,noneBll
59,0,0,0.432979258,0.234205716,1,0,0,0.303050601,1.71520416,0.687767824,0.33509254,1.05313E+18,bullying
0,0,0,0.056666051,-0.083864413,0.571428571,0.428571429,0,0.191366956,-2.313889344,-0.05190521,-0.024856726,9.99836E+17,noneBll
22,0,0.2,0.264154251,0.355457358,0.5,0.5,0,0.007653641,2.484362259,0.400463259,-0.799071486,1.15381E+18,bullying
0,0,0,-0.001669656,0.46821726,1,0,0,0.119429665,-2.313889344,-0.05190521,-0.024856726,1.04721E+18,noneBll
0,0,0,-0.494187441,0.183733953,0,1,0,-0.171460873,-2.313889344,-0.05190521,-0.024856726,1.12788E+18,noneBll
20,0,0,-0.828078589,-0.721515815,0,1,0,0.465300671,3.86417315,-0.534047374,-0.600287267,1.17967E+18,noneBll
0,0,0,-0.491478327,-0.300296984,0.142857143,0.857142857,0,0.472230146,-2.313889344,-0.05190521,-0.024856726,1.17414E+18,noneBll
0,0,0,-1.187744119,-0.244691673,0,1,0,-0.05344047,-2.313889344,-0.05190521,-0.024856726,1.17553E+18,noneBll
62,-0.296,0,-0.12156965,0.211669828,0.142857143,0.857142857,0,0.008212047,2.80226633,0.12297919,-0.042094188,1.09544E+18,noneBll
101,0.7682,0.045454545,0.635562398,0.412934436,1,0,0,0.248339405,3.324430269,-0.187404453,0.185966171,1.04983E+18,bullying
0,0,0,-0.907515913,-0.6106823,0,1,0,0.016158524,-2.313889344,-0.05190521,-0.024856726,1.14677E+18,noneBll
0,0,0,0.311401016,1.044014643,1,0,0,0.042063015,-2.313889344,-0.05190521,-0.024856726,1.08671E+18,noneBll
23,0,0,0.677076889,0.552069323,1,0,0,0.193521272,1.960040994,0.194333215,0.441840821,9.86468E+17,noneBll
80,0.6597,0,0.276883865,-0.180949467,1,0,0,0.195142112,3.315243064,0.482708463,0.077979053,1.10248E+18,noneBll
15,0,0,-0.999721816,0.111420902,0,1,0,-0.179823524,0.699034459,-0.065391544,0.245461887,1.08824E+18,noneBll
39,0,0,0.139086598,0.527058534,1,0,0,0.115242281,3.34083866,0.664322518,-0.934691273,1.08754E+18,noneBll
51,0,0,0.436701921,0.342896156,1,0,0,0.105857945,3.349233574,-0.205158752,-0.243847454,1.11833E+18,noneBll
0,0,0,0.669461866,0.76945092,1,0,0,0.174768449,-2.313889344,-0.05190521,-0.024856726,1.01797E+18,bullying
27,-0.5719,0,0.221100076,0.282056669,1,0,0,0.142444482,2.697288757,0.345452534,0.265940902,1.10578E+18,bullying
0,0,0,-0.33330441,0.059545639,0,1,0,-0.093098386,-2.313889344,-0.05190521,-0.024856726,1.17595E+18,noneBll
0,0,0,-0.143524315,0.614932988,0,1,0,0.059852553,-2.313889344,-0.05190521,-0.024856726,1.02166E+18,noneBll
5,0,0,0.452811748,0.430692995,0.571428571,0.428571429,0,0.258889323,-0.417137338,2.344290881,1.667379819,1.14694E+18,noneBll
0,0,0,-0.461725716,-0.067023202,0.142857143,0.857142857,0,0.104342598,-2.313889344,-0.05190521,-0.024856726,1.15029E+18,noneBll
7,0,0,0.483952123,0.738803104,1,0,0,0.132335828,-0.210662766,-0.115001117,-0.82768618,1.08817E+18,bullying
28,0,0,0.396192168,0.377608208,0.857142857,0.142857143,0,0.059444068,2.356110117,0.018709621,0.026195938,1.17379E+18,noneBll
72,0,0,0.105984584,-0.079686957,0.714285714,0.285714286,0,0.051988658,3.240688094,-0.007073046,0.111719133,1.13934E+18,noneBll
0,0,0,0.006791661,0.924845028,0,1,0,-0.122647878,-2.313889344,-0.05190521,-0.024856726,1.12382E+18,noneBll
42,-0.7741,0,0.331673274,0.705429497,1,0,0,0.46505566,3.579864538,-0.355866903,-0.379863849,1.1001E+18,noneBll
16,-0.296,0.25,0.397895831,0.594212089,0.714285714,0.285714286,0,0.463175695,2.625423976,-0.568934419,-0.067811606,1.01394E+18,bullying
13,0,0,-0.109898047,-0.008027803,1,0,0,0.255405009,-2.313889344,-0.05190521,-0.024856726,1.10765E+18,bullying
0,0,0,0.132554911,0.539969722,1,0,0,0.122318426,-2.313889344,-0.05190521,-0.024856726,9.43257E+17,noneBll
17,0.7269,0,-0.053646325,0.479670495,1,0,0,0.34753453,2.472085061,-0.649498858,0.845168252,1.01451E+18,noneBll
118,0,0,0.544376585,0.269463039,1,0,0,0.284272715,3.102219177,0.078807565,-0.196852626,1.16576E+18,bullying
0,0,0,-0.891877074,0.009159223,0,1,0,0.465019191,-2.313889344,-0.05190521,-0.024856726,1.13188E+18,noneBll
148,0.5023,0,0.335244057,0.405298147,1,0,0,0.115136202,3.017550849,0.009080711,0.292497283,1.10283E+18,noneBll
7,0,0,-0.13608228,0.432536842,0.142857143,0.857142857,0,0.120538264,2.920004269,-1.0026076,0.292991704,1.13817E+18,noneBll
0,0,0,-0.202668303,0.235281155,0,1,0,-0.134488693,-2.313889344,-0.05190521,-0.024856726,1.17333E+18,noneBll
8,0.6369,0,0.024194022,0.691575766,0,1,0,-0.015351106,3.899197161,-1.341884219,-0.159147106,1.17714E+18,noneBll
63,0,0,0.296016735,0.281856414,0.857142857,0.142857143,0,0.24167003,2.625165722,0.356115755,0.194671872,1.15015E+18,noneBll
0,0,0,-0.391757424,0.025647531,0.333333333,0.666666667,0,0.465621834,-2.313889344,-0.05190521,-0.024856726,1.12782E+18,noneBll
0,0,0,0.189877456,0.767057214,0,1,0,0.095484138,-2.313889344,-0.05190521,-0.024856726,1.14409E+18,noneBll
46,-0.6597,0,0.173727567,0.445283779,1,0,0,0.322086448,3.141164694,0.030073231,0.138894339,1.15645E+18,noneBll
0,0,0,0.085708596,0.232222433,0.142857143,0.857142857,0,0.466907796,-2.313889344,-0.05190521,-0.024856726,1.16263E+18,noneBll
80,0.296,0,0.413400586,0.312867118,1,0,0,0.338119774,2.630321116,-0.194302978,0.230839313,1.17452E+18,noneBll
0,0,0,0.517996826,0.629055779,1,0,0,0.138793398,-2.313889344,-0.05190521,-0.024856726,1.03647E+18,noneBll
30,0,0,0.194341832,-0.121660288,0.857142857,0.142857143,0,0.179680112,2.983705577,-0.368058954,0.184792065,1.02666E+18,noneBll
0,0,0,-0.718087711,-0.45912367,0,1,0,-0.017799646,-2.313889344,-0.05190521,-0.024856726,1.07457E+18,noneBll
81,-0.25,0.055555556,-0.584857331,0.277660396,1,0,0,0.196821,2.964510848,0.118889968,-0.518170646,1.1678E+18,noneBll
100,-0.7346,0,0.270617798,0.467298102,0.857142857,0.142857143,0,0.005273119,3.070496869,-0.361486613,-0.099335634,1.12367E+18,noneBll
8,0,0,0.437451511,0.548694564,1,0,0,0.194220959,-0.291973101,1.82288683,0.600773535,9.99406E+17,noneBll
30,0,0,-0.281298042,-0.255845974,0.4,0.6,0,0.474901022,2.240341477,-0.002399324,-0.433829121,1.06475E+18,bullying
24,0,0,0.281415224,-0.01660832,1,0,0,0.246302534,1.535885769,1.332242165,0.5705466,1.06771E+18,noneBll
0,0,0,-0.763047484,0.001112565,0,1,0,-0.044254991,-2.313889344,-0.05190521,-0.024856726,1.16951E+18,noneBll
33,0,0,0.436145142,0.474849117,1,0,0,0.344393314,-2.313889344,-0.05190521,-0.024856726,1.07616E+18,bullying
0,0,0,-0.61176359,-0.197696823,0,1,0,-0.041600341,-2.313889344,-0.05190521,-0.024856726,1.10558E+18,noneBll
0,0,0,-1.199125407,0.46251276,0,1,0,-0.035092623,-2.313889344,-0.05190521,-0.024856726,1.06833E+18,noneBll
0,0,0,0.48030171,0.279561439,1,0,0,0.094405232,-2.313889344,-0.05190521,-0.024856726,1.14433E+18,noneBll
25,0.5719,0,0.241259882,0.537100908,1,0,0,0.17834203,3.565594504,-0.391770814,-0.395996689,1.15543E+18,noneBll
0,0,0,-0.887016753,-0.159923496,0,1,0,0.010884895,-2.313889344,-0.05190521,-0.024856726,1.17818E+18,noneBll
52,-0.3818,0,0.64045856,0.487226785,1,0,0,0.319770192,2.41063212,0.055601321,0.411437966,1.08767E+18,bullying
0,0,0,-0.078741528,0.125919517,0.285714286,0.714285714,0,0.133567912,-2.313889344,-0.05190521,-0.024856726,1.04418E+18,noneBll
0,0,0,-0.901236759,0.081676193,0,1,0,-0.05211515,-2.313889344,-0.05190521,-0.024856726,1.12448E+18,noneBll
0,0,0,-0.260923656,1.279671301,0,1,0,0.001000041,-2.313889344,-0.05190521,-0.024856726,1.09662E+18,noneBll
50,0,0,0.241110551,0.523734064,1,0,0,0.053087959,3.397861988,-0.082213603,-0.293026048,1.07418E+18,noneBll
0,0,0,0.518067236,0.185472724,1,0,0,0.090978942,-2.313889344,-0.05190521,-0.024856726,1.13475E+18,noneBll
0,0,0,0.212002673,0.524610743,0,1,0,0.471707401,-2.313889344,-0.05190521,-0.024856726,1.12348E+18,noneBll
81,-0.4693,0.0625,0.521043578,0.146148796,1,0,0,0.264404028,2.65243076,-0.156123937,0.190890208,1.0564E+18,bullying
12,0,0,-0.242052124,0.050376978,0.714285714,0.285714286,0,0.122559782,1.628686476,1.009466645,-0.291628035,1.08928E+18,noneBll
71,-0.1027,0,0.455819982,0.814792244,1,0,0,0.211473842,2.53454586,-0.317522977,0.399096916,1.0376E+18,noneBll
0,0,0,-0.57753679,0.152513744,0,1,0,-0.107965276,-2.313889344,-0.05190521,-0.024856726,1.18146E+18,noneBll
0,0,0,-0.178932148,0.634044852,1,0,0,0.273497501,-2.313889344,-0.05190521,-0.024856726,1.0734E+18,bullying
0,0,0,0.288460045,0.472695887,0,1,0,-0.072751733,-2.313889344,-0.05190521,-0.024856726,1.14885E+18,bullying
23,0,0,0.242890373,0.435363017,1,0,0,0.144931626,3.801582981,0.007702528,0.016850938,1.09657E+18,noneBll
41,0.6124,0,-0.059237747,0.317041437,0.571428571,0.428571429,0,0.160663302,1.938713026,0.685024028,-0.142672713,9.90363E+17,noneBll
0,0,0,-0.434962399,0.345417449,0,1,0,-0.067339467,-2.313889344,-0.05190521,-0.024856726,1.01079E+18,noneBll
0,0,0,-0.475895418,-0.227259625,0,1,0,0.466574128,-2.313889344,-0.05190521,-0.024856726,1.18073E+18,noneBll
55,0,0,0.154030553,1.048024153,1,0,0,0.130760374,3.464124342,0.003266537,0.03072297,1.04891E+18,noneBll
14,0,0,-0.900467124,-0.818212149,0,1,0,0.464989602,2.711605451,-0.207880942,1.721464912,1.16732E+18,noneBll
80,0.3182,0.0625,-0.107016613,0.680173179,0,1,0,0.118618862,3.408633202,-0.353288891,0.786618847,1.09574E+18,bullying
9,0,0,1.120175753,0.489002362,0.333333333,0.666666667,0,0.1069687,1.115971794,2.057237661,-0.400694039,1.10924E+18,bullying
13,0.5719,0,-0.034105994,-0.394720587,1,0,0,0.07470006,3.577653103,-1.051146395,-0.083008233,1.05387E+18,noneBll
0,0,0,-1.071883683,-0.712979391,0.285714286,0.714285714,0,0.465292204,-2.313889344,-0.05190521,-0.024856726,1.03401E+18,noneBll
0,0,0,0.572944927,0.32093134,0.857142857,0.142857143,0,0.248700988,-2.313889344,-0.05190521,-0.024856726,1.00925E+18,noneBll
18,0.2732,0,0.145354599,0.349490877,1,0,0,0.146009924,2.807990356,-0.821057427,0.179416024,1.17201E+18,noneBll
0,0,0,1.543323167,-0.029214924,0.166666667,0.833333333,0,0.465016742,-2.313889344,-0.05190521,-0.024856726,1.13948E+18,noneBll
0,0,0,-0.092085353,0.228899413,0.285714286,0.714285714,0,0.125567057,-2.313889344,-0.05190521,-0.024856726,1.09121E+18,noneBll
22,0.2023,0,0.074780204,0.308199636,0.428571429,0.571428571,0,0.471870111,2.200162147,-0.79680202,0.438193177,1.12125E+18,noneBll
0,0,0,0.019920281,0.155655151,0.666666667,0.333333333,0,0.036545801,-2.313889344,-0.05190521,-0.024856726,1.09035E+18,noneBll
9,-0.4939,0,-0.317816951,0.293635014,0.714285714,0.285714286,0,0.262784467,0.689722209,-0.092682394,0.589975044,1.03355E+18,noneBll
0,0,0,0.070610575,0.711528372,0.714285714,0.285714286,0,-0.07842647,-2.313889344,-0.05190521,-0.024856726,1.03433E+18,noneBll
19,0,0,0.578468164,0.072933603,0.5,0.5,0,0.467654369,2.866523806,1.494517834,-0.480798909,1.06809E+18,bullying
0,0,0,0.384776328,0.962891057,0.285714286,0.714285714,0,-0.001993213,-2.313889344,-0.05190521,-0.024856726,1.13782E+18,noneBll
0,0,0,0.024418688,0.175148045,1,0,0,0.280695481,-2.313889344,-0.05190521,-0.024856726,1.131E+18,noneBll
0,0,0,-0.583772771,-0.247272005,0,1,0,-0.001273565,-2.313889344,-0.05190521,-0.024856726,1.09599E+18,noneBll
0,0,0,-1.026305123,0.125254223,0,1,0,0.465002213,-2.313889344,-0.05190521,-0.024856726,1.17647E+18,noneBll
0,0,0,0.333999684,0.383550385,0.333333333,0.666666667,0,0.465685287,-2.313889344,-0.05190521,-0.024856726,1.11163E+18,noneBll
14,0.5267,0,0.897567596,0.851608467,0.857142857,0.142857143,0,0.188489143,-2.313889344,-0.05190521,-0.024856726,1.16135E+18,noneBll
0,0,0,-0.288639462,-0.376955836,0.166666667,0.833333333,0,0.088798377,-2.313889344,-0.05190521,-0.024856726,1.17893E+18,noneBll
70,0,0,0.365961604,0.237196925,1,0,0,0.26290732,3.083402878,0.872235876,-0.000989797,1.08281E+18,noneBll
55,0,0,0.576063391,0.38096485,1,0,0,0.347833983,3.513864514,-0.216507367,0.352970246,1.08064E+18,noneBll
91,0.1508,0,0.625044747,0.480370669,1,0,0,0.140134877,2.772693157,-0.026853639,-0.363096944,1.05699E+18,noneBll
0,0,0,0.29152426,0.329356067,0.571428571,0.428571429,0,0.119390853,-2.313889344,-0.05190521,-0.024856726,1.18185E+18,bullying
0,0,0,-0.239995539,0.762121663,0,1,0,-0.149242652,-2.313889344,-0.05190521,-0.024856726,1.11297E+18,noneBll
16,0.1513,0,-0.098849765,0.663083107,0.285714286,0.714285714,0,0.158850083,3.933192589,-0.475403496,-0.54733535,1.14158E+18,noneBll
0,0,0,-0.798479406,-0.548666128,0,1,0,-0.066084905,-2.313889344,-0.05190521,-0.024856726,1.16127E+18,noneBll
82,0.4019,0.076923077,0.42477751,0.471112388,1,0,0,-0.010004266,1.60835933,0.636356562,0.509017658,1.17312E+18,noneBll
0,0,0,0.255932772,0.221847881,0.428571429,0.571428571,0,0.071700315,-2.313889344,-0.05190521,-0.024856726,1.18064E+18,noneBll
66,0,0,0.392224013,-0.046522988,1,0,0,0.178152274,2.937241336,0.19250445,0.53503841,1.03864E+18,bullying
17,0,0,0.091382233,0.249744405,1,0,0,0.313004242,4.041293597,0.633527726,-0.115575213,1.16429E+18,noneBll
0,0,0,-1.159602926,0.0354878,0,1,0,-0.110550829,-2.313889344,-0.05190521,-0.024856726,1.09843E+18,noneBll
0,0,0,-0.357789136,0.156286257,0.285714286,0.714285714,0,0.010392135,-2.313889344,-0.05190521,-0.024856726,1.14908E+18,noneBll
78,0.0772,0,-0.019291016,0.270203991,1,0,0,-0.037225507,3.059191578,0.28307284,-0.073639846,1.16137E+18,noneBll
0,0,0,-0.94676054,-0.109402022,0,1,0,-0.105506573,-2.313889344,-0.05190521,-0.024856726,1.0698E+18,noneBll
0,0,0,-1.086916904,0.088960452,0,1,0,-0.075758065,-2.313889344,-0.05190521,-0.024856726,1.14771E+18,bullying
18,0,0,0.48336213,0.24009995,0.571428571,0.428571429,0,0.231888197,3.016382495,-0.111136508,-0.199969066,1.16905E+18,noneBll
0,0,0,0.034228195,0.042888094,0,1,0,-0.042923025,-2.313889344,-0.05190521,-0.024856726,1.00404E+18,noneBll
0,0,0,0.601982798,0.549861248,0.166666667,0.833333333,0,0.474497173,-2.313889344,-0.05190521,-0.024856726,1.16176E+18,noneBll
73,0.8359,0,0.099932853,0.42265176,0.833333333,0.166666667,0,0.154371105,3.283554293,-0.317626088,0.280843818,1.16217E+18,noneBll
0,0,0,0.059930701,0.352208628,0,1,0,-0.04642462,-2.313889344,-0.05190521,-0.024856726,1.1528E+18,bullying
0,0,0,-0.443830332,-0.218572534,0.142857143,0.857142857,0,-0.13677345,-2.313889344,-0.05190521,-0.024856726,1.17642E+18,noneBll
0,0,0,-0.056420933,0.779335515,0,1,0,0.049135948,-2.313889344,-0.05190521,-0.024856726,1.06357E+18,noneBll
39,-0.5106,0.222222222,0.137089554,0.688526405,0.428571429,0.571428571,0,0.144746631,2.978020305,-0.581077517,0.491320856,1.11906E+18,bullying
60,0.4019,0,0.702303267,0.814248445,1,0,0,0.220067232,3.401490108,-0.327596072,-0.117778955,1.05385E+18,noneBll
0,0,0,0.040282893,0.453530985,0,1,0,0.000497746,-2.313889344,-0.05190521,-0.024856726,1.027E+18,noneBll
0,0,0,0.306570094,-0.028092538,0,1,0,-0.011720115,-2.313889344,-0.05190521,-0.024856726,1.17056E+18,noneBll
0,0,0,-0.567321022,0.069984545,0,1,0,0.466148809,-2.313889344,-0.05190521,-0.024856726,1.17493E+18,noneBll
0,0,0,-0.445065534,-0.027764312,0.428571429,0.571428571,0,0.300710791,-2.313889344,-0.05190521,-0.024856726,1.12022E+18,noneBll
21,0.2023,0,-0.830137316,-0.595013708,0,1,0,-0.025523781,2.486483422,1.478879584,-0.077289898,1.1593E+18,noneBll
0,0,0,-0.524499118,-0.588668147,0,1,0,-0.023065417,-2.313889344,-0.05190521,-0.024856726,1.09447E+18,bullying
0,0,0,0.181688409,0.559252315,1,0,0,0.132646168,-2.313889344,-0.05190521,-0.024856726,1.12098E+18,noneBll
0,0,0,-0.785810764,0.087115049,0,1,0,0.224408028,-2.313889344,-0.05190521,-0.024856726,1.12382E+18,noneBll
0,0,0,-0.97972178,-0.551032325,0,1,0,0.011499538,-2.313889344,-0.05190521,-0.024856726,1.05357E+18,noneBll
0,0,0,0.324477975,0.773703367,0,1,0,-0.004435251,-2.313889344,-0.05190521,-0.024856726,1.12671E+18,noneBll
0,0,0,-0.099572978,0.18992218,0.285714286,0.714285714,0,0.128815618,-2.313889344,-0.05190521,-0.024856726,1.11834E+18,bullying
55,-0.5574,0,0.576053164,0.308733105,1,0,0,0.054295376,3.284773176,0.290173839,-0.433152447,1.10592E+18,noneBll
108,-0.7992,0.043478261,0.400620872,0.28716849,1,0,0,0.222914731,3.246267233,-0.199102341,0.15624913,1.14891E+18,noneBll
21,0,0,0.402616628,0.400857751,1,0,0,0.080004657,3.543404402,-0.419661966,-0.40379702,1.11514E+18,noneBll
45,0.2924,0,1.231004047,0.177598606,0.285714286,0.714285714,0,0.035639822,2.277206382,0.041106769,-0.569609738,1.15396E+18,noneBll
0,0,0,-0.717913172,-0.339428239,0,1,0,0.464989364,-2.313889344,-0.05190521,-0.024856726,1.16574E+18,noneBll
65,-0.7506,0.083333333,0.365555409,0.256138995,0.714285714,0.285714286,0,0.314862877,2.972044742,0.334214706,0.157396392,1.05957E+18,bullying
56,0,0,-0.169006254,0.122700128,0.571428571,0.428571429,0,0.088310242,3.26003416,-0.134251474,0.248045318,1.05112E+18,noneBll
92,-0.5423,0.071428571,0.486982586,0.473918074,1,0,0,0.163356242,2.477670993,0.220817843,0.452000893,1.03755E+18,noneBll
0,0,0,0.059930701,0.352208628,0,1,0,-0.04642462,-2.313889344,-0.05190521,-0.024856726,1.1528E+18,bullying
30,0,0,-0.413347882,0.120687343,0,1,0,0.091634529,3.473430508,-0.158707156,-0.439544456,1.17335E+18,noneBll
118,-0.631,0,0.640561623,0.186673551,0.857142857,0.142857143,0,0.113181133,3.55862802,-0.62602434,-0.221406582,1.15641E+18,bullying
24,0,0,-0.208295555,0.327720557,0.166666667,0.833333333,0,0.464990354,3.022861824,-0.402629372,0.075136453,1.1354E+18,noneBll
0,0,0,-0.549262215,-0.22132937,0,1,0,-0.053707421,-2.313889344,-0.05190521,-0.024856726,1.11882E+18,bullying
0,0,0,-0.422501167,-0.151711419,0,1,0,-0.064346609,-2.313889344,-0.05190521,-0.024856726,1.03756E+18,noneBll
0,0,0,-0.594307069,-0.08438892,0,1,0,0.102034032,-2.313889344,-0.05190521,-0.024856726,1.10573E+18,bullying
13,0.4019,0,0.292369137,0.401064841,1,0,0,0.126305688,3.562358853,-0.922938329,-0.662722401,1.06617E+18,bullying
0,0,0,0.065552862,0.41916386,0.75,0.25,0,0.065344292,-2.313889344,-0.05190521,-0.024856726,1.0585E+18,noneBll
38,0,0,-0.143938507,1.386071255,1,0,0,0.240426811,3.157463689,0.910299652,-0.206470859,1.13209E+18,bullying
0,0,0,-1.095965878,-1.083505399,0,1,0,0.207597169,-2.313889344,-0.05190521,-0.024856726,1.0654E+18,noneBll
0,0,0,-0.948221193,0.33398071,0,1,0,0.068359407,-2.313889344,-0.05190521,-0.024856726,1.08166E+18,bullying
0,0,0,0.400938054,1.151439041,0.857142857,0.142857143,0,-0.033423219,-2.313889344,-0.05190521,-0.024856726,1.14509E+18,noneBll
24,0,0,0.475176602,0.786716675,0.857142857,0.142857143,0,0.033147658,1.73454434,0.696747505,0.410332587,1.14189E+18,noneBll
0,0,0,0.023960097,0.620837631,0,1,0,0.110078585,-2.313889344,-0.05190521,-0.024856726,1.05216E+18,noneBll
0,0,0,-0.698651281,-0.286147874,0,1,0,-0.026669049,-2.313889344,-0.05190521,-0.024856726,1.15922E+18,noneBll
0,0,0,0.005196157,0.099689916,0.714285714,0.285714286,0,0.294225596,-2.313889344,-0.05190521,-0.024856726,1.16409E+18,noneBll
34,0,0,0.034565892,0.630164743,1,0,0,0.164394699,3.040837853,-0.284068364,0.257178014,1.07521E+18,noneBll
108,-0.7992,0.043478261,0.400620872,0.28716849,1,0,0,0.222914731,3.246267233,-0.199102341,0.15624913,1.14891E+18,noneBll
118,0.6486,0,0.179199364,0.211285202,1,0,0,0.10030708,2.937090053,0.638038882,-0.230669047,1.02558E+18,noneBll
37,0,0,0.391671243,0.208969907,1,0,0,0.204961694,3.044194214,-0.486625601,-0.941897883,1.08715E+18,noneBll
0,0,0,0.086922911,0.510963254,0,1,0,0.039967649,-2.313889344,-0.05190521,-0.024856726,1.15745E+18,noneBll
47,0,0,0.412115495,0.157113819,1,0,0,0.32531638,3.307647625,-0.533345462,0.258138225,1.15921E+18,noneBll
28,0,0,0.026774141,0.569963173,0.5,0.5,0,0.294703606,3.278211006,0.173193839,-0.095501728,1.03029E+18,noneBll
134,-0.6179,0.068965517,0.40385779,0.263597955,1,0,0,0.206289549,2.952949635,-0.307975168,0.032214379,1.11657E+18,bullying
15,0,0,0.467168754,0.600563726,0.714285714,0.285714286,0,0.417462471,2.864624629,-0.098458855,0.082456367,1.10999E+18,noneBll
0,0,0,0.514148839,-0.050275505,1,0,0,-0.01101632,-2.313889344,-0.05190521,-0.024856726,1.0902E+18,bullying
8,0,0,-0.805439268,0.075981691,0,1,0,-0.026712993,-2.313889344,-0.05190521,-0.024856726,1.15502E+18,noneBll
3,0,0,0.896710673,0.232829626,1,0,0,0.324428951,0.466817564,2.219605418,-0.959448445,1.13139E+18,noneBll
49,0,0,0.349988479,0.621552434,1,0,0,0.058105106,2.879325621,0.279295617,-0.220424518,1.09816E+18,noneBll
28,0.25,0,0.843952462,0.778686791,0.6,0.4,0,0.078985576,3.141269384,-0.027722315,-0.654284425,1.09711E+18,bullying
9,0.34,0,0.452901862,1.01970924,1,0,0,0.180145784,2.311857081,0.122049839,0.234722132,1.09342E+18,noneBll
113,0.8316,0,0.74840803,0.301575566,1,0,0,0.224572836,3.412606823,0.596093516,-0.07326783,1.1489E+18,noneBll
35,0,0.142857143,0.594001454,0.311194822,1,0,0,0.232706561,2.934505855,-0.851719281,0.408981016,1.04766E+18,bullying
39,0,0,0.487966193,0.308238369,0.857142857,0.142857143,0,0.298425783,2.622444257,0.237215382,0.611717451,1.06336E+18,noneBll
67,0.6983,0,-0.087222233,0.679398889,0,1,0,0.06573522,3.84010647,-0.645508764,-0.124717163,1.16441E+18,bullying
39,0.296,0,0.10298126,0.504513439,1,0,0,0.471978172,2.928663308,-0.540341733,0.1831011,1.10103E+18,noneBll
0,0,0,0.635895651,0.134810947,0,1,0,0.360684473,-2.313889344,-0.05190521,-0.024856726,1.0014E+18,noneBll
0,0,0,-0.014584787,0.533760214,0.857142857,0.142857143,0,0.258984936,-2.313889344,-0.05190521,-0.024856726,1.13644E+18,noneBll
43,0,0,0.066933319,0.555974758,0.714285714,0.285714286,0,0.094836687,2.781483211,0.624019202,-0.397790122,1.11675E+18,noneBll
0,0,0,0.10683692,1.38161749,0,1,0,0.465380358,-2.313889344,-0.05190521,-0.024856726,1.09663E+18,noneBll
0,0,0,0.269550475,0.526415369,0.142857143,0.857142857,0,0.106433952,-2.313889344,-0.05190521,-0.024856726,1.07933E+18,bullying
56,0.3818,0,-0.007129507,0.899818988,0,1,0,-0.197537404,2.961933316,-0.401980891,-0.334378877,1.1758E+18,noneBll
0,0,0,-0.054420951,1.340378354,0,1,0,-0.028358786,-2.313889344,-0.05190521,-0.024856726,1.16315E+18,noneBll
0,0,0,-0.149895926,-0.183030674,0.333333333,0.666666667,0,0.313131736,-2.313889344,-0.05190521,-0.024856726,1.10767E+18,noneBll
19,0,0,0.425334074,0.179595443,1,0,0,0.326711525,3.725146619,0.307015212,-0.944428068,1.09091E+18,noneBll
36,0.6808,0,-0.04211282,0.375735593,0.833333333,0.166666667,0,0.465617419,2.941081852,-0.045057866,-0.738564668,1.15469E+18,noneBll
16,0,0,0.288000223,0.14682592,0.857142857,0.142857143,0,0.26596605,-2.313889344,-0.05190521,-0.024856726,1.07227E+18,noneBll
166,0.3612,0,0.412517608,0.631908025,0.857142857,0.142857143,0,0.230450601,3.022182466,0.073990671,0.065679605,1.12667E+18,noneBll
0,0,0,-0.716674317,0.497855886,0,1,0,0.472512188,-2.313889344,-0.05190521,-0.024856726,1.15032E+18,noneBll
46,0.4404,0,0.574593525,0.514061707,1,0,0,0.185029602,3.094320638,-0.394444718,0.588419926,1.05831E+18,noneBll
0,0,0,-0.819277441,-0.437216085,0,1,0,0.149986918,-2.313889344,-0.05190521,-0.024856726,1.05999E+18,noneBll
0,0,0,-0.253423814,0.274707026,0.333333333,0.666666667,0,0.088369914,-2.313889344,-0.05190521,-0.024856726,1.15719E+18,noneBll
9,0,0,0.101007772,0.194455893,0,1,0,0.090098347,-2.313889344,-0.05190521,-0.024856726,1.09568E+18,bullying
0,0,0,-0.129653234,0.728223334,0.857142857,0.142857143,0,-0.044389337,-2.313889344,-0.05190521,-0.024856726,9.65523E+17,noneBll
0,0,0,-0.108656699,-0.044356904,0.857142857,0.142857143,0,0.177146728,-2.313889344,-0.05190521,-0.024856726,1.10162E+18,noneBll
98,0,0,-0.4002022,0.208738782,0,1,0,-0.026504933,2.581381568,0.506517768,-0.094105562,1.14631E+18,bullying
0,0,0,-0.5608496,-0.044362785,0,1,0,0.029334906,-2.313889344,-0.05190521,-0.024856726,1.17966E+18,noneBll
0,0,0,-0.272872918,-0.124669902,0,1,0,-0.027683415,-2.313889344,-0.05190521,-0.024856726,1.04637E+18,noneBll
101,-0.6808,0.05,0.580551577,0.589699088,1,0,0,0.320705233,3.459725339,-0.304189684,-0.203803872,1.05573E+18,bullying
7,0,0,0.221320727,0.425820836,1,0,0,0.196502786,-2.313889344,-0.05190521,-0.024856726,1.17524E+18,noneBll
5,0,0,-0.26583858,0.831018403,0,1,0,-0.063175701,-2.313889344,-0.05190521,-0.024856726,1.16258E+18,noneBll
52,0,0,0.605164343,0.342435316,1,0,0,0.450137208,3.093888978,0.010759018,-0.481649509,1.13023E+18,noneBll
36,0,0,-0.017478601,-0.093708729,0.285714286,0.714285714,0,0.465134923,1.649151023,0.391471658,0.019566034,1.16483E+18,noneBll
9,0,0,0.013387624,0.784393734,0.5,0.5,0,0.025968808,-0.324348005,1.263691553,1.26572228,1.14329E+18,noneBll
0,0,0,0.037891552,0.711344613,0.142857143,0.857142857,0,0.017314923,-2.313889344,-0.05190521,-0.024856726,9.81969E+17,noneBll
0,0,0,0.218206947,0.623539423,0,1,0,-0.02262139,-2.313889344,-0.05190521,-0.024856726,9.78943E+17,noneBll
45,-0.6808,0.1,0.728389978,0.272042769,1,0,0,0.0849446,3.062218543,-0.169985671,-0.429859709,1.04048E+18,bullying
100,0.7359,0,1.12757975,0.997973995,1,0,0,0.277951228,3.248260965,-0.506519726,-0.174994728,1.17683E+18,noneBll
0,0,0,-0.424499981,-0.052698195,0,1,0,-0.106083658,-2.313889344,-0.05190521,-0.024856726,1.14599E+18,noneBll
88,0.4767,0,0.373370713,0.063349931,1,0,0,0.251807702,3.049814846,0.419921525,-0.259751245,1.04824E+18,bullying
0,0,0,-0.676805952,0.287003773,0,1,0,0.465056472,-2.313889344,-0.05190521,-0.024856726,1.12521E+18,noneBll
14,0,0,0.064014237,0.881529698,1,0,0,0.119337967,3.892426513,-0.924853273,0.078384872,1.17846E+18,noneBll
0,0,0,0.200261376,0.095520284,0.666666667,0.333333333,0,0.113627869,-2.313889344,-0.05190521,-0.024856726,1.05776E+18,noneBll
16,0.4927,0,0.210639435,0.406380633,0.142857143,0.857142857,0,0.469900765,3.461354571,-0.657343572,0.179670272,1.11686E+18,noneBll
0,0,0,-0.706921469,-0.092788271,0,1,0,0.465013526,-2.313889344,-0.05190521,-0.024856726,1.13905E+18,noneBll
0,0,0,-0.299175073,0.897250607,0.857142857,0.142857143,0,0.078228146,-2.313889344,-0.05190521,-0.024856726,9.74528E+17,noneBll
0,0,0,-1.072452042,-0.535412424,0.285714286,0.714285714,0,-0.011711661,-2.313889344,-0.05190521,-0.024856726,1.0754E+18,noneBll
0,0,0,-0.656898292,0.645143506,0,1,0,-0.108092257,-2.313889344,-0.05190521,-0.024856726,1.15933E+18,noneBll
0,0,0,0.31998241,0.709160932,0,1,0,0.06145045,-2.313889344,-0.05190521,-0.024856726,1.14244E+18,noneBll
0,0,0,0.586969858,0.608623889,1,0,0,0.077018463,-2.313889344,-0.05190521,-0.024856726,1.03399E+18,noneBll
0,0,0,0.131542787,0.294737787,0,1,0,-0.021147497,-2.313889344,-0.05190521,-0.024856726,1.16041E+18,noneBll
70,0.2023,0,0.305953167,0.165473014,1,0,0,0.165320042,1.906709336,1.962442741,0.785099947,9.9409E+17,noneBll
5,0,0,-0.243971444,0.266520624,0.285714286,0.714285714,0,0.126100075,0.155079522,2.093862809,1.005737604,1.14485E+18,noneBll
76,0.4767,0,0.502901858,0.349177427,1,0,0,0.258758824,3.209966108,-0.219834341,-0.200936227,1.05096E+18,noneBll
4,0,0,0.287776263,0.499603411,1,0,0,0.1341839,3.874944898,-0.658160449,0.136854842,1.14666E+18,bullying
0,0,0,-0.050074983,0.250560831,0.857142857,0.142857143,0,0.021355035,-2.313889344,-0.05190521,-0.024856726,1.05379E+18,noneBll
40,0,0,0.136149556,0.722564984,0.142857143,0.857142857,0,-0.079985758,3.541593079,0.241715679,-0.026700115,1.07529E+18,noneBll
0,0,0,-0.235046193,0.530257921,1,0,0,0.136259194,-2.313889344,-0.05190521,-0.024856726,1.02121E+18,noneBll
70,0.5719,0,-0.69387015,-0.133360122,0.166666667,0.833333333,0,-0.008860976,3.045986753,0.534687167,0.156342031,1.01835E+18,noneBll
0,0,0,0.552099102,0.046258467,0.166666667,0.833333333,0,0.017989605,-2.313889344,-0.05190521,-0.024856726,1.17625E+18,noneBll
20,0,0,0.231652614,0.441329589,0.857142857,0.142857143,0,0.160219476,2.337920239,1.030235075,-1.27890008,1.00619E+18,noneBll
76,-0.2263,0.142857143,0.696419802,0.47925453,1,0,0,0.247659873,2.553497944,0.392099035,0.303147288,1.12198E+18,bullying
103,0,0,0.65301557,0.63240817,1,0,0,0.350326279,3.398903162,-0.472110903,-0.142738583,1.13782E+18,noneBll
0,0,0,-0.454810393,-0.177356065,0.428571429,0.571428571,0,-0.089508113,-2.313889344,-0.05190521,-0.024856726,1.09336E+18,noneBll
0,0,0,-0.070977452,0.474542837,0,1,0,-0.125361385,-2.313889344,-0.05190521,-0.024856726,1.07264E+18,noneBll
68,0,0,0.308953966,0.313947725,0.857142857,0.142857143,0,-0.054236202,3.115606338,0.317720461,0.362722876,1.10718E+18,noneBll
0,0,0,-0.22637254,0.925546917,0,1,0,-0.063950436,-2.313889344,-0.05190521,-0.024856726,1.16905E+18,noneBll
0,0,0,0.119158308,0.738979463,0,1,0,-0.03606227,-2.313889344,-0.05190521,-0.024856726,1.12597E+18,noneBll
23,0,0,0.014628658,0.126929758,0.285714286,0.714285714,0,0.132880808,2.952486994,-0.075905511,0.220842608,1.14076E+18,noneBll
56,0.25,0,0.363673708,0.645307266,1,0,0,0.129411973,2.892244446,-0.623732462,0.455155152,1.12096E+18,bullying
0,0,0,-0.083440338,0.353805975,0,1,0,-0.102780107,-2.313889344,-0.05190521,-0.024856726,1.12312E+18,noneBll
62,-0.4777,0,0.18835577,0.357086892,1,0,0,0.22616159,3.262167634,-0.420801507,-0.021785335,1.08762E+18,bullying
63,0.4767,0,0.39967802,0.793752661,1,0,0,0.143800922,3.155881585,-0.39531332,-0.595040472,1.05828E+18,noneBll
30,0.0772,0,0.24360248,0.940732141,0.8,0.2,0,0.206090838,3.475277066,-0.462748601,-0.532021153,1.04626E+18,bullying
0,0,0,0.133864164,0.49936383,1,0,0,0.069675119,-2.313889344,-0.05190521,-0.024856726,9.45804E+17,noneBll
15,0,0,0.786429738,0.307720786,1,0,0,0.242032094,3.441292081,0.130882267,0.057622386,1.10853E+18,bullying
0,0,0,0.035637294,0.338599146,0.714285714,0.285714286,0,0.053192575,-2.313889344,-0.05190521,-0.024856726,9.87238E+17,noneBll
8,0,0,0.111907046,-0.029659736,0.428571429,0.571428571,0,0.011371313,1.265999699,-0.868571583,2.643487992,1.12814E+18,noneBll
0,0,0,-0.433845276,-0.484837238,0,1,0,-0.032891862,-2.313889344,-0.05190521,-0.024856726,1.02808E+18,noneBll
36,-0.5106,0.142857143,0.066097357,0.671762863,1,0,0,-0.042320779,2.875163166,0.139910227,-0.056403886,1.14919E+18,bullying
0,0,0,0.240599775,1.108256901,1,0,0,0.15368739,-2.313889344,-0.05190521,-0.024856726,1.05324E+18,noneBll
0,0,0,-0.468525001,-0.907407172,0.285714286,0.714285714,0,0.145270423,-2.313889344,-0.05190521,-0.024856726,1.17126E+18,noneBll
41,0.5719,0,0.279245691,0.513572735,0.142857143,0.857142857,0,0.114284992,2.631553238,0.147506887,-0.610106642,1.16772E+18,noneBll
42,0.2937,0,0.231327756,-0.038844467,1,0,0,0.308022778,3.183158839,-0.634143634,0.16336728,1.03758E+18,noneBll
16,-0.296,0,-0.473820131,-0.013182856,0,1,0,-0.192072731,-1.036492408,-0.358478028,-0.895251831,1.15022E+18,noneBll
9,0,0,0.111695331,1.034117474,1,0,0,0.133287646,-1.235526554,0.772739004,-0.10554189,1.14091E+18,bullying
0,0,0,-0.066644195,0.126906824,0.5,0.5,0,0.318788301,-2.313889344,-0.05190521,-0.024856726,1.08177E+18,noneBll
16,0,0,0.427541962,0.189537988,1,0,0,0.246573286,-2.313889344,-0.05190521,-0.024856726,1.12116E+18,noneBll
0,0,0,0.327105355,0.25061725,0.857142857,0.142857143,0,0.034604993,-2.313889344,-0.05190521,-0.024856726,1.03895E+18,noneBll
20,0,0,-0.160186882,0.30999651,0.75,0.25,0,0.119138309,1.836079227,-1.512271657,-0.136555238,1.14709E+18,noneBll
45,0,0,-0.02240293,-0.244755047,1,0,0,0.080885788,2.273485411,0.976066963,0.392679169,1.0263E+18,noneBll
0,0,0,-1.060874353,-0.748514554,0,1,0,-0.068260844,-2.313889344,-0.05190521,-0.024856726,1.05234E+18,noneBll
90,0.4019,0,0.5456168,0.42781543,1,0,0,0.062951812,3.016382677,-0.269471145,-0.59969966,1.06648E+18,noneBll
43,0,0,0.192839834,0.420025226,0.714285714,0.285714286,0,0.268544616,3.664557778,-0.209766501,0.385755742,1.15175E+18,noneBll
0,0,0,0.381334687,0.227168535,0.857142857,0.142857143,0,0.464990257,-2.313889344,-0.05190521,-0.024856726,1.09221E+18,noneBll
0,0,0,0.163104626,0.166094514,0,1,0,-0.018186983,-2.313889344,-0.05190521,-0.024856726,1.11046E+18,noneBll
0,0,0,-0.144104153,0.404341352,0.285714286,0.714285714,0,0.057448291,-2.313889344,-0.05190521,-0.024856726,1.15952E+18,noneBll
0,0,0,-0.405026695,-0.685696218,0,1,0,0.060061899,-2.313889344,-0.05190521,-0.024856726,1.14976E+18,noneBll
0,0,0,-0.055628226,-0.188140984,0.285714286,0.714285714,0,0.154564215,-2.313889344,-0.05190521,-0.024856726,1.05557E+18,noneBll
0,0,0,-0.241541453,1.184819368,0,1,0,-0.194480805,-2.313889344,-0.05190521,-0.024856726,1.18119E+18,noneBll
8,0,0,0.712896715,0.328950167,1,0,0,0.095133492,1.228867207,0.657545198,-0.332206158,1.05286E+18,noneBll
0,0,0,0.259637787,0.64959307,0.8,0.2,0,0.156720631,-2.313889344,-0.05190521,-0.024856726,1.10523E+18,noneBll
69,0.6124,0,0.188321772,0.825114789,0.857142857,0.142857143,0,0.460574224,3.03946288,-0.20145498,0.227751957,1.02054E+18,noneBll
0,0,0,-0.101048503,0.625830842,0.571428571,0.428571429,0,0.030161069,-2.313889344,-0.05190521,-0.024856726,1.16797E+18,bullying
54,0.1531,0,0.485384055,0.757159052,1,0,0,0.228834227,2.711850883,-0.426961865,-0.374225494,1.11028E+18,bullying
5,0,0,-0.184344582,0.40180557,0,1,0,-0.041535968,-2.313889344,-0.05190521,-0.024856726,1.07377E+18,noneBll
20,0,0,0.122843105,0.236982032,1,0,0,0.241981742,4.2149189,0.38333628,-2.421403893,1.17281E+18,noneBll
103,0.5994,0,0.350296733,0.444062734,0.857142857,0.142857143,0,0.199035312,3.117314746,0.019945782,-0.026960276,1.11865E+18,bullying
0,0,0,0.608929333,0.319628028,0.833333333,0.166666667,0,0.176995872,-2.313889344,-0.05190521,-0.024856726,1.11628E+18,noneBll
0,0,0,-1.121912009,-0.572136954,0,1,0,-0.106029819,-2.313889344,-0.05190521,-0.024856726,1.12522E+18,noneBll
0,0,0,0.136226292,0.576417114,0,1,0,0.409326122,-2.313889344,-0.05190521,-0.024856726,1.11331E+18,noneBll
0,0,0,0.219334693,0.498450616,0.857142857,0.142857143,0,0.116889662,-2.313889344,-0.05190521,-0.024856726,1.05493E+18,noneBll
0,0,0,-0.512790594,0.385735462,0,1,0,-0.137456567,-2.313889344,-0.05190521,-0.024856726,1.14564E+18,noneBll
58,0,0,0.543651481,0.417173468,1,0,0,-0.025977783,2.452831417,0.33024771,0.118759708,1.16578E+18,noneBll
0,0,0,0.135812443,0.893794584,1,0,0,0.067282842,-2.313889344,-0.05190521,-0.024856726,1.05417E+18,bullying
82,0.1779,0,0.312930774,0.04178376,1,0,0,0.473805967,3.056013227,-0.076347906,-0.185567122,1.11318E+18,noneBll
10,0,0,0.378257115,0.671674523,1,0,0,0.333553585,1.565461626,-0.12374385,0.542536027,1.11583E+18,noneBll
0,0,0,0.168834634,0.624331769,0.428571429,0.571428571,0,0.058104001,-2.313889344,-0.05190521,-0.024856726,1.13029E+18,noneBll
0,0,0,-0.001010357,0.637891536,0.714285714,0.285714286,0,0.076163329,-2.313889344,-0.05190521,-0.024856726,1.06105E+18,bullying
0,0,0,-0.983965344,-0.427573589,0,1,0,-0.156036276,-2.313889344,-0.05190521,-0.024856726,1.17209E+18,noneBll
140,0.0772,0,0.430946376,0.488359238,1,0,0,0.294678374,2.647176123,0.153253969,-0.129400421,1.1199E+18,bullying
0,0,0,0.012869424,0.020193634,0,1,0,-0.101863902,-2.313889344,-0.05190521,-0.024856726,1.04048E+18,noneBll
136,0.9372,0.115384615,0.329976949,0.418021663,1,0,0,0.197991766,2.781185546,0.226539808,0.009789743,1.02523E+18,bullying
0,0,0,-0.523882622,0.03830994,0,1,0,-0.098794748,-2.313889344,-0.05190521,-0.024856726,1.03678E+18,bullying
15,0,0,-0.940363443,-0.084431378,0.166666667,0.833333333,0,-0.017643376,2.730610666,0.726599877,-2.448054328,1.06733E+18,noneBll
0,0,0,0.316990908,0.350260247,0.571428571,0.428571429,0,0.109892974,-2.313889344,-0.05190521,-0.024856726,1.02752E+18,noneBll
0,0,0,-0.410064248,0.485373649,0.285714286,0.714285714,0,0.120788983,-2.313889344,-0.05190521,-0.024856726,1.16185E+18,noneBll
0,0,0,0.091167435,0.23255085,0,1,0,-0.024284119,-2.313889344,-0.05190521,-0.024856726,1.12406E+18,bullying
98,-0.6908,0.047619048,0.275195691,0.730628354,1,0,0,0.272467151,2.845489461,0.631011518,-0.189592968,1.15205E+18,noneBll
0,0,0,-1.182733741,0.567493298,0,1,0,0.024320258,-2.313889344,-0.05190521,-0.024856726,1.1764E+18,noneBll
0,0,0,0.030345188,1.080680926,1,0,0,0.13523822,-2.313889344,-0.05190521,-0.024856726,1.1737E+18,bullying
25,0,0,-1.184256695,-0.845974731,0,1,0,0.464988588,2.338578763,-0.106084988,0.646505467,1.17886E+18,noneBll
0,0,0,-0.554142234,0.541232845,0,1,0,-0.133536918,-2.313889344,-0.05190521,-0.024856726,9.48113E+17,noneBll
112,-0.6124,0,0.829790161,0.807443099,1,0,0,0.269671232,2.777046395,0.703341984,-0.454133236,1.09E+18,bullying
30,0,0,0.185726064,0.448124852,0.8,0.2,0,-0.051279771,3.532404348,0.103363102,0.285459829,1.17388E+18,noneBll
7,0,0,-0.118636632,-0.538024958,1,0,0,0.258569652,1.836079227,-1.512271657,-0.136555238,1.08817E+18,noneBll
0,0,0,-0.4362695,0.174232208,0.857142857,0.142857143,0,0.111502399,-2.313889344,-0.05190521,-0.024856726,9.82976E+17,noneBll
0,0,0,-0.208252583,-0.341781435,0,1,0,0.079710634,-2.313889344,-0.05190521,-0.024856726,1.10662E+18,noneBll
89,0,0,0.368127337,0.456270085,1,0,0,0.289019127,2.065962724,0.34837649,-0.708627877,1.09952E+18,noneBll
25,0,0.2,0.049652757,0.317258141,0.6,0.4,0,0.094117529,2.98785404,-0.42733973,0.287150787,1.10089E+18,noneBll
50,-0.5994,0,-0.139258465,0.088238909,0.571428571,0.428571429,0,0.464988571,3.02226638,0.270386249,-0.379604913,1.05421E+18,noneBll
0,0,0,-0.463639466,0.188826313,0.833333333,0.166666667,0,0.172500788,-2.313889344,-0.05190521,-0.024856726,1.05215E+18,bullying
0,0,0,-0.545690646,-0.16343835,0,1,0,0.47053724,-2.313889344,-0.05190521,-0.024856726,1.14526E+18,noneBll
19,0,0,0.317343495,0.303390418,1,0,0,0.10831824,0.576428388,0.646039678,1.64487623,1.11974E+18,noneBll
0,0,0,-0.134338593,0.425915888,0.571428571,0.428571429,0,-0.093276499,-2.313889344,-0.05190521,-0.024856726,1.01267E+18,noneBll
76,0,0,0.52162465,0.538220835,1,0,0,0.186795056,2.899698809,-1.073713019,-0.028692427,1.08939E+18,bullying
40,0,0,0.041632875,0.240227144,1,0,0,0.218208102,3.221443936,-0.158529251,-0.215628755,1.02857E+18,noneBll
0,0,0,-0.944646094,-0.721335819,0,1,0,-0.100480094,-2.313889344,-0.05190521,-0.024856726,1.17128E+18,noneBll
15,0,0,-0.940029568,-0.448763179,0.166666667,0.833333333,0,0.478258725,-2.100204696,1.125802958,0.048954327,1.11725E+18,noneBll
0,0,0,-0.250742031,-0.631718823,0,1,0,0.015611336,-2.313889344,-0.05190521,-0.024856726,1.16613E+18,noneBll
39,0.4588,0,0.738586784,0.766300863,0.857142857,0.142857143,0,0.136482266,3.121309814,0.675767422,-0.06104353,1.00672E+18,noneBll
60,-0.8568,0.2,0.526581131,0.413787442,1,0,0,0.164042506,3.197675177,-0.81930997,1.25369759,1.08654E+18,bullying
14,0.3612,0,-0.113757156,-0.006184333,0.857142857,0.142857143,0,0.09184946,3.66686479,-0.48407668,0.389018864,1.00971E+18,bullying
0,0,0,-0.433748749,0.132193187,0,1,0,0.084280656,-2.313889344,-0.05190521,-0.024856726,1.17346E+18,noneBll
76,0.2023,0,0.148441623,0.255158638,1,0,0,0.257866066,2.924776873,0.169114306,-0.512974361,1.16326E+18,bullying
46,0.2023,0,0.453995237,0.301389109,1,0,0,0.155232939,3.051748948,0.316058247,-0.01203672,1.06402E+18,noneBll
62,-0.4777,0,0.18835577,0.357086892,1,0,0,0.22616159,3.262167634,-0.420801507,-0.021785335,1.08762E+18,bullying
0,0,0,-0.282945068,0.279166226,0,1,0,-0.000359244,-2.313889344,-0.05190521,-0.024856726,1.15646E+18,noneBll
0,0,0,0.442936704,0.984711565,0.5,0.5,0,0.029541951,-2.313889344,-0.05190521,-0.024856726,1.05931E+18,bullying
0,0,0,0.34760644,0.154921441,0.428571429,0.571428571,0,0.094195085,-2.313889344,-0.05190521,-0.024856726,1.10717E+18,noneBll
99,0.8074,0,0.213573139,0.174123871,0.857142857,0.142857143,0,0.155575749,2.652801092,0.09384274,-0.503905544,1.18107E+18,noneBll
53,0,0,0.531446523,0.594295062,1,0,0,0.033850994,3.383551902,-0.300100468,0.138555427,1.038E+18,noneBll
10,0,0,0.454353957,0.508363475,0.5,0.5,0,-0.008421723,-2.313889344,-0.05190521,-0.024856726,1.15464E+18,noneBll
14,0,0,0.383422721,0.339109529,0.857142857,0.142857143,0,0.272522623,2.133126152,0.97515132,0.187298088,1.05889E+18,bullying
0,0,0,-0.467198365,0.567649268,0.833333333,0.166666667,0,-0.055809949,-2.313889344,-0.05190521,-0.024856726,1.05433E+18,noneBll
14,0.6369,0,0.496426403,-0.294223544,0.714285714,0.285714286,0,0.110911725,3.5064976,-1.215270045,-1.028484458,1.18149E+18,noneBll
110,0,0,0.720661752,0.432071061,1,0,0,0.226786997,2.652565517,-0.146865732,0.124843456,1.14911E+18,noneBll
0,0,0,-0.256836721,-0.421488312,0,1,0,0.464997489,-2.313889344,-0.05190521,-0.024856726,1.11018E+18,noneBll
0,0,0,0.320229244,0.663245611,1,0,0,0.014404126,-2.313889344,-0.05190521,-0.024856726,9.4915E+17,noneBll
0,0,0,0.15590366,0.370604213,0,1,0,0.00344392,-2.313889344,-0.05190521,-0.024856726,1.1703E+18,noneBll
127,-0.5994,0.076923077,0.264541113,0.668965182,1,0,0,0.175391631,2.567214768,0.209563358,-0.071428697,1.08861E+18,bullying
5,0.3612,0,0.032484758,0.029167683,0.5,0.5,0,0.248701205,2.144154406,0.204301014,-0.231844216,1.13491E+18,noneBll
9,0.2732,0,-0.242164433,-0.95814985,0,1,0,0.312952938,3.033634773,-0.779012735,0.084574557,1.15201E+18,noneBll
0,0,0,-0.548708662,-0.431497406,0.285714286,0.714285714,0,0.353976885,-2.313889344,-0.05190521,-0.024856726,1.15104E+18,noneBll
0,0,0,-0.099240436,0.616339779,0.714285714,0.285714286,0,0.185244902,-2.313889344,-0.05190521,-0.024856726,1.12023E+18,noneBll
0,0,0,-0.981932195,-0.119146704,0,1,0,0.026557503,-2.313889344,-0.05190521,-0.024856726,1.07456E+18,noneBll
0,0,0,0.282196138,0.261965182,1,0,0,0.134125918,-2.313889344,-0.05190521,-0.024856726,1.15097E+18,noneBll
5,0,1,-0.445385713,-0.31332165,0,1,0,0.152680353,0.06107961,1.111580759,0.9707042,1.10463E+18,noneBll
0,0,0,-0.167078487,0.182016333,0,1,0,-0.051271566,-2.313889344,-0.05190521,-0.024856726,1.10762E+18,noneBll
0,0,0,-0.033088683,0.598165357,0,1,0,-0.063011144,-2.313889344,-0.05190521,-0.024856726,1.11807E+18,noneBll
19,0,0,0.287179394,0.551256512,1,0,0,0.271465153,2.906636725,0.159978486,0.082556695,1.06216E+18,noneBll
0,0,0,-0.514114407,0.148183028,0,1,0,-0.068124322,-2.313889344,-0.05190521,-0.024856726,1.16509E+18,bullying
0,0,0,-0.241058046,-0.131047258,0,1,0,-0.034735555,-2.313889344,-0.05190521,-0.024856726,1.1249E+18,noneBll
5,0,0,-0.096611376,-0.091751574,0.857142857,0.142857143,0,0.228071198,3.427337059,-0.125355226,1.175638212,1.04762E+18,noneBll
19,0,0,-1.038638952,0.064764167,0,1,0,0.073065848,1.078310237,1.127184164,1.429292593,1.16695E+18,noneBll
0,0,0,0.173912979,0.611083974,0,1,0,-0.023878492,-2.313889344,-0.05190521,-0.024856726,1.159E+18,noneBll
0,0,0,-0.018890361,0.163727943,0,1,0,-0.0058795,-2.313889344,-0.05190521,-0.024856726,1.06158E+18,noneBll
0,0,0,-0.342008448,0.230551222,0,1,0,0.465269002,-2.313889344,-0.05190521,-0.024856726,1.14161E+18,noneBll
0,0,0,0.06873374,0.445129068,0,1,0,0.060434209,-2.313889344,-0.05190521,-0.024856726,1.03639E+18,bullying
38,0.6705,0,0.450859666,0.219351811,1,0,0,0.146053382,2.773924155,0.712993951,0.00782546,1.13468E+18,noneBll
68,-0.6908,0.0625,0.638648273,0.599993306,0.857142857,0.142857143,0,0.339378307,3.030522399,0.150153678,0.02368073,1.11764E+18,noneBll
0,0,0,-0.004702464,0.715734969,0,1,0,-0.096087301,-2.313889344,-0.05190521,-0.024856726,1.16825E+18,noneBll
0,0,0,-0.582475695,0.514457345,0,1,0,0.005735531,-2.313889344,-0.05190521,-0.024856726,1.04668E+18,noneBll
0,0,0,-0.273838957,-0.306685704,0,1,0,0.465207484,-2.313889344,-0.05190521,-0.024856726,1.10057E+18,noneBll
0,0,0,-0.801465411,0.184193587,0,1,0,0.033290625,-2.313889344,-0.05190521,-0.024856726,1.11393E+18,noneBll
15,0,0,-1.086385356,-0.069239609,0,1,0,0.235105196,-2.313889344,-0.05190521,-0.024856726,1.08135E+18,noneBll
66,-0.5334,0,0.122101303,0.060723415,0.857142857,0.142857143,0,0.112504918,2.474508443,-0.682631387,0.550023955,1.17311E+18,noneBll
69,0,0,0.05137135,0.444364072,1,0,0,0.288390694,3.663450337,0.018677425,0.243962246,9.58643E+17,noneBll
0,0,0,0.216896146,0.489219469,0.833333333,0.166666667,0,0.440689208,-2.313889344,-0.05190521,-0.024856726,1.14213E+18,noneBll
89,0.3612,0,0.696048428,0.516673915,1,0,0,0.156142798,3.002426523,-0.347684426,-0.419208455,1.02773E+18,bullying
59,-0.6124,0.1,0.119744296,0.531200351,0.428571429,0.571428571,0,0.214134984,2.610224945,-0.059509637,0.558240015,1.17334E+18,bullying
40,-0.5423,0,-0.138158353,0.199986766,0.285714286,0.714285714,0,0.225871809,2.916965619,0.427197814,-0.172255668,1.04697E+18,noneBll
0,0,0,-0.256352905,0.012901734,0.166666667,0.833333333,0,0.247650547,-2.313889344,-0.05190521,-0.024856726,1.15135E+18,noneBll
0,0,0,0.25470981,0.892616246,0,1,0,-0.117920631,-2.313889344,-0.05190521,-0.024856726,1.06253E+18,noneBll
0,0,0,-0.1675071,0.381752483,0,1,0,-0.050388645,-2.313889344,-0.05190521,-0.024856726,1.16158E+18,noneBll
13,0,0,0.662989008,0.25295003,1,0,0,0.188223195,2.805146691,-0.563633376,-1.351862722,9.88633E+17,bullying
0,0,0,-0.11484814,0.390950537,0.857142857,0.142857143,0,0.184929444,-2.313889344,-0.05190521,-0.024856726,9.87302E+17,bullying
0,0,0,0.402958048,0.569791032,0.714285714,0.285714286,0,0.202423411,-2.313889344,-0.05190521,-0.024856726,1.05344E+18,noneBll
11,0,0.5,0.060595348,0.068801703,0.714285714,0.285714286,0,0.010729666,1.009351351,0.356210592,2.145998403,1.04072E+18,bullying
0,0,0,0.203787957,0.199368831,0.333333333,0.666666667,0,0.342748556,-2.313889344,-0.05190521,-0.024856726,1.12123E+18,noneBll
13,0,0,0.50402797,0.612142039,1,0,0,0.120304603,1.353942107,-0.079459553,0.61050774,9.51265E+17,bullying
47,-0.1531,0,0.363384817,0.384676281,1,0,0,0.061047412,2.518430793,-0.566079953,0.408597351,1.13061E+18,noneBll
0,0,0,-0.359001264,0.264412098,0,1,0,-0.093881434,-2.313889344,-0.05190521,-0.024856726,1.12309E+18,noneBll
0,0,0,-0.110707301,0.138560763,1,0,0,-0.096568791,-2.313889344,-0.05190521,-0.024856726,1.17778E+18,noneBll
0,0,0,-0.154239136,-0.527983207,1,0,0,0.13880391,-2.313889344,-0.05190521,-0.024856726,1.14009E+18,noneBll
131,0,0,0.27897727,-0.10783304,1,0,0,0.276339976,2.927644578,0.378849531,-0.320822894,1.14886E+18,bullying
0,0,0,-0.293898569,0.030763482,0,1,0,0.068708941,-2.313889344,-0.05190521,-0.024856726,1.15509E+18,bullying
0,0,0,0.319339287,0.255451779,0.857142857,0.142857143,0,0.035626752,-2.313889344,-0.05190521,-0.024856726,1.18114E+18,noneBll
0,0,0,-0.523783456,-0.444184542,0,1,0,0.139867329,-2.313889344,-0.05190521,-0.024856726,1.1796E+18,noneBll
95,0.5956,0.058823529,0.846925055,0.749570182,1,0,0,0.122317838,2.23824886,-0.390859272,-0.048852855,1.05137E+18,noneBll
0,0,0,0.226102532,0.689877504,1,0,0,0.030930724,-2.313889344,-0.05190521,-0.024856726,1.05351E+18,noneBll
0,0,0,-0.22613924,-0.512043882,0,1,0,0.474253677,-2.313889344,-0.05190521,-0.024856726,1.16035E+18,noneBll
0,0,0,0.430053076,0.555131621,0.333333333,0.666666667,0,0.466408262,-2.313889344,-0.05190521,-0.024856726,1.18064E+18,noneBll
102,0.3818,0,0.406621735,0.582118863,0.857142857,0.142857143,0,0.175720032,2.061961919,0.619524195,-0.003580055,1.04882E+18,bullying
0,0,0,-0.322211144,0.073667438,0.714285714,0.285714286,0,0.199733428,-2.313889344,-0.05190521,-0.024856726,1.13763E+18,noneBll
0,0,0,0.692570845,0.714191009,0.571428571,0.428571429,0,0.471132057,-2.313889344,-0.05190521,-0.024856726,1.08323E+18,noneBll
44,0.3612,0.222222222,-0.288058557,0.140601186,1,0,0,0.249661386,2.798874713,0.176349772,0.70372304,1.05425E+18,bullying
60,-0.8568,0.2,0.526581131,0.413787442,1,0,0,0.164042506,3.197675177,-0.81930997,1.25369759,1.08654E+18,bullying
0,0,0,0.2631968,1.041934032,0.666666667,0.333333333,0,0.034240028,-2.313889344,-0.05190521,-0.024856726,1.07699E+18,bullying
0,0,0,-0.400367942,0.00314745,0.428571429,0.571428571,0,0.138695337,-2.313889344,-0.05190521,-0.024856726,1.09563E+18,noneBll
0,0,0,-0.522449815,0.161976765,0,1,0,0.003760237,-2.313889344,-0.05190521,-0.024856726,1.15676E+18,noneBll
0,0,0,0.227073807,0.516442978,0.714285714,0.285714286,0,0.026458483,-2.313889344,-0.05190521,-0.024856726,1.06179E+18,noneBll
0,0,0,0.0847257,0.586361593,0.571428571,0.428571429,0,0.46498991,-2.313889344,-0.05190521,-0.024856726,1.12292E+18,bullying
0,0,0,0.068015039,-0.220000458,1,0,0,0.347631562,-2.313889344,-0.05190521,-0.024856726,1.04215E+18,noneBll
39,0,0,0.287570919,0.515710089,1,0,0,0.250294427,2.318840283,-0.085436604,-0.335689455,1.02559E+18,noneBll
31,0,0,-0.031596603,0.350899979,1,0,0,0.18367076,2.967446739,-0.708014566,0.276410146,9.97367E+17,noneBll
0,0,0,-1.318746086,-0.203362488,0.142857143,0.857142857,0,-0.093072503,-2.313889344,-0.05190521,-0.024856726,1.14329E+18,noneBll
69,0.6124,0,0.415851136,0.249787341,1,0,0,0.173356546,3.464012244,-0.231109291,-0.137160627,1.01446E+18,noneBll
0,0,0,-0.162936745,-0.076450228,1,0,0,0.163184552,-2.313889344,-0.05190521,-0.024856726,1.1544E+18,noneBll
0,0,0,-0.931909511,-0.086421,0,1,0,0.083651448,-2.313889344,-0.05190521,-0.024856726,1.12106E+18,noneBll
0,0,0,0.218755909,0.212035001,0,1,0,0.050162868,-2.313889344,-0.05190521,-0.024856726,1.16174E+18,bullying
0,0,0,-0.903047586,-0.671926212,0,1,0,-0.124294249,-2.313889344,-0.05190521,-0.024856726,1.1042E+18,noneBll
51,-0.1818,0,0.16382479,0.013389496,0.714285714,0.285714286,0,0.144256491,3.196961301,-0.357714547,-0.387687011,1.05382E+18,noneBll
0,0,0,-0.42327159,0.040644154,1,0,0,0.336327371,-2.313889344,-0.05190521,-0.024856726,1.02737E+18,bullying
32,0.3412,0,0.498374155,0.593591566,0.857142857,0.142857143,0,0.061227359,2.311857615,0.116029865,0.199985207,1.15055E+18,noneBll
0,0,0,-0.140662238,0.489297097,0.571428571,0.428571429,0,0.164266797,-2.313889344,-0.05190521,-0.024856726,1.04193E+18,noneBll
0,0,0,-0.802890287,-0.138265146,0,1,0,-0.119505713,-2.313889344,-0.05190521,-0.024856726,1.02695E+18,noneBll
0,0,0,0.103652781,0.776773626,0.142857143,0.857142857,0,0.056812848,-2.313889344,-0.05190521,-0.024856726,1.10847E+18,bullying
0,0,0,-1.157609705,-0.533076478,0,1,0,0.465689878,-2.313889344,-0.05190521,-0.024856726,1.17098E+18,noneBll
79,-0.0091,0,-0.246214442,-0.914728244,0.142857143,0.857142857,0,0.470616361,3.057259602,0.414616207,0.432245547,1.16486E+18,noneBll
7,0,0,-1.021702531,-0.251979736,0,1,0,-0.092761098,1.583880902,0.27014876,-0.833830206,1.1459E+18,noneBll
0,0,0,-0.485027971,-0.414643041,0,1,0,0.06186166,-2.313889344,-0.05190521,-0.024856726,9.87883E+17,bullying
0,0,0,0.867097779,0.480742208,0.142857143,0.857142857,0,0.474111487,-2.313889344,-0.05190521,-0.024856726,1.17167E+18,noneBll
0,0,0,0.521670974,0.266773866,1,0,0,0.147300212,-2.313889344,-0.05190521,-0.024856726,1.12378E+18,noneBll
24,0.3612,0,0.30180485,1.091308437,1,0,0,0.282255628,3.224158437,0.727103233,-0.288866979,1.03571E+18,noneBll
37,-0.5423,0,0.355632045,0.260900876,1,0,0,0.208513349,2.231952001,1.3355729,-0.116503912,1.12997E+18,noneBll
4,-0.5106,1,-0.458881755,-0.597863592,0,1,0,0.068462605,2.266860588,-0.977662212,2.964333369,1.12353E+18,noneBll
0,0,0,-0.597498307,-0.19593762,0,1,0,-0.003382964,-2.313889344,-0.05190521,-0.024856726,1.1279E+18,noneBll
76,0.3818,0,-0.03321544,0.102135987,1,0,0,0.118030432,2.828634725,-0.246322654,-0.056317396,1.14666E+18,noneBll
0,0,0,-0.014352063,0.197519675,1,0,0,0.244301867,-2.313889344,-0.05190521,-0.024856726,1.13692E+18,bullying
0,0,0,0.075898533,0.235004601,1,0,0,0.211912769,-2.313889344,-0.05190521,-0.024856726,1.0553E+18,noneBll
0,0,0,-0.130352662,0.725528432,0.666666667,0.333333333,0,0.157548134,-2.313889344,-0.05190521,-0.024856726,1.16551E+18,noneBll
0,0,0,-0.67893355,-0.612742012,0,1,0,0.465752532,-2.313889344,-0.05190521,-0.024856726,1.17047E+18,noneBll
74,0,0,0.290751286,0.480020522,1,0,0,0.073236141,3.157857715,0.45104528,-0.455310068,1.15456E+18,noneBll
0,0,0,-0.730282294,0.135255779,0.285714286,0.714285714,0,0.460884442,-2.313889344,-0.05190521,-0.024856726,1.11711E+18,noneBll
0,0,0,0.089594499,-0.285280154,0.857142857,0.142857143,0,0.12443211,-2.313889344,-0.05190521,-0.024856726,1.0252E+18,noneBll
52,0.7778,0,0.275864698,0.255156114,0.571428571,0.428571429,0,0.041266816,3.12278463,-0.90946618,-0.300403785,1.0959E+18,noneBll
0,0,0,0.217187919,-0.287269527,0.833333333,0.166666667,0,0.125736668,-2.313889344,-0.05190521,-0.024856726,1.07157E+18,bullying
0,0,0,0.005430713,0.889813136,0.5,0.5,0,-0.033041795,-2.313889344,-0.05190521,-0.024856726,9.95815E+17,noneBll
0,0,0,0.192019272,0.392724965,1,0,0,0.205298202,-2.313889344,-0.05190521,-0.024856726,1.08041E+18,noneBll
0,0,0,-0.24201685,0.318635996,0,1,0,0.018312278,-2.313889344,-0.05190521,-0.024856726,9.91019E+17,noneBll
35,-0.2263,0,-0.052316429,0.430355499,0,1,0,-0.020390716,2.258228019,0.253749384,-0.3913238,1.09755E+18,noneBll
27,-0.6249,0,0.281601833,0.40105187,1,0,0,0.139050459,2.206991922,-0.378681972,0.377233926,1.03324E+18,noneBll
0,0,0,-0.519957761,-0.068849885,0,1,0,0.019931174,-2.313889344,-0.051904725,-0.024857076,1.13402E+18,noneBll
21,0,0,0.072035971,1.4877255,0.857142857,0.142857143,0,-0.045915861,3.514395099,-0.509258137,0.082677697,1.00809E+18,bullying
19,0,0,0.180718516,0.167309127,1,0,0,0.125633715,3.391416632,-0.233888761,0.045780285,9.91891E+17,bullying
21,-0.4767,0,-0.087641608,0.936714462,0.285714286,0.714285714,0,-0.111467188,3.859254746,-0.228248049,-0.197099261,1.18176E+18,noneBll
27,0,0,-0.367799302,-0.68992921,0.666666667,0.333333333,0,0.277296677,2.385848225,-0.182822782,0.423513735,1.12514E+18,bullying
37,-0.5423,0,0.355632045,0.260900876,1,0,0,0.208513349,2.231952001,1.335621719,-0.116511629,1.12997E+18,noneBll
28,0,0,0.438611835,0.382600164,0.857142857,0.142857143,0,-0.028225305,2.742787583,0.071259119,-0.0932632,1.05099E+18,bullying
45,0,0,-0.133635397,0.318765227,0.857142857,0.142857143,0,0.300322949,2.726074499,-0.116866308,0.080163687,1.17857E+18,noneBll
109,0.6124,0,0.614355998,0.7016415,1,0,0,0.240264625,2.025687497,0.115534443,0.376745961,1.12643E+18,bullying
88,-0.8225,0,0.093114411,0.250829535,1,0,0,0.251296028,2.880132846,-0.152885905,-0.033930012,1.01187E+18,bullying
69,-0.1027,0,0.462516377,0.10950744,0.857142857,0.142857143,0,0.267206538,2.923152363,0.790778311,0.028593701,1.06254E+18,bullying
67,-0.1779,0,0.852621191,0.647020617,1,0,0,0.224380703,2.697311245,0.246317173,-0.410638558,1.13823E+18,bullying
49,-0.6808,0,0.675649866,0.40215048,1,0,0,0.194546254,3.015017557,-0.361783197,0.333285839,1.03171E+18,noneBll
33,0.296,0,0.016915214,0.196187041,0,1,0,0.040716638,2.36877626,-0.080134861,-0.459064061,1.16969E+18,bullying
0,0,0,-1.237406103,-0.629486622,0,1,0,0.180297117,-2.313889344,-0.051904725,-0.024857076,1.1559E+18,noneBll
0,0,0,-0.440069855,-0.300571212,0,1,0,0.464905369,-2.313889344,-0.051904725,-0.024857076,1.11119E+18,noneBll
0,0,0,0.678594726,0.368642544,1,0,0,0.269575113,-2.313889344,-0.051904725,-0.024857076,9.51656E+17,noneBll
0,0,0,-0.038165872,0.090313791,1,0,0,0.131858785,-2.313889344,-0.051904725,-0.024857076,1.17431E+18,bullying
14,-0.7783,0,0.252155374,0.161850151,0.857142857,0.142857143,0,0.099911043,2.156798438,-0.850896927,-1.713693272,1.13243E+18,noneBll
0,0,0,-0.232261466,0.599526519,0.857142857,0.142857143,0,0.081673753,-2.313889344,-0.051904725,-0.024857076,9.57021E+17,noneBll
0,0,0,-0.575150134,-0.360066727,0.142857143,0.857142857,0,0.01349265,-2.313889344,-0.051904725,-0.024857076,1.14322E+18,noneBll
86,0.0516,0,-0.000490928,0.229351224,0.833333333,0.166666667,0,0.326920745,3.130887512,-0.102103976,-0.250600839,1.1609E+18,noneBll
31,-0.1695,0,0.241156672,0.328052714,1,0,0,0.21718507,2.771406366,-0.426950213,-0.115797552,1.05101E+18,noneBll
0,0,0,-0.686510078,-0.387253492,0,1,0,0.078840102,-2.313889344,-0.051904725,-0.024857076,1.12419E+18,noneBll
79,0.0772,0,0.663228772,0.744420937,1,0,0,-0.013037436,2.991538238,0.412683669,-0.759638155,1.163E+18,noneBll
0,0,0,-0.034235309,0.641106603,0,1,0,-0.082068763,-2.313889344,-0.051904725,-0.024857076,9.85793E+17,noneBll
55,0.3612,0,0.474055131,0.585498901,1,0,0,0.259425318,3.572260657,-0.229684949,-0.198758349,1.05241E+18,noneBll
0,0,0,0.102557999,-0.0765446,0.285714286,0.714285714,0,-0.086022059,-2.313889344,-0.051904725,-0.024857076,1.16363E+18,noneBll
12,0,0,-0.813280044,-1.206052623,0,1,0,-0.07899709,-0.239542874,1.211611936,0.631483216,1.10059E+18,noneBll
0,0,0,-0.262410071,0.220472303,0,1,0,-0.114573241,-2.313889344,-0.051904725,-0.024857076,1.08267E+18,bullying
17,-0.4019,0,0.069161956,0.397783877,1,0,0,0.197172506,1.576238164,-0.962002218,0.047381711,1.16139E+18,noneBll
43,0,0,0.141869729,0.144390459,0.6,0.4,0,0.079438378,2.535559503,0.242911669,-0.518061402,1.02051E+18,noneBll
115,0.2144,0.04,0.264037578,0.491225629,1,0,0,0.257673137,3.108034398,0.049210871,0.021951332,1.10715E+18,noneBll
106,-0.2263,0,0.316163452,0.426972201,1,0,0,0.211100479,3.391611141,-0.738781544,0.016344131,9.58401E+17,bullying
99,0.0516,0,0.212782349,0.179980783,1,0,0,0.087630673,1.197009731,0.668282695,0.360170012,1.15959E+18,bullying
23,-0.7506,0,-0.785973178,-0.797526567,0,1,0,0.466113118,3.406931603,-1.235588307,0.548726692,1.16258E+18,noneBll
131,0.0258,0,0.081983122,0.388600992,1,0,0,0.033971295,3.08683964,0.053373149,-0.136454198,1.05894E+18,noneBll
37,-0.5106,0,-0.019817583,-0.028654766,1,0,0,0.437258394,3.221126674,0.790073157,0.00785762,1.09301E+18,noneBll
80,-0.4404,0.055555556,0.263904627,0.186752486,1,0,0,0.164754808,3.082959163,0.081337126,0.027352271,1.18032E+18,noneBll
115,0.4215,0,0.199641093,0.636821294,0.857142857,0.142857143,0,0.175121046,3.517203232,0.075891693,-0.112206836,1.0575E+18,noneBll
38,0.3612,0,0.218003349,0.127244584,0.714285714,0.285714286,0,-0.155224618,3.23055696,0.061897857,0.075989541,1.05387E+18,noneBll
70,0,0,0.39975519,0.524514965,1,0,0,0.067306591,2.927396466,0.208127568,-0.302723397,1.10317E+18,noneBll
15,0,0,-0.071791989,0.308368593,0,1,0,0.050650048,3.598688331,-0.179513146,0.501030821,1.15784E+18,noneBll
0,0,0,-0.891718411,-0.179361748,0.166666667,0.833333333,0,0.204581274,-2.313889344,-0.051904725,-0.024857076,1.16729E+18,noneBll
0,0,0,-0.599985986,-0.282245076,0,1,0,0.123430569,-2.313889344,-0.051904725,-0.024857076,1.16253E+18,noneBll
50,0,0,0.087199306,0.676429828,1,0,0,-0.035681127,3.643246747,-0.465595698,-0.365722929,1.05828E+18,bullying
49,0,0,0.393749088,0.430303101,1,0,0,0.039278609,3.173120454,0.213180887,-0.310856767,1.13198E+18,noneBll
18,0,0,-0.647209818,-0.029140129,0,1,0,-0.051150341,3.80989975,0.917264239,-1.438894301,1.0524E+18,noneBll
25,0.6124,0,0.347392333,0.534901963,1,0,0,0.077599219,2.572987082,0.04860206,-0.125091821,1.04594E+18,noneBll
0,0,0,-0.008316562,-0.198997425,0.142857143,0.857142857,0,0.187815095,-2.313889344,-0.051904725,-0.024857076,1.16265E+18,noneBll
0,0,0,0.342327956,0.517246248,0,1,0,0.102204554,-2.313889344,-0.051904725,-0.024857076,1.1543E+18,noneBll
104,0,0,-0.139935128,0.11424714,0.142857143,0.857142857,0,0.007876011,2.969572694,-0.643962139,0.615790729,1.15384E+18,noneBll
0,0,0,-0.042351963,0.55431159,0.571428571,0.428571429,0,-0.021818172,-2.313889344,-0.051904725,-0.024857076,9.44714E+17,noneBll
9,0.2732,0,0.338458883,0.419344961,0.333333333,0.666666667,0,-0.030711792,3.033634773,-0.77900905,0.084576948,1.16916E+18,noneBll
0,0,0,0.4064684,0.502940113,0.166666667,0.833333333,0,0.308940723,-2.313889344,-0.051904725,-0.024857076,1.15281E+18,bullying
0,0,0,0.075099475,0.110507421,0,1,0,0.031083262,-2.313889344,-0.051904725,-0.024857076,1.13291E+18,noneBll
12,0,0,0.129821209,0.234579343,1,0,0,0.107666907,3.417831584,-0.836701999,-0.131271507,1.02681E+18,noneBll
58,0.4404,0,0.200548177,-0.014167431,1,0,0,0.234600651,2.254576653,-0.676761367,-0.539476208,1.10857E+18,noneBll
0,0,0,0.505889116,0.672118467,1,0,0,0.252292232,-2.313889344,-0.051904725,-0.024857076,1.0107E+18,noneBll
0,0,0,-0.239892265,-0.008030673,0.285714286,0.714285714,0,0.047230094,-2.313889344,-0.051904725,-0.024857076,1.0658E+18,noneBll
15,0,0,-0.042326948,0.30127499,0.571428571,0.428571429,0,0.466612946,3.424443033,-0.556667183,-0.449343394,1.16177E+18,noneBll
0,0,0,-0.411541726,-0.468237958,0,1,0,-0.160920521,-2.313889344,-0.051904725,-0.024857076,1.17485E+18,noneBll
0,0,0,-0.278869161,0.978995903,0,1,0,0.468375727,-2.313889344,-0.051904725,-0.024857076,1.09092E+18,noneBll
35,0.3612,0,-0.258908386,0.325359661,0.857142857,0.142857143,0,0.196845363,2.85652204,-0.542006384,-0.221537167,1.15142E+18,bullying
106,0.4969,0.041666667,1.006863505,0.625732857,1,0,0,0.130159424,3.131739127,-0.555126967,0.000832859,1.09768E+18,bullying
0,0,0,-0.125686999,-0.304795808,0,1,0,0.465123163,-2.313889344,-0.051904725,-0.024857076,1.0836E+18,noneBll
22,0.3566,0,0.155735964,0.582000577,1,0,0,0.093742234,2.324660856,-0.25915048,-0.133171046,1.14546E+18,noneBll
65,0.1695,0,0.111448087,0.117582435,1,0,0,0.218883846,2.939699775,0.332183717,-0.196709348,1.04987E+18,noneBll
0,0,0,-0.491833065,-0.272961086,0.166666667,0.833333333,0,0.063289055,-2.313889344,-0.051904725,-0.024857076,1.08936E+18,noneBll
58,-0.3612,0,-0.016736413,0.34817485,0,1,0,-0.072477547,3.29303636,0.313387007,-0.28108579,1.14094E+18,noneBll
0,0,0,0.222048842,-0.002378689,0.857142857,0.142857143,0,0.083416265,-2.313889344,-0.051904725,-0.024857076,1.16833E+18,noneBll
0,0,0,0.446711423,0.871830287,0,1,0,0.024853852,-2.313889344,-0.051904725,-0.024857076,1.00378E+18,bullying
66,0.1779,0,0.483944948,0.445646439,1,0,0,0.196720611,2.951121131,0.426414199,-0.088403021,1.07998E+18,bullying
34,0,0,0.483151218,0.645492067,0.857142857,0.142857143,0,0.265953254,3.122907847,0.377867346,-0.249736176,1.08788E+18,noneBll
15,0,0,0.28114971,0.218947724,0.166666667,0.833333333,0,0.217619983,2.620063562,0.448489616,-0.369293769,1.17751E+18,noneBll
0,0,0,0.260888088,0.581883854,0,1,0,-0.110625149,-2.313889344,-0.051904725,-0.024857076,1.16835E+18,noneBll
0,0,0,-0.150148473,0.172188714,0,1,0,-0.080793416,-2.313889344,-0.051904725,-0.024857076,1.15757E+18,noneBll
15,0,0,0.176588437,0.393572191,0.428571429,0.571428571,0,0.008206797,1.632120791,-1.6191151,-0.196229227,1.16198E+18,noneBll
43,-0.6124,0,0.337018902,0.137193867,1,0,0,0.192033136,2.604899781,0.070558371,0.518133521,9.9904E+17,bullying
0,0,0,-0.475737178,-0.418084059,0.285714286,0.714285714,0,-0.075270726,-2.313889344,-0.051904725,-0.024857076,1.10424E+18,noneBll
0,0,0,-0.075031894,0.027552868,0.714285714,0.285714286,0,0.108038036,-2.313889344,-0.051904725,-0.024857076,1.17517E+18,noneBll
34,-0.6597,0,0.771650932,0.786978621,1,0,0,0.240515168,2.992474634,1.228566296,0.017101008,1.06912E+18,bullying
0,0,0,-0.159529335,-0.411148138,0,1,0,0.130316164,-2.313889344,-0.051904725,-0.024857076,1.06286E+18,bullying
0,0,0,-0.741140796,0.217721705,0,1,0,-0.164312721,-2.313889344,-0.051904725,-0.024857076,1.07917E+18,noneBll
0,0,0,-0.476303161,-0.96891023,1,0,0,0.123801694,-2.313889344,-0.051904725,-0.024857076,1.07003E+18,noneBll
44,0,0,0.58719858,0.121384084,1,0,0,0.289204568,3.888376223,-0.522211926,-0.331821965,1.02093E+18,noneBll
34,0,0,-0.542561102,0.571741998,0.142857143,0.857142857,0,0.209041203,3.023852505,-0.806331976,0.011273014,1.16867E+18,noneBll
18,0,0,-0.266035544,0.336118906,0.142857143,0.857142857,0,0.030875618,3.421612786,-0.217502855,0.068664505,1.05124E+18,noneBll
0,0,0,-0.184056691,0.09002045,0,1,0,0.162492502,-2.313889344,-0.051904725,-0.024857076,1.02091E+18,noneBll
7,0,0,0.244742781,0.542299881,1,0,0,0.291770296,2.012559973,0.914876895,0.797930584,1.07045E+18,bullying
105,0.5267,0,-0.574805119,0.083301179,0.142857143,0.857142857,0,0.084858009,2.459169626,0.029635945,-0.060696799,1.16949E+18,noneBll
29,0.3612,0,0.191708553,1.241070549,0.857142857,0.142857143,0,0.221440768,3.66686479,-0.484061708,0.389006335,1.01867E+18,noneBll
10,0,0,-0.558552375,-0.551434009,0.142857143,0.857142857,0,0.260721741,0.451734986,1.625389864,-0.309578045,1.17747E+18,noneBll
22,0,0,0.228534475,0.162141401,1,0,0,0.140559785,1.068256367,0.081550566,0.373449159,1.12512E+18,noneBll
61,0.4927,0,0.260197296,0.097123906,1,0,0,0.188868333,3.198188128,-0.368015032,0.44177993,1.14436E+18,noneBll
0,0,0,-0.678179666,0.077003786,0,1,0,-0.19365942,-2.313889344,-0.051904725,-0.024857076,1.14779E+18,noneBll
0,0,0,0.46983643,0.367553765,1,0,0,0.005768253,-2.313889344,-0.051904725,-0.024857076,1.07119E+18,noneBll
0,0,0,-0.605305603,0.082120354,0,1,0,-0.111907211,-2.313889344,-0.051904725,-0.024857076,1.16917E+18,noneBll
0,0,0,-0.926515799,-0.303256974,0,1,0,-0.124152179,-2.313889344,-0.051904725,-0.024857076,1.111E+18,noneBll
35,0.0572,0,0.182638183,-0.381372688,0.714285714,0.285714286,0,0.241467907,3.513135957,-0.540200632,-0.645801466,1.15018E+18,noneBll
0,0,0,0.153423425,0.071373837,0,1,0,-0.048658833,-2.313889344,-0.051904725,-0.024857076,1.09662E+18,noneBll
0,0,0,-0.620332847,0.139297949,0,1,0,-0.132063183,-2.313889344,-0.051904725,-0.024857076,1.06541E+18,noneBll
0,0,0,-0.154490685,0.430115071,0.857142857,0.142857143,0,0.468655215,-2.313889344,-0.051904725,-0.024857076,1.14697E+18,noneBll
18,0,0,0.74183911,0.389562866,1,0,0,0.05167882,2.8961203,0.118786925,0.311818393,1.10677E+18,bullying
0,0,0,0.015880887,0.537970821,0.5,0.5,0,0.162038319,-2.313889344,-0.051904725,-0.024857076,1.15781E+18,noneBll
51,0.5023,0,0.273108439,0.214962205,0.857142857,0.142857143,0,0.118055762,3.078971645,-0.146926889,-0.343785961,1.00168E+18,noneBll
0,0,0,-0.398736618,0.111844102,0,1,0,-0.07818237,-2.313889344,-0.051904725,-0.024857076,1.16216E+18,noneBll
0,0,0,0.911547055,0.334120563,0.285714286,0.714285714,0,0.470587109,-2.313889344,-0.051904725,-0.024857076,1.16517E+18,noneBll
0,0,0,-0.258795543,0.657542977,0,1,0,-0.077111793,-2.313889344,-0.051904725,-0.024857076,1.00713E+18,noneBll
0,0,0,-0.863928886,-0.032599151,0.285714286,0.714285714,0,-0.163745692,-2.313889344,-0.051904725,-0.024857076,1.04444E+18,noneBll
0,0,0,-1.631940153,-0.720493694,0,1,0,-0.087180305,-2.313889344,-0.051904725,-0.024857076,1.08959E+18,noneBll
106,0.6461,0,0.174393911,0.324095504,1,0,0,0.173073763,3.016082652,-0.065691769,0.078219481,1.15754E+18,bullying
0,0,0,0.158617385,0.061589004,0,1,0,-0.084635718,-2.313889344,-0.051904725,-0.024857076,1.08809E+18,noneBll
52,-0.7579,0,-0.690572166,0.398743295,0.428571429,0.571428571,0,0.123269761,1.948188036,1.190679344,-0.104485539,1.17387E+18,noneBll
17,0,0,0.538808722,0.761040339,0.714285714,0.285714286,0,-0.056933472,3.633798491,-0.543320443,0.439363889,1.08499E+18,noneBll
17,0,0,-0.257554466,0.278174862,0.166666667,0.833333333,0,-0.003694975,1.476874986,1.398363448,0.119994004,1.13749E+18,noneBll
0,0,0,-0.052953576,0.17210459,0,1,0,0.01981979,-2.313889344,-0.051904725,-0.024857076,1.16586E+18,noneBll
11,0,0,0.260717703,0.180861125,0.857142857,0.142857143,0,0.472326105,-0.95983658,1.436661737,1.355168399,1.1078E+18,bullying
0,0,0,0.884710581,0.472075689,1,0,0,-0.018663759,-2.313889344,-0.051904725,-0.024857076,1.12019E+18,bullying
0,0,0,-0.727591581,-0.469826728,0,1,0,0.006356948,-2.313889344,-0.051904725,-0.024857076,1.1042E+18,bullying
0,0,0,-0.03204415,0.924470376,0,1,0,-0.1300278,-2.313889344,-0.051904725,-0.024857076,1.14625E+18,bullying
0,0,0,0.196157646,0.120216881,0.5,0.5,0,0.243605529,-2.313889344,-0.051904725,-0.024857076,1.01617E+18,noneBll
65,0,0,0.57511473,0.685442294,1,0,0,0.288761591,2.766629937,0.299536244,-0.762348798,1.13754E+18,bullying
112,-0.7717,0.08,0.329625353,-0.019935544,1,0,0,0.179068481,2.990478328,-0.409526873,0.10812602,1.1064E+18,noneBll
83,0.2732,0,0.244415908,0.851410199,1,0,0,0.07528434,3.089737511,0.000356332,-0.011919136,1.13143E+18,bullying
0,0,0,-0.64023266,-0.290520781,0,1,0,-0.102487942,-2.313889344,-0.051904725,-0.024857076,1.1701E+18,noneBll
45,0.2732,0,-0.780409505,0.008194012,0,1,0,0.003200243,2.020019182,-0.132444348,1.355517166,1.07772E+18,bullying
12,0.4404,0,-0.165118915,-0.187531906,0.285714286,0.714285714,0,0.182081843,2.474767735,-0.833673425,-0.246669956,1.0842E+18,noneBll
70,-0.5106,0,0.295942152,0.421833628,1,0,0,0.287365131,2.821332159,0.651525807,0.24520032,1.02561E+18,bullying
0,0,0,-1.182516241,-0.016994992,0,1,0,-0.11397244,-2.313889344,-0.051904725,-0.024857076,1.06621E+18,noneBll
0,0,0,-0.166225165,0.008377916,1,0,0,0.18640525,-2.313889344,-0.051904725,-0.024857076,1.06698E+18,bullying
100,-0.2156,0,0.313405429,0.248109295,1,0,0,0.158586385,2.885524324,-0.132070352,0.468692183,1.16183E+18,noneBll
66,0.4939,0,0.403778038,0.43593736,1,0,0,0.265925276,3.130591706,-0.216736717,-0.383111307,1.09409E+18,noneBll
29,0,0,0.177484316,0.363754565,0.857142857,0.142857143,0,0.187703984,2.925429142,-0.436255346,-0.871403159,1.00349E+18,bullying
0,0,0,-0.262242218,-0.055406318,0,1,0,0.105027381,-2.313889344,-0.051904725,-0.024857076,1.01901E+18,noneBll
0,0,0,0.389184309,0.527816094,1,0,0,0.243281107,-2.313889344,-0.051904725,-0.024857076,1.17305E+18,bullying
0,0,0,-0.939430515,0.203587223,0,1,0,-0.158531098,-2.313889344,-0.051904725,-0.024857076,1.10678E+18,noneBll
25,0,0,-0.772098824,0.316287215,0,1,0,-0.065110134,2.417744714,-0.207688968,-0.437026537,1.16839E+18,noneBll
0,0,0,0.117713091,0.948992121,1,0,0,0.071828157,-2.313889344,-0.051904725,-0.024857076,1.00529E+18,noneBll
91,0.5859,0,0.082509811,0.494302953,0.857142857,0.142857143,0,0.015905841,2.950785457,0.197201692,0.123956602,1.10286E+18,bullying
0,0,0,-0.094666662,0.326143647,0,1,0,-0.019392153,-2.313889344,-0.051904725,-0.024857076,1.17203E+18,noneBll
0,0,0,0.532137016,0.67097925,1,0,0,0.105119422,-2.313889344,-0.051904725,-0.024857076,1.03536E+18,noneBll
0,0,0,0.002847587,-0.003080629,0.166666667,0.833333333,0,0.07145493,-2.313889344,-0.051904725,-0.024857076,1.04158E+18,noneBll
36,0.2235,0,0.01793258,0.229059915,1,0,0,0.227666199,2.99600717,-0.115788693,-0.584815396,1.03828E+18,noneBll
0,0,0,0.471212156,0.056597813,0.714285714,0.285714286,0,0.465647032,-2.313889344,-0.051904725,-0.024857076,1.15312E+18,noneBll
84,-0.2746,0,0.535442378,0.244180262,1,0,0,0.1781852,2.631106767,0.501604638,-0.133040611,1.17419E+18,noneBll
0,0,0,-0.505257094,0.335844737,0,1,0,-0.009877022,-2.313889344,-0.051904725,-0.024857076,1.13255E+18,noneBll
0,0,0,0.458620243,0.069012992,0.166666667,0.833333333,0,0.474499367,-2.313889344,-0.051904725,-0.024857076,1.1615E+18,noneBll
103,0,0,0.104146753,1.000087548,1,0,0,0.101811186,3.322639836,0.181148508,-0.009658857,1.01986E+18,noneBll
48,0,0,0.234093827,0.492344433,1,0,0,0.282879539,4.496833852,-1.401059414,-0.175130379,1.06546E+18,noneBll
10,0,0,-0.989396199,-0.451386997,0,1,0,0.12232769,2.367087877,-0.335032275,-0.33145732,1.13906E+18,noneBll
30,0,0,0.239922647,0.515583382,0.857142857,0.142857143,0,0.19007253,2.923226528,0.054260965,0.112327991,1.05898E+18,noneBll
72,0.7876,0,-0.008797233,0.588179901,0.333333333,0.666666667,0,0.015753597,3.234266649,0.300784553,-0.394021856,1.16699E+18,noneBll
0,0,0,0.493440486,0.2967392,1,0,0,0.364883679,-2.313889344,-0.051904725,-0.024857076,1.13646E+18,noneBll
0,0,0,0.104766839,0.63314806,1,0,0,-0.08823013,-2.313889344,-0.051904725,-0.024857076,1.01405E+18,bullying
0,0,0,0.109208966,0.663014925,0,1,0,-0.01248228,-2.313889344,-0.051904725,-0.024857076,1.1311E+18,noneBll
26,-0.6705,0.166666667,0.390638408,0.420526955,1,0,0,0.275621608,2.924259778,0.156130335,1.060636558,1.01735E+18,noneBll
28,0,0,-0.577078668,-0.470085909,0.142857143,0.857142857,0,-0.099232711,3.357412404,1.291303454,-1.063617818,1.17422E+18,noneBll
22,-0.6808,0.25,-0.080571932,-0.248374566,1,0,0,0.474366158,3.308549414,0.075061899,0.418870369,1.10018E+18,noneBll
0,0,0,0.097763687,0.166502192,0.75,0.25,0,0.174118043,-2.313889344,-0.051904725,-0.024857076,1.07591E+18,noneBll
0,0,0,-0.683742391,-0.127829008,0,1,0,0.465425624,-2.313889344,-0.051904725,-0.024857076,1.12158E+18,noneBll
24,0,0,0.624487819,0.516053981,1,0,0,0.262650809,1.629612619,-0.044942655,0.020621031,1.05677E+18,noneBll
7,0,0,-0.99211021,-0.192052978,0,1,0,-0.052721304,-2.313889344,-0.051904725,-0.024857076,1.15717E+18,noneBll
0,0,0,-0.869922125,-0.276967466,0,1,0,0.181200554,-2.313889344,-0.051904725,-0.024857076,1.17859E+18,noneBll
0,0,0,-0.916893221,-0.100094895,0,1,0,0.448922668,-2.313889344,-0.051904725,-0.024857076,1.1285E+18,noneBll
0,0,0,0.326319988,0.522972906,0.5,0.5,0,-0.100482348,-2.313889344,-0.051904725,-0.024857076,1.16226E+18,noneBll
0,0,0,0.64523721,0.73959883,0.833333333,0.166666667,0,0.003356796,-2.313889344,-0.051904725,-0.024857076,1.05538E+18,bullying
0,0,0,-1.450960838,-0.590696217,0,1,0,0.089894344,-2.313889344,-0.051904725,-0.024857076,1.17591E+18,noneBll
78,0,0.0625,0.568519443,0.516609989,1,0,0,0.207496386,3.272023345,-0.425519806,-0.193396488,1.17271E+18,noneBll
0,0,0,-0.390918864,0.363148944,0,1,0,-0.059568896,-2.313889344,-0.051904725,-0.024857076,1.1076E+18,bullying
0,0,0,0.508079239,0.639121654,1,0,0,-0.021396636,-2.313889344,-0.051904725,-0.024857076,1.12716E+18,noneBll
6,0,1,0.015629999,0.533253335,1,0,0,0.215591498,0.581841493,-1.182647817,1.310384391,1.0082E+18,bullying
91,-0.6124,0,0.492835777,0.458656171,1,0,0,0.345439637,2.266982748,0.241601953,-0.440745272,1.08068E+18,bullying
43,0,0,0.242489006,0.388393239,1,0,0,0.24924427,2.907082365,0.143054017,0.666087966,1.01574E+18,noneBll
17,0.0772,0,-0.093867089,0.274833304,1,0,0,0.17654992,3.957777456,-0.580946775,-0.734788412,1.05489E+18,bullying
85,0,0,0.647271343,0.419182878,1,0,0,0.27907096,2.982458325,0.086326047,0.370337447,1.15244E+18,noneBll
32,0,0,0.282591314,0.479251819,0.142857143,0.857142857,0,-0.014166572,2.967887839,0.322359268,0.310423151,1.17858E+18,bullying
28,-0.34,0,0.585248976,0.640307143,1,0,0,0.013587762,2.749274827,-0.529644202,0.52415962,1.07458E+18,bullying
70,0.5994,0,0.275394208,0.513499154,0.857142857,0.142857143,0,-0.013361699,3.17053036,-0.093164959,-0.24518594,1.03064E+18,noneBll
0,0,0,-0.348177286,0.032792359,0.428571429,0.571428571,0,-0.066435105,-2.313889344,-0.051904725,-0.024857076,1.16356E+18,noneBll
0,0,0,0.177883264,-0.650634556,0.666666667,0.333333333,0,0.175780492,-2.313889344,-0.051904725,-0.024857076,1.02556E+18,bullying
33,0.3182,0,0.766445147,0.511829405,1,0,0,0.148782774,1.815684945,0.562675303,-0.521995644,1.10965E+18,noneBll
23,0,0,0.218138851,0.561569205,1,0,0,0.042854248,2.96314803,0.770895397,-0.182798563,1.0783E+18,noneBll
0,0,0,-1.010762299,0.127114275,0,1,0,-0.098834622,-2.313889344,-0.051904725,-0.024857076,1.13391E+18,noneBll
20,0.6369,0,0.519707594,0.198123283,1,0,0,0.264635097,2.970283645,-0.382707031,-0.245453053,1.08536E+18,noneBll
21,0,0,-0.065853561,0.568500334,0.714285714,0.285714286,0,0.472809059,3.712712866,-0.577670416,-1.150274855,1.0123E+18,noneBll
23,0,0,-0.56219182,-0.563285259,0,1,0,-0.073843809,3.479446087,-0.136531984,-0.338435876,1.15057E+18,noneBll
4,0,0,-0.082316147,0.597174234,1,0,0,0.2713044,-2.313889344,-0.051904725,-0.024857076,1.10119E+18,noneBll
15,0,0,0.165120128,0.488138491,0.5,0.5,0,0.086256544,0.63425833,0.804784464,0.228527105,1.07156E+18,bullying
31,0,0,-0.147619405,0.736442251,0.857142857,0.142857143,0,0.168348059,2.305818765,0.396571651,1.316417257,1.0209E+18,noneBll
44,0,0,0.570259854,0.573251652,1,0,0,0.069110613,3.566317127,0.080026202,0.392595463,1.11995E+18,noneBll
0,0,0,-0.089779265,0.267481701,0.333333333,0.666666667,0,-0.056099229,-2.313889344,-0.051904725,-0.024857076,9.73454E+17,noneBll
0,0,0,-0.166136648,0.351288547,0,1,0,0.222866628,-2.313889344,-0.051904725,-0.024857076,1.17487E+18,noneBll
0,0,0,0.10870047,-0.026492429,0,1,0,0.029509144,-2.313889344,-0.051904725,-0.024857076,1.1045E+18,bullying
0,0,0,-0.108991256,0.394975349,0.857142857,0.142857143,0,0.297200329,-2.313889344,-0.051904725,-0.024857076,1.13013E+18,noneBll
0,0,0,-0.313572047,0.320300426,1,0,0,0.366194435,-2.313889344,-0.051904725,-0.024857076,1.02082E+18,noneBll
20,0,0,0.343740328,0.562711938,0.714285714,0.285714286,0,0.184262887,2.967402564,-0.038553169,0.101827427,1.14233E+18,bullying
0,0,0,-0.546050251,0.13012696,0,1,0,-0.141027263,-2.313889344,-0.051904725,-0.024857076,1.09764E+18,noneBll
82,-0.3657,0.058823529,0.215704763,0.076332595,1,0,0,0.258328704,2.990743534,-0.53068122,-0.008708748,1.16627E+18,bullying
67,-0.2732,0,0.307786559,0.436744442,1,0,0,0.109367547,2.520263308,0.382576792,-0.167493682,1.07532E+18,noneBll
91,-0.6369,0.05,0.798691567,0.648315842,1,0,0,0.265854691,3.264087654,-0.028150481,0.146237943,1.09989E+18,noneBll
112,-0.6983,0,0.438258969,0.47322434,1,0,0,0.272938695,3.271515498,0.130948443,-0.09661708,1.10412E+18,noneBll
26,0,0,0.760840915,1.024284146,1,0,0,0.479287313,3.341355671,-0.409677545,-0.251019462,1.16219E+18,noneBll
57,0,0,0.241598896,0.556391811,1,0,0,0.465079024,2.799745086,0.469003639,-0.046102809,1.10888E+18,noneBll
0,0,0,0.034458018,0.608167913,0.142857143,0.857142857,0,0.263465254,-2.313889344,-0.051904725,-0.024857076,1.14914E+18,bullying
0,0,0,-0.908400379,-0.545848555,0,1,0,-0.083071247,-2.313889344,-0.051904725,-0.024857076,1.07409E+18,noneBll
0,0,0,-0.694214696,0.716221567,0,1,0,-0.143261741,-2.313889344,-0.051904725,-0.024857076,1.17707E+18,noneBll
80,-0.3167,0,0.764113893,0.865085698,1,0,0,0.212170125,2.986495215,-0.521427965,0.323769058,1.11143E+18,noneBll
105,0.5267,0,-0.574805119,0.083301179,0.142857143,0.857142857,0,0.084858009,2.459169626,0.029635945,-0.060696799,1.16949E+18,noneBll
0,0,0,0.031000056,0.663353292,1,0,0,0.102081873,-2.313889344,-0.051904725,-0.024857076,9.89014E+17,bullying
0,0,0,-0.126981503,0.427959516,0,1,0,-0.08174354,-2.313889344,-0.051904725,-0.024857076,1.12161E+18,noneBll
0,0,0,0.191819321,0.538472042,0,1,0,0.031336668,-2.313889344,-0.051904725,-0.024857076,1.03692E+18,noneBll
111,0.765,0,0.723669471,0.478974535,1,0,0,0.186926419,2.919325231,-0.078129494,0.045740096,1.10523E+18,noneBll
0,0,0,-0.240407369,0.423220563,0.833333333,0.166666667,0,0.137613882,-2.313889344,-0.051904725,-0.024857076,1.0184E+18,noneBll
19,0,0,0.007492924,0.388188761,0.571428571,0.428571429,0,0.146027044,-1.699826864,-0.545200951,0.721450445,1.01444E+18,noneBll
53,0.3612,0,0.252345309,0.357349268,1,0,0,0.113465619,2.302072815,0.504694902,-0.045479596,9.90101E+17,noneBll
55,0,0,0.452273769,0.209280831,0.857142857,0.142857143,0,0.043942354,3.415896175,-0.164687067,-0.358993481,1.04831E+18,noneBll
0,0,0,-0.238763809,0.226412508,0.666666667,0.333333333,0,0.470635605,-2.313889344,-0.051904725,-0.024857076,1.16861E+18,noneBll
