VISUAL_num_faces,VISUAL_valence,VISUAL_arousal,VISUAL_gore,VISUAL_explicit,VISUAL_drug,VISUAL_suggestive,VISUAL_ocr_len,VISUAL_labels1,VISUAL_labels2,VISUAL_labels3,id,Victim,bully
0,-0.0772270833333,0.00334583333333,0.1212654939,0.176928637769,0.0718834254283,0.0950765120658,0.0,-0.14065558546,0.422713694579,-0.0515975684471,1078788598574231552,F,noneBll
0,0.0,0.0,5.48679786667e-05,6.97416546e-05,0.000127222348833,0.0001495471271,3.83333333333,0.28217136992,0.121672773434,0.0645948295302,1115991006584987648,M,noneBll
0,0.0,0.0,0.00349455839333,0.194471616833,0.0679112120933,0.231171321167,0.0,0.0859474431372,-0.221445762487,0.0219523483073,1010803384435216384,M,noneBll
0,-0.0176385416667,0.00652083333333,0.00741556095333,0.0125750050667,0.0234157595617,0.208229050922,0.0,-0.140204990613,-0.240971999104,0.198790872578,1003042166966312960,M,bullying
0,0.0,0.0,0.00401692104333,0.1115258065,0.07870626815,0.190192888333,0.0,0.347749295887,-0.224978859599,-0.0689364096059,1015768740903772160,M,noneBll
0,5.20833333333e-06,-2.08333333333e-05,7.24841045833e-05,0.00669679881833,0.00180715203333,0.0557602227677,8.0,0.0904693361481,0.489252218868,0.127481539734,1140064326645075968,M,noneBll
1,-0.0754041666667,0.0037875,0.00229331119,0.6091850515,0.02607317165,0.1017741455,0.0,-0.099973935524,0.226055098171,-0.221616343953,1128105482884636672,F,noneBll
0,0.0,0.0,0.0006776989395,0.00427983810485,0.0101496539209,0.01389140234,0.666666666667,0.469513339095,0.460862677977,0.343947860901,1160685224867364864,M,noneBll
0,-0.035665625,0.00189166666667,0.00147259763333,0.282130221667,0.00910286366667,0.217174706667,0.0,-0.42792639441,-0.0418729848587,-0.0939545906526,1083946694279860224,F,noneBll
0,-0.0123375,0.000908333333333,0.00321939035067,0.30724999855,0.0198088339525,0.0303176111217,0.0,0.236075665404,-0.103657558551,-0.256599262544,1095091242351857664,M,noneBll
0,-3.75e-05,-2.91666666667e-05,0.000162259442667,0.00932487059167,0.0122833862167,0.0855505791,0.0,-0.219083187911,-0.310680309862,0.147926748454,990183429989871616,M,noneBll
1,-0.0307822916667,0.00377708333333,4.90389984833e-05,0.000856286153617,0.00155689907467,0.0772608176899,0.0,0.0371151784437,0.128592868065,0.00931968737928,1165888095896649728,M,noneBll
1,-0.129197916667,0.00743333333333,0.000110956765167,0.000936372455,0.00110068785667,0.0539820983733,0.333333333333,-0.0801977250075,0.480922896153,-0.0425506809458,1176404479424471040,M,noneBll
0,-0.0687604166667,0.00239583333333,0.000276735800667,0.003933396,0.0023495087995,0.0915691208683,0.0,0.04041093749,0.480225153195,-0.0699031544616,1111084851513430016,F,noneBll
0,0.0,0.0,0.090195873665,0.137846568212,0.0238164303067,0.029868141125,0.0,0.0752121805842,-0.227757951876,-0.311518437225,1110813546008489984,M,noneBll
1,-0.07221875,0.01508125,0.00172132432,0.0901429293333,0.0398472220167,0.184340361517,0.0,-0.305928276802,-0.143681787133,-0.167498511033,1013994610969788416,M,bullying
0,-0.0536416666667,0.0174375,0.000388420007033,0.0451753087592,0.000835599401267,0.0878365089183,0.0,0.127140022649,-0.241187353764,-0.0948469579027,1080206571692503040,F,noneBll
0,-0.0460489583333,0.0113708333333,8.10473288333e-05,0.000718310271667,0.000454046735333,0.00176500061167,0.0,-0.0608076006302,0.358309557449,-0.0861666505086,1145541936233512960,F,noneBll
0,0.0,0.0,2.2542946e-05,1.54071729717e-05,2.58121312617e-05,7.13449216983e-05,36.1666666667,0.54868388089,-0.134614742669,-0.425314614962,1146682191703834624,M,noneBll
,,,,,,,,,,,,,
0,-0.026146875,-0.0250645833333,0.000743993508333,0.0284669375,0.0181213664,0.5185030455,0.0,-0.114473795828,0.545557482668,-0.129231645691,1137168303912091648,M,noneBll
0,0.0,0.0,0.00718885501667,0.16365213745,0.308142322833,0.0839298993333,0.0,-0.348796090254,-0.20289425655,-0.114236303032,1171707907222761472,M,noneBll
0,-0.0839510416667,0.00497291666667,0.000438832967417,0.0840384771078,0.00352369844667,0.0301992468495,1.0,0.096326436151,0.470229104887,0.132457227213,1107714967882563584,M,noneBll
0,0.0,0.0,0.00024578172255,0.00265223687283,0.000241010594133,0.0172686871093,115.333333333,0.166944588191,0.109192106879,0.0776204113205,1153087665659604992,M,noneBll
0,0.0,0.0,0.000262700690667,0.00708123506493,0.00196112723567,0.0114336067615,16.3333333333,0.537943707829,-0.206779593529,-0.434457933207,1104288379144994816,M,noneBll
1,-0.1245375,0.0262958333333,9.87373143333e-05,0.0101791960908,0.00206718072833,0.14398905971,0.0,0.0553032932989,0.59869921956,0.0122494681724,1139998679755812864,M,noneBll
0,0.0,0.0,0.110026693943,0.271402241352,0.029567943595,0.0445433753365,14.6666666667,-0.132338314878,-0.276823646775,-0.0451051645786,1079941606209196032,M,noneBll
1,-0.0109458333333,0.00447916666667,3.56240685e-05,0.000979695195,0.000551840503333,0.0499025951783,2.5,0.216205026561,0.0840801591164,0.0495046061,1071611451216748544,M,bullying
0,0.0271895833333,-0.00722291666667,0.00122815204667,0.165763175467,0.0314096331583,0.126891979583,0.0,-0.227913771974,-0.316335996807,0.138965388699,1097701474978656256,M,noneBll
1,-0.127385416667,0.0159375,0.000378531948,0.0322120613333,0.00336814121,0.261564775,0.0,-0.11476361001,0.475607466867,-0.212094353367,1162968975672778752,F,noneBll
,,,,,,,,,,,,,
,,,,,,,,,,,,,
0,-0.101380208333,0.00573125,0.000990259586667,0.129761706143,0.00468534571,0.17840869554,0.0,-0.195215405194,0.0764619694229,0.0584005303315,1001531161459441664,M,noneBll
0,0.000497916666667,-0.00274583333333,0.000360501553167,0.193165395598,0.00890903122167,0.071334865165,0.0,0.132300914016,0.0573295919825,0.407110404928,1148870331159699456,F,noneBll
0,0.0,0.0,0.000511064391333,0.316048777517,0.2163788254,0.0140029347417,46.6666666667,0.165495256008,0.179044667539,0.274324865992,1088930373125242880,M,noneBll
,,,,,,,,,,,,,
0,-0.02553125,0.0179645833333,0.000271117256667,0.410600879983,0.00172630268167,0.0454655013333,0.0,-0.245820517096,0.181060920703,-0.152974877267,1149544187516035072,M,bullying
0,-0.044971875,0.00256875,0.000220332780733,0.00696614428567,0.00241139363342,0.15749996437,0.0,-0.236954963867,0.234662082413,0.0804583837511,1113277185982144512,M,noneBll
0,0.000992708333333,-0.00222916666667,3.45271529667e-05,0.00553235362083,0.000205719100233,0.0739466412314,8.66666666667,0.437456814977,0.383653036673,0.415965612994,1139371426856730624,F,noneBll
1,0.0377375,0.0192333333333,0.00343050989,0.17487481,0.0161266218667,0.646955385,0.0,-0.280682264885,0.103791031021,-0.0684291933009,1090088382400745472,M,noneBll
0,0.000141666666667,6.45833333333e-05,0.000469570648333,0.0307082980233,0.00366704511,0.0603410829167,0.0,-0.117395790685,-0.312541978395,0.0259004308027,1085445634200375296,F,bullying
0,0.0,0.0,0.0790094758,0.14437428375,0.0178242823833,0.0540616985667,0.0,0.0519666537859,-0.202015408033,-0.302198560148,1118658638433644544,M,bullying
0,-0.0168145833333,-0.000575,0.0024688674,0.278678601667,0.0135745933333,0.428820667,0.0,-0.378177051634,-0.121135545104,0.0275055558638,1153579232531042304,M,noneBll
0,-0.00271770833333,0.00136041666667,0.00371087191,0.290521987667,0.0201674297833,0.196410720833,0.0,-0.318042986768,-0.144016873009,0.155669768471,1004191380798881792,M,bullying
,,,,,,,,,,,,,
,,,,,,,,,,,,,
0,0.0,0.0,0.0217864391762,0.124375440727,0.00410233791267,0.030695747025,1.5,-0.125502826675,-0.0471991185714,-0.275348715885,934257439124123648,M,bullying
1,-0.0171666666667,0.00663958333333,0.000156565974667,0.0112228965,0.000292153249333,0.0309613790167,0.0,-0.390555135214,-0.0346892672892,0.0686147807632,1111796155240882176,F,noneBll
0,0.0,0.0,7.02545637167e-05,0.012713270701,0.00205315304617,0.00450632746817,0.0,0.40325489173,-0.159570590027,-0.301125965809,1144141477287514112,M,noneBll
,,,,,,,,,,,,,
1,-0.100901041667,0.00578541666667,0.003275995549,0.0720978298203,0.068951407955,0.106219749971,0.0,0.250944866743,0.0427970223181,-0.234266472072,1111467239292444672,F,bullying
,,,,,,,,,,,,,
,,,,,,,,,,,,,
0,-0.094153125,0.00755833333333,0.000516568373333,0.136675114083,0.000869273291667,0.186889692833,0.0,0.0242215209062,0.287070276775,0.290248386078,1131796294386483200,M,noneBll
0,-0.0249885416667,0.0072625,0.000315669051667,0.0104179645167,0.00174875091,0.0190921760283,0.0,-0.433714480949,0.0622303620932,-0.0477599411629,1076449821596205056,M,noneBll
1,0.00377708333333,0.0289166666667,0.000136945646667,0.0546640045,0.00117362441833,0.00562931183333,0.0,-0.13273113109,0.215620614954,0.121971190748,1154631183800373248,F,noneBll
0,0.0,0.0,0.0001189453975,0.000598378533167,0.000238574372167,0.0002962220443,0.0,0.326861464116,-0.230213298845,-0.229398035521,1058237395197440000,M,noneBll
1,-0.032084375,0.00271041666667,0.00029001831,0.24605473015,0.00236980085833,0.309853060117,0.0,-0.396528249973,-0.0882419655902,0.000320558579494,1017316387020218368,M,noneBll
1,-0.158108333333,0.009475,0.000466765923833,0.0312492186167,0.00342842956,0.132901177167,0.0,-0.369426932214,0.0341210047043,-0.102406471616,1045523258935754752,F,bullying
0,0.0,0.0,3.72887402583e-05,1.81905869167e-06,0.0011326579007,3.0615490755e-06,0.0,0.617800385465,0.116728921535,-0.0483620967001,1139571355960934400,M,noneBll
,,,,,,,,,,,,,
,,,,,,,,,,,,,
0,0.00173125,0.00251458333333,0.001223451935,0.0403630482983,0.0991087007483,0.0892450826,0.0,-0.0214826663052,0.0835114776702,0.252027005567,995662050179371008,M,noneBll
0,0.0,0.0,0.0308381157083,0.300908840333,0.0154525783333,0.0988845126667,1.5,0.13748526328,-0.28273249334,0.161387372398,1161096355180343296,M,noneBll
0,0.0,0.0,8.5993071e-05,3.30033746667e-05,0.000666475579333,4.690207295e-05,15.0,0.506894083019,-0.157993212782,-0.334007359418,1108881566114979840,M,noneBll
,,,,,,,,,,,,,
0,-0.0384458333333,0.00159375,0.000565253832,0.192253054933,0.00685539505,0.185149625733,0.0,-0.170581409702,-0.296790130751,0.152901919404,1125371652864389120,M,noneBll
1,-0.0006625,0.00617083333333,0.00106835739833,0.0565002903333,0.0210286418667,0.375949493333,1.83333333333,-0.363705339481,0.317430247264,-0.168249568176,1073365057221664768,M,noneBll
0,-0.04898125,-0.00400625,0.000400392832333,0.0073980514156,0.0031238762894,0.0148354822702,1.5,-0.0274415815558,0.451953963922,-0.0688880474231,1172294545229434880,M,noneBll
,,,,,,,,,,,,,
0,-0.0505614583333,0.00247708333333,0.00636874651167,0.260688939728,0.0181800302,0.147884773,0.0,0.113783291731,-0.0981241633453,-0.197981442179,999836029462667264,M,noneBll
,,,,,,,,,,,,,
0,0.0,0.0,0.00297506204,0.0296091532333,0.127914341967,0.0735607638333,0.0,-0.0904981512069,-0.353377054296,0.411581979641,1047214355399462912,F,noneBll
1,-0.118088541667,-0.000464583333333,0.000547991164167,0.00871898199917,0.00445648251333,0.0224924408433,0.0,-0.0545198712347,0.271365289342,-0.0606089188485,1127876297960669184,F,noneBll
0,0.0,0.0,0.000259383952167,0.000460075318167,0.00014895023135,0.000384346692333,183.833333333,0.433156198584,0.372875865369,0.278862469533,1179668668150398976,F,noneBll
0,-0.000710416666667,-0.000939583333333,0.00138347450563,0.123357863403,0.0512592127257,0.0225677882167,0.0,0.168113705738,0.402865827396,0.135561397223,1174139920647086080,M,noneBll
0,0.0,0.0,0.000766675715,0.12298128875,0.00104117504,0.0368123771167,0.0,0.252676781832,0.183751820138,0.222726679598,1175534682763677696,M,noneBll
,,,,,,,,,,,,,
,,,,,,,,,,,,,
,,,,,,,,,,,,,
0,0.00522916666667,0.00378333333333,0.000931811360333,0.006819128285,0.018013202705,0.00446990833,0.0,0.180467936316,-0.18532795178,-0.00468702919283,1086708000095629312,M,noneBll
,,,,,,,,,,,,,
,,,,,,,,,,,,,
,,,,,,,,,,,,,
0,-0.034975,0.00181041666667,0.000832529796667,0.00435985563667,0.00116830156967,0.0709013013667,0.0,-0.0139008125139,-0.314300738654,0.179393034974,1087535147143827456,M,noneBll
0,-0.0422708333333,0.00272708333333,0.000105808799,0.00302851602167,0.00236023062333,0.0420885336667,0.0,0.0897838207962,0.140561389873,0.130346523816,1118326100557180928,F,noneBll
0,-0.0121947916667,-0.00238125,0.00293912016917,0.0169087878933,0.005525099499,0.0115662917272,0.0,-0.214962569727,-0.00347989112215,-0.23732588935,1017970044258377728,M,bullying
,,,,,,,,,,,,,
,,,,,,,,,,,,,
,,,,,,,,,,,,,
,,,,,,,,,,,,,
,,,,,,,,,,,,,
,,,,,,,,,,,,,
0,-0.0251333333333,0.00054375,0.0001498293164,0.0943126752088,0.000872038223,0.00800952137167,31.0,0.103195317734,0.179724926025,-0.0105909481755,1173788073822248960,M,noneBll
,,,,,,,,,,,,,
,,,,,,,,,,,,,
0,-0.0229625,0.0140229166667,8.85540985e-05,0.107536274817,0.000497919890667,0.526984387195,6.66666666667,-0.399411034737,0.0818834213621,-0.122897420575,1100096249568595968,F,noneBll
0,0.0,0.0,0.00668152086083,0.0534279404667,0.210339008067,0.213213301417,0.0,0.0636589541783,0.188931151284,-0.0398351646496,1013942839530467328,M,bullying
,,,,,,,,,,,,,
0,0.00292083333333,-0.01156875,0.08837033438,0.111426740833,0.194298408933,0.197789188667,0.0,-0.0447411801744,-0.271657328347,-0.0426868963112,943257274946842624,F,noneBll
,,,,,,,,,,,,,
,,,,,,,,,,,,,
0,-0.0351833333333,0.00217083333333,0.000241470192167,0.0386485735817,0.0161253977325,0.150911163067,0.0,-0.0241085003932,0.407939422295,0.132772249824,1131877970764574720,M,noneBll
,,,,,,,,,,,,,
,,,,,,,,,,,,,
,,,,,,,,,,,,,
,,,,,,,,,,,,,
,,,,,,,,,,,,,
,,,,,,,,,,,,,
,,,,,,,,,,,,,
0,0.0,0.0,8.9313151e-05,0.00070005655,0.000243314912667,0.00361489798667,0.0,0.364803739394,0.0505552357162,-0.161374740504,1156453163369406464,M,noneBll
0,0.00798645833333,0.0248854166667,0.000149685123167,0.0177667022767,0.002227771213,0.28761626162,13.0,0.0247637982024,0.339390199934,0.0434659567482,1162626868445327360,F,noneBll
,,,,,,,,,,,,,
0,-0.0554,0.00322083333333,0.000104249526217,0.0103947470837,0.00178572222737,0.0662029575565,0.0,-0.193144481998,-0.170574940734,-0.0870461837955,1036470207365230592,M,noneBll
,,,,,,,,,,,,,
,,,,,,,,,,,,,
,,,,,,,,,,,,,
0,-0.138383333333,0.00949791666667,0.000186049814,0.0325507159483,0.000826037446667,0.0148011260617,0.0,-0.126376500291,0.198620377622,0.0808467032031,1123670404188282880,M,noneBll
,,,,,,,,,,,,,
,,,,,,,,,,,,,
0,-0.0354020833333,0.00190833333333,0.188101693167,0.1056136089,0.00160305408833,0.108636124155,0.0,-0.38190753992,-0.203595277152,0.0149794505487,1067712613082931200,M,noneBll
0,0.0,0.0,0.000494386011833,0.0183292703883,0.0108062015283,0.0418755415,0.0,0.246640903434,-0.252220256339,0.422965348764,1169509008340873216,F,noneBll
0,-0.073640625,0.00594375,0.000901019312167,0.0667780055,0.00248899421833,0.144180717667,0.0,-0.259079728946,0.0880189689279,-0.184138129251,1076155793067458560,F,bullying
,,,,,,,,,,,,,
,,,,,,,,,,,,,
1,-0.0163114583333,0.000766666666667,0.00121384812133,0.136746522278,0.22364059757,0.0275147845717,0.166666666667,-0.142902615424,-0.399851201671,0.210259072476,1144331807962107904,M,noneBll
,,,,,,,,,,,,,
0,0.0,0.0,0.000113814341833,0.000612159365333,0.0173344936103,0.00809132851333,20.6666666667,0.547906074764,-0.190189947086,-0.460489066001,1178177738159624192,M,noneBll
,,,,,,,,,,,,,
,,,,,,,,,,,,,
,,,,,,,,,,,,,
,,,,,,,,,,,,,
,,,,,,,,,,,,,
0,0.0,0.0,0.000269217344667,0.00682343091667,0.170404272533,0.0424993198,8.0,0.184843597723,-0.146959015019,-0.243565731635,1134750388717752320,F,noneBll
0,0.0,0.0,0.000379569340833,0.0373747008683,0.02291461255,0.133627041567,30.1666666667,0.566681095205,-0.147793661993,-0.417854535315,1123478650373783552,M,noneBll
,,,,,,,,,,,,,
1,-0.0619635416667,0.0011625,0.00541265839667,0.0480868064483,0.152620405208,0.145305585345,0.0,0.125733003856,0.0486943454061,-0.0769503573395,1089277769843875840,M,noneBll
,,,,,,,,,,,,,
,,,,,,,,,,,,,
,,,,,,,,,,,,,
0,-0.00606145833333,0.000297916666667,5.69008987e-05,0.000701141003,0.0010252012125,0.00304682458783,8.83333333333,0.241905780914,-0.309187831807,0.347867223785,1148850447302692864,M,bullying
,,,,,,,,,,,,,
3,-0.118865625,0.00618125,0.001673681875,0.00468546358333,0.047028209,0.0178845242833,0.0,-0.096644312036,0.061284314338,-0.147485622095,990362753342521344,F,noneBll
,,,,,,,,,,,,,
2,-0.144972916667,0.0133291666667,1.77330348333e-05,0.000374139828683,5.24778163333e-05,8.40941686667e-05,5.16666666667,0.157773079301,0.171062216728,-0.00848069716301,1180727889881411584,M,noneBll
,,,,,,,,,,,,,
,,,,,,,,,,,,,
,,,,,,,,,,,,,
,,,,,,,,,,,,,
0,0.0,0.0,0.00096498172,0.03070738465,0.00384301700833,0.0785457008333,0.0,-0.0699359981675,-0.340948067664,0.541299146834,1053867748171595776,F,noneBll
0,0.0,0.0,4.12167043333e-06,3.97047562667e-06,2.13703111667e-07,2.44512984167e-05,0.0,0.470837383935,-0.193189700308,-0.25269609695,1034009613798187008,M,noneBll
0,-0.0009,-0.000497916666667,0.00185260582908,0.115580566946,0.0119789453014,0.0560208044228,0.0,-0.263905981482,-0.197733347168,0.0759140057388,1009254563917803520,M,noneBll
0,-0.0256,0.0145916666667,0.000969728873333,0.222073853703,0.00299050557467,0.0840515490833,0.0,0.0289374943726,0.180983894659,-0.0520808659744,1172007640122183680,M,noneBll
,,,,,,,,,,,,,
0,0.0,0.0,7.82018226667e-07,3.95208351833e-06,1.62966156333e-06,1.25278095333e-05,8.66666666667,0.539586810838,-0.227798614535,-0.342742944633,1091205374369021952,M,noneBll
0,-0.0218697916667,-0.000264583333333,0.012038104026,0.001962309514,0.00105502314687,0.00446057398167,0.0,-0.0335928877274,-0.256867310647,0.0277060756315,1121250455540867072,M,noneBll
0,-0.000425,7.08333333333e-05,0.0013754053755,0.233524893483,0.0969634208733,0.2183825298,0.0,-0.198408823175,-0.0832738027302,-0.0928235501138,1090353709025779712,F,noneBll
,,,,,,,,,,,,,
,,,,,,,,,,,,,
0,-0.0195385416667,0.0205729166667,0.000235767907333,0.247108156845,0.00181743428333,0.11265757625,0.0,-0.408493504795,-0.067769256709,0.0481647077027,1068090269611814912,M,bullying
,,,,,,,,,,,,,
,,,,,,,,,,,,,
,,,,,,,,,,,,,
0,-0.0707979166667,0.00416458333333,0.00394766336667,0.08215334365,0.0365672358333,0.0394591506333,0.0,0.142605485153,0.0812405657386,-0.0166103844766,1176468460994273280,M,noneBll
,,,,,,,,,,,,,
1,-0.0322697916667,0.00085625,0.000758711337833,0.0311810091,0.02781706954,0.0190696685167,0.0,-0.208878603843,-0.0207181655488,0.00550318772589,1161351608429625344,M,noneBll
,,,,,,,,,,,,,
,,,,,,,,,,,,,
,,,,,,,,,,,,,
,,,,,,,,,,,,,
0,-0.108455208333,0.00571666666667,0.000350428076083,0.005226960316,0.153190969748,0.0248242442162,0.0,-0.358917384464,-0.051676453457,-0.0963169683363,1181848305580351488,F,bullying
,,,,,,,,,,,,,
0,0.000541666666667,0.00061875,1.79636190833e-05,4.24295174667e-05,0.000105371960167,0.0001475423464,0.0,0.370829197436,0.41667660059,0.317077914379,1141578684688445440,M,noneBll
,,,,,,,,,,,,,
1,4.6875e-05,1.25e-05,0.000141363127,0.0986817551605,0.0006479635655,0.218193110183,0.0,0.0570068128267,0.42484299016,0.0501691868515,1173117061120327680,M,noneBll
,,,,,,,,,,,,,
,,,,,,,,,,,,,
1,-0.0145447916667,-0.000379166666667,0.00179049383167,0.0337074189667,0.391574109167,0.12175683,0.0,-0.152986761699,-0.161101651021,-0.0496020265663,1164288224353816576,M,noneBll
0,0.0,0.0,1.46436691333e-05,4.60492088167e-05,0.000390797416917,3.84863563833e-05,2.83333333333,0.581489320729,-0.154501138623,-0.45147425754,1098427247180034048,M,noneBll
,,,,,,,,,,,,,
,,,,,,,,,,,,,
,,,,,,,,,,,,,
,,,,,,,,,,,,,
,,,,,,,,,,,,,
1,0.0256479166667,-0.0249270833333,0.00112037122,0.01871197625,0.0109840829123,0.314305536,0.0,-0.104241492392,-0.151208887654,-0.265141885516,1004042856425508864,M,noneBll
0,0.0,0.0,4.73599306667e-05,0.000122949690333,4.60161521667e-05,4.77309703333e-05,0.0,0.392617027609,0.255564641443,0.189058101094,1161761878444322816,M,noneBll
,,,,,,,,,,,,,
,,,,,,,,,,,,,
0,0.0,0.0,0.000213571542,0.0175773807903,0.0018247517185,0.0075659942725,2.16666666667,0.167189576101,-0.173058808492,-0.238485001862,1176423855544258560,M,noneBll
,,,,,,,,,,,,,
,,,,,,,,,,,,,
1,0.00523125,-0.0101125,0.00168376164333,0.08635379115,0.009362837495,0.0344978367167,0.333333333333,-0.309814125971,-0.353820796619,0.107101919836,1053851785821384704,M,noneBll
,,,,,,,,,,,,,
,,,,,,,,,,,,,
,,,,,,,,,,,,,
,,,,,,,,,,,,,
0,0.0,0.0,5.54899548333e-05,0.000153893442667,0.343568521295,0.000543758565833,46.3333333333,0.567146221271,-0.0898765411062,-0.330423824048,1159300006243655680,M,noneBll
,,,,,,,,,,,,,
0,0.0,0.0,0.003360236375,0.277654123317,0.0772845871183,0.0552399439333,0.0,0.0257648370015,-0.226008060266,-0.146817504177,1120980150667079680,M,noneBll
0,0.0,0.0,6.815045115e-05,0.000223712024997,0.000928512852833,0.00193777841573,11.8333333333,0.197951547449,0.393955023737,0.0626962116129,1123819302441644032,M,noneBll
,,,,,,,,,,,,,
,,,,,,,,,,,,,
0,0.0,0.0,0.000427771666,0.144614939095,0.0115120287817,0.284783059,0.0,-0.00150081279652,-0.323975925777,-0.194186082363,1118342327396659200,M,bullying
,,,,,,,,,,,,,
,,,,,,,,,,,,,
0,0.0,0.0,0.000104946310833,0.0690717613667,0.000363314493333,0.115437926833,0.0,0.0807006595714,0.361888914692,-0.00339014548365,1115144120886087680,M,noneBll
,,,,,,,,,,,,,
,,,,,,,,,,,,,
0,-0.0228447916667,-0.000802083333333,0.000512934894333,0.0122103995833,0.0252896794833,0.01952674575,35.8333333333,0.118729759955,0.401502068207,0.050680268311,1059574871014674432,M,bullying
,,,,,,,,,,,,,
,,,,,,,,,,,,,
,,,,,,,,,,,,,
0,-0.0763166666667,0.00170416666667,0.000379667800833,0.0162338468383,0.000808738928667,0.175609944152,0.0,-0.171402898579,0.432795729936,-0.0891838360627,1173345217597095936,M,noneBll
,,,,,,,,,,,,,
,,,,,,,,,,,,,
1,-0.001359375,-0.000745833333333,0.000315740183833,0.0257275708933,0.00300118823167,0.176164243583,0.0,0.0473629681849,0.213091355094,-0.105696136497,1118818378325385216,M,bullying
,,,,,,,,,,,,,
0,0.0,0.0,0.000600518506667,0.0905293858333,0.00247435777,0.0810755626667,0.0,0.29559095757,-0.337240981946,-0.207672525694,1105729411736543232,M,bullying
,,,,,,,,,,,,,
0,0.0,0.0,0.000133356213583,0.001489418306,0.0005722771225,0.0004856976555,3.16666666667,0.511063760155,-0.243144550958,-0.347889425922,1058495731721728000,M,noneBll
,,,,,,,,,,,,,
,,,,,,,,,,,,,
,,,,,,,,,,,,,
,,,,,,,,,,,,,
0,-0.082190625,0.0245458333333,0.001560975927,0.336514075933,0.00537652012833,0.487751207333,0.0,-0.249694822889,0.018764711705,-0.212369968453,1141891042325520384,M,noneBll
,,,,,,,,,,,,,
,,,,,,,,,,,,,
,,,,,,,,,,,,,
,,,,,,,,,,,,,
,,,,,,,,,,,,,
,,,,,,,,,,,,,
,,,,,,,,,,,,,
0,0.0,0.0,0.000139900935667,0.021393756925,0.000550874097,0.115388088483,3.16666666667,0.389867678977,-0.315661049676,-0.11432563696,1157453574419460096,M,noneBll
,,,,,,,,,,,,,
0,0.000994791666667,0.00196666666667,0.00109433822733,0.07288032065,0.00292545724667,0.121064251767,0.0,0.142741044981,-0.290956840661,-0.234899805446,1030291178240856064,M,noneBll
,,,,,,,,,,,,,
,,,,,,,,,,,,,
,,,,,,,,,,,,,
0,0.0,0.0,8.87452770333e-06,5.17787981583e-05,7.2691103356e-05,0.000117366722083,12.0,0.540860699097,-0.176242689141,-0.361850595626,1155021840100564992,M,noneBll
,,,,,,,,,,,,,
,,,,,,,,,,,,,
,,,,,,,,,,,,,
,,,,,,,,,,,,,
,,,,,,,,,,,,,
1,-0.00488958333333,0.00308125,0.00125963907533,0.117287027967,0.00301782835333,0.559790359167,0.0,-0.286765776639,-0.20519286799,0.087350889103,1047662801553936384,M,bullying
0,-0.0176760416667,0.00393541666667,0.000635295361,0.0125839407,0.00581522063167,0.0449737513667,0.0,-0.172807104316,-0.408682807936,0.377775645373,1063362568720117760,M,noneBll
,,,,,,,,,,,,,
,,,,,,,,,,,,,
,,,,,,,,,,,,,
,,,,,,,,,,,,,
0,0.0,0.0,0.00201680301333,0.00529808106667,0.189591832717,0.0213040729667,7.33333333333,-0.130114292385,-0.095265671441,-0.147865521667,1116746377507311616,M,noneBll
,,,,,,,,,,,,,
0,0.0,0.0,0.000331945727833,0.0496516873,0.00107303978067,0.342677528333,4.5,-0.0400912304094,-0.255280748468,-0.250886319229,1079327636633055232,F,bullying
,,,,,,,,,,,,,
,,,,,,,,,,,,,
,,,,,,,,,,,,,
,,,,,,,,,,,,,
0,0.0,0.0,0.00011196350705,0.000115903612167,0.0100582530328,0.000877634263833,0.0,0.369015252911,-0.0302745399204,0.0445081525054,1154691382318178304,M,noneBll
,,,,,,,,,,,,,
,,,,,,,,,,,,,
,,,,,,,,,,,,,
,,,,,,,,,,,,,
0,0.0,0.0,0.000211605152,0.00189484974012,0.000590092955567,0.000550691103133,5.83333333333,0.0311890134282,-0.283869151946,-0.0970977851158,1059992032464228352,M,noneBll
0,0.0,0.0,0.00409289360167,0.545746795,0.129950626558,0.282268228333,0.0,0.357153534032,-0.105518381456,-0.313612035345,1157191751178588160,M,noneBll
,,,,,,,,,,,,,
,,,,,,,,,,,,,
,,,,,,,,,,,,,
,,,,,,,,,,,,,
0,0.00280416666667,-0.0106125,0.00105520995333,0.00679417431,0.003037736845,0.0174959443833,0.0,-0.201547892838,0.233857723725,-0.231734761068,1179657072758132736,M,noneBll
,,,,,,,,,,,,,
,,,,,,,,,,,,,
0,0.0,0.0,0.0001052774923,0.00293520958918,0.0810184964536,0.00311078000572,24.8333333333,0.458990132589,0.480015472852,0.327103108229,1175237914666627072,M,noneBll
0,0.0,0.0,0.00129282391667,0.00728719817833,0.271847416278,0.0260544728683,0.0,0.123203452375,-0.292665975184,0.0302722726388,1162580603787464704,F,noneBll
0,-0.0548510416667,-0.000325,0.00285924370055,0.390473116479,0.00669793245,0.289655212242,3.5,-0.310506406292,0.219977003277,-0.131271145051,1130232332545142784,M,noneBll
,,,,,,,,,,,,,
1,-0.0379041666667,-0.0354541666667,0.000223119631167,0.00222352262833,0.00144471067,0.0108132855983,0.5,-0.10702615909,0.038524044681,0.1399868087,1143289117963067392,F,noneBll
0,-0.0354166666667,0.00208333333333,0.00634915701667,0.110602529167,0.0793953337333,0.3161363595,0.0,0.0781870092299,-0.429284661482,-0.0801013251246,981968717728935936,M,noneBll
0,0.0,0.0,0.0001105483925,0.003893177865,0.001199971555,0.00211126727,1.83333333333,0.0781529279329,-0.424924571196,0.393045115097,978943102335553536,M,noneBll
0,-0.00242604166667,1.66666666667e-05,0.0126628349367,0.0659246608333,0.0482710289833,0.0720961471667,0.0,-0.142428223491,-0.362448406428,0.300955673278,1040480063214456832,M,bullying
,,,,,,,,,,,,,
,,,,,,,,,,,,,
,,,,,,,,,,,,,
1,-0.0981822916667,0.00194166666667,0.000742783079767,0.135601569042,0.00639757436833,0.110499854478,1.5,-0.00825842730432,0.517044626818,-0.0637539403884,1125213533622435840,M,noneBll
0,0.00419270833333,-0.0124291666667,0.00132991902333,0.478945339333,0.0211851507833,0.122669854617,0.0,-0.0195710804941,-0.235858364704,-0.151275633152,1178457386067935232,M,noneBll
0,-6.04166666667e-05,0.00063125,0.00044167725,0.234620564333,0.007940586,0.580444980167,0.0,-0.237121352996,-0.146936019672,-0.115476628553,1057758328068952064,M,noneBll
,,,,,,,,,,,,,
,,,,,,,,,,,,,
,,,,,,,,,,,,,
0,0.0150333333333,0.02066875,0.00041332051825,0.00744123863683,0.0077603152728,0.0615966927288,0.0,0.540445790377,-0.230576898899,-0.415725679966,1075400357594677248,M,noneBll
,,,,,,,,,,,,,
,,,,,,,,,,,,,
,,,,,,,,,,,,,
,,,,,,,,,,,,,
0,0.0,0.0,0.000288054889433,0.0024428345215,0.0108480404083,0.0216846934333,0.0,0.39871723032,-0.297004382649,-0.270053785695,994090244574011392,M,noneBll
0,0.0,0.0,0.000423814379,0.0104059809,0.105819074167,0.0167426341833,0.0,0.179424074953,0.107853885507,-0.198525768017,1144852046810681344,F,noneBll
0,0.00181666666667,-0.00207083333333,0.0010977085035,0.15357147333,0.00380321563,0.0420458733333,3.0,-0.108435573827,-0.167690059951,0.347931086298,1050956336680345600,M,noneBll
0,0.0,0.0,0.0798678099367,0.164256027483,0.0531261806333,0.196082764767,0.0,0.0296835637139,-0.131978950538,0.0583590808363,1146660619244724224,M,bullying
,,,,,,,,,,,,,
,,,,,,,,,,,,,
0,0.0,0.0,0.00136474455917,0.0500282560667,0.195429578475,0.0919701019,0.0,0.171325999841,-0.37571723693,-0.0108103277451,1021214042855018496,F,noneBll
0,0.0,0.0,0.000106889140917,4.91579036167e-05,0.000135616194433,6.26725441667e-05,0.0,0.536043764732,-0.245293709972,-0.426327915114,1018345515672645632,M,noneBll
,,,,,,,,,,,,,
1,0.000353125,-0.000541666666667,0.00104448313382,0.138665921503,0.00184190500217,0.0398546775167,0.0,0.185378087972,-0.254897738254,0.206979666999,1006189706306084864,F,noneBll
,,,,,,,,,,,,,
,,,,,,,,,,,,,
,,,,,,,,,,,,,
,,,,,,,,,,,,,
1,-0.00182291666667,0.00130833333333,0.00206013813833,0.00872340183333,0.0138442560167,0.0426287058333,0.0,0.291616963278,-0.138369455774,-0.0938677103157,1107179072607424512,M,noneBll
0,0.0,0.0,4.14726791333e-05,0.00245669306038,0.000283845962167,0.0845753245435,0.0,0.110594204369,0.276234095071,0.216061184433,1169048030134378496,F,noneBll
,,,,,,,,,,,,,
,,,,,,,,,,,,,
0,0.0,0.0,0.00502863345667,0.595459536667,0.0404375495883,0.181791360167,0.0,-0.234432242086,-0.194414274189,-0.111996533902,1120955068431372288,F,bullying
0,0.0,0.0,1.35635116667e-05,0.00014545792455,3.12643208667e-05,0.000122718617667,0.0,0.53380104198,-0.305332597716,-0.433858170606,1123119034326523904,M,noneBll
,,,,,,,,,,,,,
,,,,,,,,,,,,,
0,-0.0868729166667,0.00517916666667,0.000497334816667,0.16882766675,0.0054244687,0.0160942279833,0.0,-0.336927075795,-0.308964472854,0.257010140847,1046262244998258688,M,bullying
0,-0.0705145833333,0.00414791666667,0.000543937984667,0.161234097431,0.00189184646083,0.015027706711,0.0,-0.0746551138066,-0.198243274862,0.0847316121417,945803943852818432,M,noneBll
,,,,,,,,,,,,,
0,-0.0690114583333,0.00407708333333,0.288965937827,0.144202069333,0.01508044311,0.0105478970167,4.0,-0.0509081697443,-0.428715724468,0.272660424432,987238296176463872,F,noneBll
,,,,,,,,,,,,,
,,,,,,,,,,,,,
,,,,,,,,,,,,,
0,0.0,0.0,0.0388615816016,0.0563151018833,0.00475366196017,0.0797263904985,0.0,0.125778615216,-0.364743230801,-0.0341991147257,1053238178943234048,M,noneBll
0,0.0,0.0,0.000166853087333,0.00013731649375,6.90538946e-05,0.0002620642505,7.0,0.554263514406,-0.175001273596,-0.442993457542,1171260118231326721,M,noneBll
,,,,,,,,,,,,,
,,,,,,,,,,,,,
,,,,,,,,,,,,,
,,,,,,,,,,,,,
0,0.0,0.0,9.98850875e-05,0.0524589663395,0.000283645085,0.0364458570255,0.0,0.21419792322,-0.274226294807,-0.0891657881804,1081770339480018944,M,noneBll
1,-0.0435239583333,0.000810416666667,0.00231938157333,0.177214621667,0.00871139829667,0.181051102,0.0,-0.44633142211,-0.146903306912,0.060384396605,1121158480284499968,F,noneBll
0,-0.0347916666667,0.00583125,0.000235617540233,0.00217719548457,0.0137369526977,0.0483388164811,0.0,-0.087563306292,-0.318367031854,0.0439884462496,1038952710659035136,M,noneBll
0,0.0,0.0,0.00108103106117,0.0060519530021,0.00272228509,0.00601874505417,0.0,0.43571497241,-0.268497684604,-0.077326899641,1147087383884611584,F,noneBll
,,,,,,,,,,,,,
,,,,,,,,,,,,,
0,-0.000684375,-0.0134833333333,0.0010712864925,0.286657029337,0.0771942717472,0.025471828624,0.0,-0.294971047733,-0.136294848498,-0.0158520668428,1066477558595461120,M,noneBll
,,,,,,,,,,,,,
0,0.0,0.0,0.001010342225,0.267926351,0.0859258389017,0.529458475333,0.0,-0.289833864208,0.0612357503857,-0.241507041403,1092214858084454400,M,noneBll
,,,,,,,,,,,,,
,,,,,,,,,,,,,
0,-0.0492166666667,0.002725,0.0001196759185,0.00519258571667,0.00394969504908,0.0714611182033,0.0,-0.00829255627981,-0.0210654264267,-0.0016673720359,1149761218580512768,F,noneBll
0,0.0,0.0,0.000331357868833,0.017298515745,0.00209316279633,0.0162769596733,17.0,0.563055236108,-0.225517751127,-0.379690360491,1055573849443864576,M,noneBll
,,,,,,,,,,,,,
,,,,,,,,,,,,,
1,-0.0357197916667,0.00841666666667,0.000726692338333,0.455250543167,0.0298544336333,0.2020705399,15.1666666667,0.251059712473,-0.0536297946918,-0.318271408242,1105234550293950464,M,noneBll
,,,,,,,,,,,,,
,,,,,,,,,,,,,
,,,,,,,,,,,,,
0,0.0,0.0,5.52635850667e-05,9.466258515e-05,0.000126880362005,0.000219141359433,0.0,0.54097318607,-0.257527169097,-0.35150180273,1073767088117682176,M,noneBll
,,,,,,,,,,,,,
0,0.000314583333333,0.00044375,0.000837774183333,0.000881259442167,0.000227957348333,0.00342836267567,0.0,0.144833779256,-0.257261940993,-0.266494786177,1118654490065932288,M,bullying
,,,,,,,,,,,,,
0,0.0,0.0,0.000178339339167,0.00184675448683,0.0160237886243,0.00661572695333,5.83333333333,0.373884649677,-0.362486535568,-0.277642345887,1125222179148386304,M,noneBll
,,,,,,,,,,,,,
,,,,,,,,,,,,,
,,,,,,,,,,,,,
,,,,,,,,,,,,,
0,-0.0382208333333,0.00212291666667,0.00287993493167,0.0115932919,0.00349470684333,0.00957073213333,0.0,0.119373562018,-0.198071790278,-0.000929670109118,1054174904356311040,F,bullying
0,0.0,0.0,0.000490552424133,0.0120434346694,0.0133061668519,0.0483139751469,1.33333333333,0.0933347065032,0.192112573737,-0.00901907309785,1113181724466429952,M,noneBll
,,,,,,,,,,,,,
,,,,,,,,,,,,,
,,,,,,,,,,,,,
,,,,,,,,,,,,,
,,,,,,,,,,,,,
0,0.0,0.0,0.00582627776,0.177363217167,0.0213348651333,0.14765006475,0.0,0.149761293652,-0.206506118366,-0.0679598809251,1040475260585484288,F,noneBll
,,,,,,,,,,,,,
0,0.0,0.0,0.00659773372833,0.115840086767,0.02482228305,0.0958192791667,0.0,0.204418072957,-0.208242250279,-0.119077955983,1036776803483684864,M,bullying
,,,,,,,,,,,,,
0,0.0,0.0,0.000434281008333,0.0678907293083,0.00173889966667,0.0931352164333,0.0,-0.0602815136833,-0.152377573588,0.025109617793,1027519055210438656,F,noneBll
,,,,,,,,,,,,,
,,,,,,,,,,,,,
,,,,,,,,,,,,,
,,,,,,,,,,,,,
,,,,,,,,,,,,,
0,6.25e-05,-0.00025,1.61943500667e-05,0.0402262727667,0.000206222779333,0.0023043,0.0,0.194915663322,-0.189128924032,-0.10579346227,1178861486844547072,M,noneBll
0,-0.00233229166667,-0.00522291666667,0.0130428809087,0.00652883728083,0.00422259103333,0.0881237379633,0.0,0.0176765507873,-0.352355506655,0.493079752156,948113155073118208,M,noneBll
,,,,,,,,,,,,,
,,,,,,,,,,,,,
,,,,,,,,,,,,,
1,-0.141283333333,0.00963333333333,0.00202137486883,0.2863441052,0.00558081270333,0.236334544333,0.0,-0.035492573164,-0.1566768122,-0.194484118695,982975898804736000,F,noneBll
0,0.0,0.0,8.34359125e-06,0.000316635436917,2.01694699433e-05,0.000134499853917,0.0,0.496322674757,-0.321531314408,-0.401868096801,1106623252002156544,M,noneBll
,,,,,,,,,,,,,
,,,,,,,,,,,,,
,,,,,,,,,,,,,
,,,,,,,,,,,,,
,,,,,,,,,,,,,
,,,,,,,,,,,,,
,,,,,,,,,,,,,
0,0.0,0.0,0.00271184528167,0.058729241,0.01267533955,0.323060282333,0.0,-0.181544613476,-0.180508501942,-0.0428323416737,1089386242933927936,M,bullying
,,,,,,,,,,,,,
,,,,,,,,,,,,,
,,,,,,,,,,,,,
,,,,,,,,,,,,,
0,0.00911666666667,-0.00164583333333,0.000889886348,0.0299141457283,0.014836179959,0.192910256455,0.0,-0.0856947385474,-0.241326735454,0.180986679862,1006719408925827072,M,noneBll
,,,,,,,,,,,,,
,,,,,,,,,,,,,
,,,,,,,,,,,,,
,,,,,,,,,,,,,
,,,,,,,,,,,,,
,,,,,,,,,,,,,
,,,,,,,,,,,,,
1,-0.0621854166667,0.00408333333333,0.00262733011378,0.00549156776333,0.008432035486,0.051575511855,0.0,-0.0701746675983,-0.385247137339,0.396237351914,1059310997544079360,F,bullying
0,-0.131105208333,0.00378333333333,0.000388494319833,0.0119482971258,0.007045734645,0.0343130235967,0.666666666667,-0.0124111591066,-0.368966706508,0.481329428564,1107167421770379264,M,noneBll
,,,,,,,,,,,,,
,,,,,,,,,,,,,
,,,,,,,,,,,,,
,,,,,,,,,,,,,
,,,,,,,,,,,,,
,,,,,,,,,,,,,
,,,,,,,,,,,,,
0,-0.0268072916667,0.00304791666667,0.000297857178,0.0757053475917,0.003303596279,0.018631354855,0.0,0.314598641517,0.349202625421,0.30763956278,1110178926883393536,M,noneBll
0,0.0,0.0,0.000946670844333,0.180173321807,0.0273217569422,0.149272609983,0.0,-0.0111363908762,0.0524089832661,-0.291182515469,949149610885136384,M,noneBll
,,,,,,,,,,,,,
,,,,,,,,,,,,,
0,0.0,0.0,0.000386801326667,0.102517469317,0.01951063656,0.0962404671667,0.0,0.196813842667,0.0262903969764,-0.0154736402169,1134908868867313664,M,noneBll
0,0.000671875,0.0002875,0.000126267059767,0.00257776984722,0.00143128485017,0.0440494229978,0.0,0.0849393027607,0.336394650229,0.1541250647,1152013993666629632,F,noneBll
0,0.0,0.0,0.0111126288107,0.00123251105833,0.0587363793858,0.00136132934283,32.8333333333,0.545401642175,-0.174588533993,-0.370097438064,1151041668502671360,M,noneBll
0,0.0,0.0,0.002721381215,0.118342634783,0.0124389837667,0.292810556067,0.0,0.0654136047139,-0.399867218503,0.405570839711,1120230350132772864,M,noneBll
0,0.0,0.0,2.13997072907e-05,0.000515875708861,1.42552015621e-05,0.000172993165608,3.0,0.546412582846,-0.24527202608,-0.362095160627,1074558864478883840,M,noneBll
0,-0.0928302083333,0.00530625,0.000397211913333,0.0601147483833,0.0107186215833,0.12232035685,0.0,0.0841411730496,-0.305377176879,0.400732131764,1150974608728883200,M,noneBll
,,,,,,,,,,,,,
0,0.0,0.0,0.000739246611667,0.0468883249233,0.0319275914333,0.00741820056667,0.0,0.0758249311848,-0.389236549711,0.489687019145,1107617794134110208,M,noneBll
,,,,,,,,,,,,,
,,,,,,,,,,,,,
,,,,,,,,,,,,,
,,,,,,,,,,,,,
0,-0.00860104166667,0.0071625,0.000194633407217,0.179178745622,0.00129104579567,0.23789265565,0.0,0.138070246549,-0.0189437462876,-0.243515328873,1047619465950736384,M,noneBll
,,,,,,,,,,,,,
,,,,,,,,,,,,,
0,0.0,0.0,4.93191783167e-05,0.000518159832833,0.0001559489455,0.0116591653683,0.0,0.180924485385,-0.254821481107,0.300943405824,1061579724511498240,M,noneBll
,,,,,,,,,,,,,
,,,,,,,,,,,,,
0,0.0,0.0,0.000362646853333,0.00374763238,0.00128970639167,0.0156251095333,0.0,-0.182087427095,-0.148795067812,0.0912291742808,1134683032226336768,M,noneBll
,,,,,,,,,,,,,
,,,,,,,,,,,,,
0,-0.0354166666667,0.00208333333333,9.35297653333e-05,0.00258332079667,0.000555424986,0.0612806995067,0.0,-0.0344226223875,-0.305992867542,0.417125343791,1046683080292782080,M,noneBll
,,,,,,,,,,,,,
,,,,,,,,,,,,,
0,0.0,0.0,0.000227291378833,0.0218722858783,0.004941078855,0.0734339878833,56.6666666667,0.554834006373,-0.0239330491784,-0.278989437556,1081347031362084864,M,noneBll
,,,,,,,,,,,,,
,,,,,,,,,,,,,
,,,,,,,,,,,,,
1,-0.0515239583333,0.00450416666667,0.00192742236,0.158363155,0.00827020426667,0.456610753333,0.666666666667,-0.246971867427,0.040978391099,-0.0668261775372,1027733396387975168,M,bullying
,,,,,,,,,,,,,
0,0.001209375,0.00120208333333,0.0195247852033,0.00944378443333,0.0122243298677,0.157392394083,0.0,-0.174377862436,0.173507144496,-0.0874957318248,1046969682382794752,F,noneBll
,,,,,,,,,,,,,
,,,,,,,,,,,,,
0,0.0,0.0,0.00016944028295,0.00451426547772,0.000139041291317,0.000782187012933,0.333333333333,0.364780888313,-0.314899756037,-0.206308815311,1161576632339873792,M,noneBll
,,,,,,,,,,,,,
0,0.0,0.0,0.00984362422333,0.575892715,0.04114176698,0.133789496667,0.0,-0.329262577306,-0.0737353638607,-0.0982738598321,987301818738839552,F,bullying
,,,,,,,,,,,,,
,,,,,,,,,,,,,
,,,,,,,,,,,,,
,,,,,,,,,,,,,
,,,,,,,,,,,,,
,,,,,,,,,,,,,
0,0.0,0.0,0.000671718191333,0.121330517333,0.011993611839,0.217657859685,0.0,0.147670368248,-0.0946017154794,-0.00628748839726,1177781116413820928,F,noneBll
,,,,,,,,,,,,,
,,,,,,,,,,,,,
1,-0.0431041666667,0.00228958333333,0.0001897884195,0.0203299553267,0.00173132284,0.00224942558667,0.0,0.104935506456,0.339902681059,0.0219999638082,1155088061789569024,M,bullying
,,,,,,,,,,,,,
,,,,,,,,,,,,,
,,,,,,,,,,,,,
,,,,,,,,,,,,,
,,,,,,,,,,,,,
0,0.0,0.0,0.000419688898333,0.00304510793333,0.000300131436667,0.00171927271667,9.83333333333,0.16216710955,-0.093208127914,-0.0508735957587,1180639864811597824,M,noneBll
,,,,,,,,,,,,,
,,,,,,,,,,,,,
,,,,,,,,,,,,,
,,,,,,,,,,,,,
,,,,,,,,,,,,,
1,-0.00895833333333,0.00306875,4.72004196667e-06,5.118193675e-05,0.00675480856667,0.00127544200328,0.0,0.230920772604,0.207507298951,0.172224825021,1076989232968626176,M,bullying
,,,,,,,,,,,,,
1,-0.0552927083333,-0.0112916666667,0.000170530317,0.0058386432325,0.0134378235578,0.00413153224167,0.666666666667,0.00319481552162,0.38492856224,-0.0807214183723,1156758594600284160,M,noneBll
0,-0.00391875,0.00277916666667,0.000497250225,0.0213162467833,0.00102011763833,0.124912401383,0.0,0.137467952793,-0.151153156894,-0.166090724954,1061793757764231168,F,noneBll
0,0.0,0.0,0.001248998859,0.13470234329,0.138318781713,0.020709589635,0.0,0.102716708036,-0.248409846595,-0.0542920236789,1122916449963679744,M,bullying
,,,,,,,,,,,,,
,,,,,,,,,,,,,
,,,,,,,,,,,,,
0,0.0,0.0,7.3263092e-06,0.000186892788333,0.0020674424355,0.000562021283333,0.0,0.537534850034,-0.24705874521,-0.445858038799,1143287259584675840,M,noneBll
,,,,,,,,,,,,,
,,,,,,,,,,,,,
,,,,,,,,,,,,,
,,,,,,,,,,,,,
0,-0.00126354166667,-0.0027375,0.00127706616767,0.03477367724,0.0100306469458,0.176277491158,3.16666666667,0.084376693328,-0.293443833597,0.516429930616,1104203476390772736,M,noneBll
0,-0.00340416666667,-0.01030625,0.00247260416167,0.0407897872667,0.00888573921167,0.0989225788167,0.0,0.0867053953913,-0.0181828974861,-0.271073992978,1053817084393508864,F,noneBll
0,0.0,0.0,4.2234658e-05,7.82789615e-05,0.00166050106267,0.000138231312833,236.166666667,0.413672870656,0.324506060633,0.248852681282,1027371347221045248,F,bullying
,,,,,,,,,,,,,
,,,,,,,,,,,,,
,,,,,,,,,,,,,
0,-2.08333333333e-06,4.79166666667e-05,0.000229949541,0.01636952054,0.0145478592217,0.025127143755,11.0,0.193708676865,0.0085232045319,-0.0600801716451,1108466788171476992,M,bullying
0,-0.00287916666667,0.0009625,0.00496965150667,0.231864901683,0.123422886827,0.0802072668333,0.333333333333,0.0502420077212,-0.0320763700972,0.0132321384318,1170976393530941440,F,noneBll
1,-0.020053125,0.00760416666667,0.0010405191,0.0750101457833,0.00775402721667,0.171190874617,0.0,-0.122440559486,0.446611431818,0.0277327894963,1164855192760602624,F,noneBll
,,,,,,,,,,,,,
0,0.0,0.0,0.00687751369865,0.026430564529,0.045968268769,0.0184134788333,0.0,0.297677128364,-0.265328940879,-0.356705023535,987882919152558080,M,bullying
,,,,,,,,,,,,,
,,,,,,,,,,,,,
,,,,,,,,,,,,,
,,,,,,,,,,,,,
,,,,,,,,,,,,,
0,-0.03375,0.000883333333333,5.594016e-05,0.0324148156027,0.00337857903,0.00871483457833,0.0,0.282852744714,-0.156406504298,0.557593150325,1127899310961647616,F,noneBll
,,,,,,,,,,,,,
,,,,,,,,,,,,,
,,,,,,,,,,,,,
,,,,,,,,,,,,,
0,0.0,0.0,8.62721478333e-05,0.003984640222,0.000883470266583,0.167393357697,5.5,0.421250095688,-0.144422740592,-0.247324414622,1170465736184012800,M,noneBll
,,,,,,,,,,,,,
0,-0.0990625,0.00778333333333,0.000418214244167,0.0284523085667,0.00144062243,0.267684908077,4.33333333333,0.0237296183338,0.500374934659,-0.0458040235315,1117113774453805056,F,noneBll
0,0.0,0.0,0.0178115554923,0.006296589725,0.000671575556167,0.00886923955667,0.0,0.53740675948,-0.283962241272,-0.435999393028,1025200529762304000,M,noneBll
0,-0.0650895833333,0.00692083333333,0.00215816514667,0.0168527281667,0.03350155425,0.0115315309833,0.0,-0.214561248945,-0.328835783272,0.149425889476,1095898870002941952,F,noneBll
,,,,,,,,,,,,,
1,-0.0522979166667,0.00145833333333,0.000754267561667,0.00812021571667,0.000765051911667,0.110998551383,0.0,-0.24435999164,-0.118755390571,0.0250880489948,995815198730706944,M,noneBll
,,,,,,,,,,,,,
,,,,,,,,,,,,,
0,0.000215625,-0.00157083333333,4.01807663549e-05,8.37761366792e-05,2.09022165943e-05,0.000258579956223,50.3333333333,0.496231652156,-0.119891092646,-0.360105941495,1097549752872361984,M,noneBll
,,,,,,,,,,,,,
,,,,,,,,,,,,,
0,-0.0205947916667,0.0074125,0.00285990649667,0.06606932515,0.3842891654,0.0326177293167,0.0,-0.17045532379,-0.0792896760835,-0.0218379592478,1008090316898803712,M,bullying
,,,,,,,,,,,,,
0,-0.00520208333333,-0.00219166666667,7.40102763167e-05,0.0525598679572,0.000218564214333,0.007356066625,46.3333333333,0.396004323211,0.461614208654,0.315411181337,1181756604215922688,M,noneBll
0,-0.00524270833333,0.00374583333333,0.00167634688333,0.0404242339167,0.00590637251667,0.150554570783,0.0,-0.184803198195,-0.0400566285489,-0.179265028755,1125144559953797120,M,bullying
,,,,,,,,,,,,,
,,,,,,,,,,,,,
,,,,,,,,,,,,,
,,,,,,,,,,,,,
,,,,,,,,,,,,,
,,,,,,,,,,,,,
,,,,,,,,,,,,,
,,,,,,,,,,,,,
0,-4.47916666667e-05,-2.08333333333e-05,0.00161052028333,0.0294709378917,0.03738031645,0.3207970825,0.0,0.118334362665,-0.197150475568,-0.231556644753,1169688255890186240,M,bullying
0,0.021325,0.0234770833333,0.00088394078,0.110465278563,0.002149890539,0.0138745807817,4.66666666667,-0.164708669049,-0.106605236453,0.118743355197,1155900416773836800,M,noneBll
0,-0.000115625,-9.58333333333e-05,0.00144907761333,0.511670419333,0.00392627861667,0.114961133117,0.0,-0.183326865924,-0.257397738803,-0.02906733617,1111193671526916096,F,noneBll
0,-0.0437354166667,0.000733333333333,0.0004190083525,0.193630702647,0.0032642516645,0.0780408138478,0.0,-0.191846496527,-0.36221376678,0.240029278136,951655802345795584,M,noneBll
0,0.0,0.0,0.00479722615833,0.180224770767,0.0638642153333,0.0906660545,0.0,0.19683395439,-0.347932125557,-0.168411829636,1174312914862411776,F,bullying
0,-0.00685729166667,0.000116666666667,0.0206639054817,0.114147733245,0.00456316042,0.130162095517,0.0,-0.0645808030795,-0.0639736459972,0.0238848223466,1132434737164881920,M,noneBll
0,0.0,0.0,1.18914295333e-05,7.93786061667e-05,8.57722011667e-05,8.240543425e-05,0.0,0.23480719532,0.182709307237,0.0838145488307,957020593801347072,M,noneBll
,,,,,,,,,,,,,
,,,,,,,,,,,,,
,,,,,,,,,,,,,
0,0.0,0.0,0.128401617902,0.0568223674167,0.0174519185483,0.353813088333,0.0,0.0852555830415,0.281129308116,0.00411792492496,1124193149447798784,M,noneBll
,,,,,,,,,,,,,
0,-0.0172302083333,0.00641666666667,0.0033761708065,0.195755059697,0.0412137354,0.0708546861,0.0,-0.117925848512,-0.363095593949,0.438207283433,985793023009226752,M,noneBll
0,-0.08334375,0.00371041666667,0.00289528060667,0.550985447833,0.00638006645833,0.0340035161667,0.0,-0.254583875083,-0.336975054915,0.365787958842,1052407693459476480,F,bullying
0,0.0,0.0,0.000118707938333,0.000725823495783,0.000309386640983,0.00210615748177,5.0,0.251486798604,0.304712149082,0.144096576878,1163626828175691776,M,noneBll
,,,,,,,,,,,,,
0,-0.0304947916667,0.00171666666667,0.00131975704233,0.0589413284833,0.00132933183,0.27160072095,0.0,0.196369695464,-0.380035175274,-0.00649412262528,1082666054314094592,M,bullying
,,,,,,,,,,,,,
,,,,,,,,,,,,,
,,,,,,,,,,,,,
,,,,,,,,,,,,,
,,,,,,,,,,,,,
,,,,,,,,,,,,,
,,,,,,,,,,,,,
,,,,,,,,,,,,,
,,,,,,,,,,,,,
,,,,,,,,,,,,,
,,,,,,,,,,,,,
2,-0.184314583333,0.00937083333333,0.000524858430833,0.00796304041667,0.0910487631667,0.09561610065,0.0,-0.051877098521,-0.335228848482,0.156217339502,1103172170706006016,,noneBll
0,-0.000183333333333,-0.00014375,0.00166853216,0.12914132095,0.0756816538,0.239349837595,0.0,0.178208239878,0.18626236305,0.0944178285104,1157842244938698752,M,bullying
,,,,,,,,,,,,,
1,-0.0497739583333,0.00737291666667,0.000209230744,0.0669135277367,0.00447254949367,0.0741279388767,0.0,-0.0232511472279,0.371794941237,-0.185562091677,1162527278816165888,,noneBll
,,,,,,,,,,,,,
0,-0.064678125,0.000322916666667,0.000100842497633,0.00564360295883,0.0004766913175,0.0201384663217,0.0,-0.327649189754,-0.210799150686,0.188704709938,1131984583236198400,F,bullying
0,0.0,0.0,0.0001039281892,0.000185750924317,0.000399472285133,0.000115628241483,10.1666666667,0.525025247884,-0.225331187091,-0.404056701006,1052400209289940992,M,noneBll
0,-0.0155135416667,0.0144979166667,0.00185512770167,0.0978876595833,0.02292842295,0.260734406583,0.0,-0.304834173029,-0.189620735977,-0.138422689004,1045940810706726912,M,noneBll
0,-0.0346020833333,0.000302083333333,0.000128117515333,0.000475819266667,0.00074812111,0.00157872083333,0.5,-0.0335174467885,-0.0729193039378,-0.132644481639,1162654097317531648,M,noneBll
0,0.000617708333333,0.000647916666667,0.000517738614,0.0526763067383,0.000777169725333,0.00268140079283,16.1666666667,0.278751842351,0.0642221591886,0.116741068379,1154295514678829056,M,noneBll
,,,,,,,,,,,,,
0,0.0,0.0,0.0001255009335,0.814322358333,0.00029991765,0.220898364833,0.0,-0.0261009943238,0.217803124836,-0.237002804098,944713893912158208,F,bullying
0,-0.0156072916667,0.00489166666667,0.000707034710333,0.184302230117,0.00621736382667,0.166954225933,0.0,0.029010296736,-0.0475774313794,0.0148196318243,1169158296855359488,M,bullying
,,,,,,,,,,,,,
0,0.0,0.0,0.000203284691,0.0005276537095,0.0417441354333,0.00131435658067,0.0,0.0781584019972,0.147102743491,-0.222554689264,1132907236507746304,F,noneBll
,,,,,,,,,,,,,
,,,,,,,,,,,,,
,,,,,,,,,,,,,
,,,,,,,,,,,,,
,,,,,,,,,,,,,
0,-0.0344145833333,0.00198333333333,0.000750362952167,0.0140402677333,0.00036988468,0.216589661833,0.0,0.207481534256,-0.279797309022,-0.232444764884,1174852090141560832,M,noneBll
,,,,,,,,,,,,,
,,,,,,,,,,,,,
,,,,,,,,,,,,,
,,,,,,,,,,,,,
,,,,,,,,,,,,,
,,,,,,,,,,,,,
,,,,,,,,,,,,,
,,,,,,,,,,,,,
0,-0.0830708333333,0.00436041666667,0.001818028545,0.0831816407667,0.0270130705167,0.314367046717,0.0,-0.0867008070229,0.188725551727,-0.162760639134,1168334899766272000,F,noneBll
1,0.0225520833333,0.0401979166667,0.000166232103833,0.00783988727167,0.00069377548,0.0608151010017,0.0,0.133364526365,-0.327597079628,0.484640112302,1003782474029248512,M,bullying
,,,,,,,,,,,,,
0,0.0,0.0,0.01227907936,0.76747953,0.003192266,0.243158008733,0.0,-0.291007667711,0.151562758046,-0.16184018334,1087883417049358336,F,noneBll
0,-0.033378125,0.00190625,0.000118431268598,0.0034902063627,0.000380346325833,0.00389859376583,11.8333333333,0.387439227555,-0.00790417622108,-0.244181625793,1177505698758692864,M,noneBll
,,,,,,,,,,,,,
0,0.0,0.0,0.000773886808333,0.30954565339,0.0153858287667,0.3120212,0.0,-0.143955101191,0.440001446515,-0.156882985196,1157568108295270400,F,noneBll
0,0.0,0.0,0.000206464276317,0.559100354416,0.0042084054595,0.110475657475,0.0,-0.151610343816,-0.136436552596,-0.0228701296481,1161979387932291072,M,noneBll
0,-0.141666666667,0.00833333333333,0.000264944926667,0.00370136423667,0.001483668509,0.00695447291167,0.0,-0.311567727024,0.213997230636,-0.255092766119,999039695801720832,M,bullying
0,-0.0333177083333,0.00193333333333,0.00247030883167,0.0313267804183,0.213064452917,0.0779115738833,0.0,0.0881033146101,-0.327083529951,0.0209459745734,1104240194565337088,M,noneBll
,,,,,,,,,,,,,
,,,,,,,,,,,,,
1,0.00091875,-0.0167666666667,0.000273723013167,0.0479581197667,0.00157070189167,0.197292817167,6.66666666667,-0.133623636826,-0.0415898190051,-0.0375274924349,1062857673374101504,F,bullying
,,,,,,,,,,,,,
,,,,,,,,,,,,,
,,,,,,,,,,,,,
0,0.000297916666667,-0.000289583333333,0.000299465331033,0.0436551197842,0.00222847798745,0.113038363687,2.33333333333,0.0414462430451,0.195239148203,0.164894412726,1168674303898976256,F,noneBll
,,,,,,,,,,,,,
,,,,,,,,,,,,,
,,,,,,,,,,,,,
,,,,,,,,,,,,,
0,-0.0635770833333,0.00372083333333,0.000137225137,0.00145907659167,0.000462389970333,0.00192909578333,0.0,-0.120657691305,-0.256474674963,0.305030975159,1018667358321250304,M,noneBll
,,,,,,,,,,,,,
,,,,,,,,,,,,,
0,2.1875e-05,-0.000122916666667,0.000106390313,0.007770495565,0.00116585563833,0.0345335124067,43.0,0.24243933735,0.163604160894,0.0797624157509,1144357237079343104,M,noneBll
0,0.0,0.0,0.00021772680175,0.000729051556,0.000132279654517,0.000724207743,0.0,0.525943976095,-0.256580941653,-0.399805276939,1147790913473802240,M,noneBll
0,-0.018628125,-0.00151875,0.335042340517,0.058750265325,0.0151777238605,0.0875825740183,0.0,0.240251644493,-0.283172953038,-0.304073521782,1071192384462815232,F,noneBll
,,,,,,,,,,,,,
,,,,,,,,,,,,,
0,-0.0147270833333,-0.000539583333333,0.0004350180135,0.0969454990402,0.00362536164655,0.0071260743645,3.16666666667,0.0967851687336,-0.143981003625,0.381361324495,1150175436693749760,M,noneBll
,,,,,,,,,,,,,
,,,,,,,,,,,,,
,,,,,,,,,,,,,
,,,,,,,,,,,,,
1,-0.0820104166667,0.0135458333333,0.000125628048733,0.0055161845445,0.0004117066095,0.00548559385583,0.0,0.139033382098,-0.339275672473,0.0206889915872,1157810188783390720,M,noneBll
0,-0.0101447916667,0.00484375,0.00376351896667,0.0795609457667,0.0531192216833,0.08424530785,0.0,-0.220817676914,-0.161379837199,-0.0258825493214,1001681548694978560,F,noneBll
,,,,,,,,,,,,,
0,0.00938125,-0.00296041666667,0.000103538446667,0.004778795465,0.000570661699,0.0742838252233,12.1666666667,-0.0368284041775,0.446970765484,-0.0867517144952,1165174042676912128,F,noneBll
0,0.0,0.0,0.000224087373333,0.00809141716667,0.00990740731667,0.126328806667,0.0,0.263273148167,-0.209944499016,-0.0482899935787,1007133962444914688,M,noneBll
0,-0.010575,0.0053125,0.000194712802783,0.0407772737117,0.0795357334817,0.01226067551,11.5,0.440466321982,-0.225819209354,-0.258609376588,1044444091183788032,M,noneBll
,,,,,,,,,,,,,
,,,,,,,,,,,,,
,,,,,,,,,,,,,
0,0.0,0.0,1.47803528467e-05,2.24425525717e-05,2.66253947083e-05,1.82316457647e-05,2.83333333333,0.499753650149,0.110519173776,0.106307300705,1173871042415198208,M,noneBll
,,,,,,,,,,,,,
0,0.0,0.0,0.00608648080133,0.05344177485,0.00323535765667,0.256133767,0.0,0.311397056659,-0.126622234741,-0.252453370077,1137491857195315200,M,noneBll
0,0.0,0.0,0.0156436119317,0.0473439166,0.00979050681833,0.0295969658783,2.0,0.0758416172925,-0.290564476949,0.0174224645289,1165856327927750656,F,noneBll
1,-0.0081875,0.00440416666667,8.01073323e-05,0.0011090542165,9.10430946667e-05,0.0315069073833,0.0,-0.107276572382,-0.0568273196365,-0.244193059182,1107799880996368384,F,bullying
,,,,,,,,,,,,,
,,,,,,,,,,,,,
0,-0.00177708333333,0.00036875,0.158525845728,0.131712243383,0.00479624197667,0.06825481445,5.33333333333,0.0405884780354,-0.333201550193,-0.0712967927227,1146249209444712448,M,bullying
,,,,,,,,,,,,,
,,,,,,,,,,,,,
,,,,,,,,,,,,,
,,,,,,,,,,,,,
,,,,,,,,,,,,,
,,,,,,,,,,,,,
,,,,,,,,,,,,,
,,,,,,,,,,,,,
,,,,,,,,,,,,,
,,,,,,,,,,,,,
,,,,,,,,,,,,,
,,,,,,,,,,,,,
,,,,,,,,,,,,,
,,,,,,,,,,,,,
,,,,,,,,,,,,,
1,-0.06751875,0.0211458333333,0.0004027897882,0.0115406168233,0.0910057683973,0.0837027671483,0.0,-0.0310322697208,0.571687396989,-0.0756818483653,1106782634031673344,F,noneBll
,,,,,,,,,,,,,
,,,,,,,,,,,,,
,,,,,,,,,,,,,
0,0.0,0.0,9.1777026e-05,0.000807026375,0.00402012656,0.02368867315,0.0,0.128371780754,-0.378077770983,0.506127167488,1172034196974489600,M,noneBll
,,,,,,,,,,,,,
0,0.0,0.0,1.11003031167e-05,1.82947486333e-05,5.10248386167e-06,4.45193781167e-06,0.0,0.295661711459,0.193507614326,0.1494524541,1041575393192218624,M,noneBll
,,,,,,,,,,,,,
0,-0.00126875,0.000195833333333,0.000217450860667,0.010972952,0.00324077448833,0.15808699035,0.0,0.170982824316,0.288000742455,0.43974092798,1153121937149644800,F,noneBll
,,,,,,,,,,,,,
,,,,,,,,,,,,,
2,-0.149920833333,0.00836666666667,0.0001226789956,0.0484308688432,0.00193713892833,0.0230609783364,0.333333333333,0.0751374669768,0.318912847873,-0.0417104970813,1161504489703194624,M,noneBll
,,,,,,,,,,,,,
,,,,,,,,,,,,,
,,,,,,,,,,,,,
,,,,,,,,,,,,,
1,-0.140970833333,0.0194083333333,0.000711372862367,0.0364804356707,0.00143441746533,0.0886326378417,0.0,-0.156178219548,0.396401764019,-0.190611761079,1166993514807304192,F,noneBll
0,-0.002146875,0.000129166666667,0.000735029421667,0.00901774662333,0.0104749991167,0.011521889605,0.0,0.0443390381099,0.0160394867331,-0.203388425158,1136455692388089856,M,noneBll
,,,,,,,,,,,,,
,,,,,,,,,,,,,
0,-0.0171645833333,0.00728958333333,0.0127638726667,0.211084694833,0.0201088118833,0.177052386283,1.83333333333,-0.335671269782,-0.107688238908,0.0880110884201,1017348591884328960,F,noneBll
0,0.0,0.0,0.00070100336,0.00249499177333,0.0020945705475,0.021931762095,1.16666666667,0.586397801385,-0.185194214356,-0.416524837171,1174223732999438336,M,noneBll
0,-0.00168333333333,0.00136875,0.00523911303127,0.0539068905052,0.0341757299789,0.205306766114,0.0,-0.0173619144094,-0.0757697916911,-0.274092855416,1100181285881724928,F,noneBll
0,-0.0707979166667,0.00416458333333,0.00470891253267,0.129106214003,0.0314229877767,0.0394338700517,0.0,0.0499344077174,-0.178487711751,-0.0089006348434,1075911890053615616,M,noneBll
,,,,,,,,,,,,,
,,,,,,,,,,,,,
,,,,,,,,,,,,,
,,,,,,,,,,,,,
0,0.0,0.0,1.50578407667e-05,3.65062171117e-05,3.12040980033e-05,0.00014119386385,0.0,0.623172994182,-0.0563794846645,-0.280450507027,1128501265627025408,M,noneBll
,,,,,,,,,,,,,
1,-0.0685958333333,0.00334375,0.000664808486667,0.060163992,0.0266040298333,0.204541391667,29.8333333333,0.00594576390624,0.0850018683014,-0.154803407645,1055376321662377984,M,bullying
,,,,,,,,,,,,,
,,,,,,,,,,,,,
0,0.0,0.0,0.001633186001,0.0095595204,0.00681093396667,0.0423712621367,0.0,0.282630319176,-0.25852398516,-0.131832053934,1107604460659785728,M,bullying
0,0.0,0.0,0.00120879875833,0.0634428669167,0.00738590946667,0.0633936719,0.0,0.129432841705,0.0186785672928,0.027550952989,1127158979873607680,M,bullying
0,0.0,0.0,0.000645466771667,0.0364077128333,0.00258724687167,0.136821439167,0.0,0.279043347427,0.263450755467,0.333791638975,1008196651174727680,M,bullying
,,,,,,,,,,,,,
,,,,,,,,,,,,,
2,-0.188863541667,0.00360833333333,0.000139396616667,0.0356246451667,0.001112642525,0.81686979,0.0,-0.216851931547,-0.161300412877,-0.0749979140175,1054888765589991424,M,bullying
,,,,,,,,,,,,,
0,-0.0271927083333,0.00156041666667,0.00041119396,0.175158809517,0.00457668394167,0.0207334254833,0.0,-0.445366144962,0.175242789546,-0.203914434371,1178583926424612864,M,bullying
0,-0.00156145833333,0.0157208333333,0.0253338538767,0.08061516525,0.0415580343383,0.07422518984,2.16666666667,-0.097376868825,-0.114262077335,0.201534460872,1074582050805350400,M,bullying
0,-0.0798333333333,0.00815833333333,0.001199610095,0.0833398241667,0.00252234657667,0.224555638583,0.0,-0.329545434052,-0.243527842625,-0.0108276662664,1030637312557678592,F,noneBll
,,,,,,,,,,,,,
,,,,,,,,,,,,,
,,,,,,,,,,,,,
0,-0.0374385416667,0.00215625,0.000262314692267,0.14887439149,0.0007455996215,0.0645926668306,0.0,-0.299283229387,-0.256477177135,0.128971829163,1078300657657741312,M,noneBll
0,0.0,0.0,3.44387785e-05,0.000135109829217,1.23581503567e-05,0.007148974449,4.83333333333,0.579417706751,-0.257365058321,-0.455932855156,1133907446788939776,M,noneBll
,,,,,,,,,,,,,
,,,,,,,,,,,,,
0,0.0,0.0,6.46125365e-05,0.000217992035667,0.000429300601333,0.000220845675167,0.0,0.233941145879,0.0743797724706,0.037499590463,1150571393902436352,M,noneBll
0,0.0,0.0,0.00105927172333,0.0313196293883,0.000476047251667,0.00760672062667,0.0,0.013329100285,-0.056211316165,-0.0303382948236,1101188683316801536,F,noneBll
0,0.0,0.0,0.00663643969,0.0561755194833,0.00285824683333,0.21498238055,1.0,0.0811755668602,-0.361957359989,0.0543324678532,1071559888842489856,F,bullying
,,,,,,,,,,,,,
,,,,,,,,,,,,,
,,,,,,,,,,,,,
0,0.0111166666667,0.0139583333333,0.00141728576702,0.0316825108233,0.00148932730667,0.054365592895,0.0,0.156524112345,-0.193507117949,0.536310019451,1174867646131699712,M,noneBll
1,-0.0699520833333,0.00133958333333,0.000262258156167,0.519119876715,0.00198164751533,0.0386691510692,0.0,-0.161663185461,0.0396871762188,-0.0842322971805,1104496862079217664,F,bullying
,,,,,,,,,,,,,
1,0.002253125,-0.00842708333333,0.000541215318667,0.0449070636,0.0282864631283,0.0395690371867,0.0,-0.180482132462,0.0268012639133,-0.163891077006,1020817084546215936,F,noneBll
,,,,,,,,,,,,,
0,0.0,0.0,0.00263444249,0.0263402880633,0.025722767,0.05711251237,0.0,0.159561822072,-0.404847411911,0.387791713356,1097639562659913728,M,noneBll
,,,,,,,,,,,,,
0,-0.00186354166667,-0.0112604166667,0.000937304020333,0.0211738527833,0.0465963313467,0.191980791717,15.1666666667,-0.458706593569,-0.126050755702,0.0341967779016,1075323229281083392,F,noneBll
,,,,,,,,,,,,,
,,,,,,,,,,,,,
,,,,,,,,,,,,,
0,0.0,0.0,2.53826824833e-05,3.019555105e-05,9.64111988333e-05,7.60011284167e-05,0.0,0.380181641564,-0.225463301111,-0.319971555564,1108883196646739968,M,noneBll
0,-0.021890625,0.00110625,0.0009576357365,0.180079067906,0.00272132117383,0.354094042528,0.0,0.00831075477623,-0.08363289653,0.129391605862,1149143832555147264,M,bullying
0,-0.00085,5e-05,0.000584538326667,0.0178000742103,0.00570662632167,0.0656819733405,0.0,-0.101098689311,-0.270530422766,0.289835470461,1074093091838996480,M,noneBll
,,,,,,,,,,,,,
,,,,,,,,,,,,,
,,,,,,,,,,,,,
0,0.0,0.0,0.0020454629205,0.00585969638167,0.005135365134,0.0286069297283,0.0,0.022749878424,-0.042365760039,-0.0140256833372,989014494384701440,M,bullying
,,,,,,,,,,,,,
,,,,,,,,,,,,,
,,,,,,,,,,,,,
0,0.0,0.0,0.000103837096167,0.00133612579,9.2748453e-05,0.0329725947383,0.0,0.472222659795,-0.307491904813,-0.225821987043,1018399483828326400,M,bullying
0,0.0,0.0,7.20470515e-05,0.00150928551183,6.12340370833e-05,0.003463835699,0.0,0.267000839642,-0.247161857288,-0.219185245707,1014439802227286016,M,noneBll
,,,,,,,,,,,,,
1,-0.0339958333333,0.00158125,4.10193683333e-05,0.00134009691933,0.00391259669167,0.0340821819833,0.0,0.0865724539931,0.0413921844413,0.172975098287,1048311727059861504,M,noneBll
0,-0.0310260416667,-0.000679166666667,6.184942e-05,0.007376443625,0.000348870072333,0.06658985175,1.16666666667,0.290568795536,-0.0717443506331,0.561805186075,1168612975406645248,M,noneBll
