TEXT_text_len,TEXT_percent_punctuation,TEXT_percent_uppercase,TEXT_text_sentiment,TEXT_percent_bad_words,TEXT_valence,TEXT_arousal,TEXT_glove1,TEXT_glove2,TEXT_glove3,id,bully
5900,0.051864407,0.098983051,0.9998,0.018621974,6.269026846,4.447718121,-0.308539301,0.229137023,0.05481586,1.07879E+18,bullying
2006,0.032402792,0.038384845,-0.9988,0.029255319,4.77394958,4.549495798,-0.3381442,0.231156182,0.139321744,1.11599E+18,noneBll
476,0.018907563,0.071428571,0.9594,0.087912088,6.132962963,4.226666667,-0.193416887,-0.207916225,-0.081401802,1.0108E+18,noneBll
2248,0.047597865,0.097864769,0.9839,0.029268293,6.029189189,4.088918919,-0.198260408,-0.030851257,0.017428871,1.00304E+18,noneBll
807,0.210656753,0.063197026,0.9595,0.037383178,5.828461538,4.368461538,0.355768085,-0.008185295,-0.354073508,1.01577E+18,noneBll
1451,0.044107512,0.101998622,0.5941,0.021097046,5.5475,4.303125,0.109450103,-0.083373566,-0.056276734,1.14006E+18,noneBll
1545,0.026537217,0.102265372,0.9976,0.014440433,6.139782609,4.63326087,0.374128909,-0.11824185,-0.262949064,1.12811E+18,noneBll
930,0.062365591,0.033333333,0.9733,0.006666667,5.957560976,4.08097561,0.380448753,0.145076739,0.102045206,1.16069E+18,noneBll
417,0.067146283,0.254196643,-0.9047,0.095238095,5.180952381,4.745714286,-0.039018183,-0.08524899,-0.006219235,1.08395E+18,noneBll
548,0.169708029,0.178832117,0.3423,0.064102564,5.650952381,4.055238095,-0.024195616,-0.059844859,-0.165746658,1.09509E+18,noneBll
575,0.166956522,0.07826087,0.8544,0.08,6.035,4.795,0.487828497,0.046255586,-0.421475663,9.90183E+17,noneBll
616,0.055194805,0.167207792,-0.9812,0.091954023,5.3352,4.79,0.364868649,0.161200139,-0.208686256,1.16589E+18,noneBll
876,0.015981735,0.034246575,-0.4371,0.042553191,5.452708333,4.475416667,-0.627399295,-0.053022677,0.064963297,1.1764E+18,noneBll
529,0.030245747,0.094517958,0.9955,0,6.570769231,3.652307692,1.795343553,1.270777439,0.096373028,1.11108E+18,noneBll
1380,0.037681159,0.081884058,0.9668,0.011029412,6.0495,4.154333333,-0.096873655,-0.09252847,-0.06824605,1.11081E+18,noneBll
4706,0.02358691,0.113684658,-0.9966,0.055780933,5.2856875,4.3338125,-0.746537656,0.006022047,0.132092771,1.01399E+18,bullying
1582,0.042983565,0.087863464,0.9054,0.018248175,5.454285714,3.976190476,2.855733172,-2.386757438,-0.018953338,1.08021E+18,noneBll
1561,0.035233824,0.123638693,0.9252,0.013333333,5.684782609,3.958695652,0.630668495,-0.458586267,0.051597429,1.14554E+18,noneBll
2544,0.025157233,0.055424528,-0.9791,0.042769857,5.414452055,4.376027397,-0.465332935,0.017668525,-0.032829947,1.14668E+18,noneBll
4690,0.028997868,0.073987207,-0.999,0.066592675,5.206203704,4.564074074,-0.113954433,-0.005623135,0.009733961,1.14094E+18,bullying
613,0.140293638,0.089722675,0.6264,0.02,6.0592,4.2112,0.166420204,0.085453896,0.02641608,1.13717E+18,noneBll
909,0.127612761,0.083608361,0.5295,0.050359712,5.5275,4.394444444,-0.002859312,-0.057928275,-0.00288874,1.17171E+18,noneBll
6741,0.044207091,0.124462246,0.9991,0.020308692,5.900714286,4.290607143,-0.342198986,0.089910252,-0.058025568,1.10771E+18,noneBll
790,0.048101266,0.035443038,0.9755,0,6.064,4.247714286,-0.605986674,0.061078212,-0.026310553,1.15309E+18,noneBll
2351,0.03743088,0.099957465,-0.9671,0.016587678,5.660833333,4.296574074,0.158924991,-0.020482195,-0.181284848,1.10429E+18,noneBll
707,0.008486563,0.137199434,0.9989,0,6.429074074,3.627777778,2.253711762,2.122066923,0.41868158,1.14E+18,noneBll
3630,0.082369146,0.079614325,-0.9954,0.049423394,5.230328947,4.412171053,-0.102975655,0.031261182,-0.031962311,1.07994E+18,noneBll
7046,0.044564292,0.072097644,-0.9969,0.060044477,5.538544974,4.334761905,-0.306360139,0.042863792,0.07677454,1.07161E+18,bullying
759,0.333333333,0.054018445,-0.9194,0.06,5.066666667,4.440416667,-0.229080655,-0.423362208,0.051270285,1.0977E+18,noneBll
573,0.022687609,0.109947644,0.9854,0,6.452972973,3.776486486,1.398721531,1.348143649,0.239783191,1.16297E+18,noneBll
7308,0.04529283,0.085522715,-0.9994,0.081081081,5.323514212,4.331705426,0.116343525,-0.061157971,-0.136828276,1.1202E+18,bullying
1846,0.014084507,0.040628386,-0.9967,0.06185567,5.327692308,4.400769231,-0.538870373,-0.003440027,0.161865049,1.06432E+18,bullying
1791,0.042434394,0.052484645,0.9983,0.020467836,5.984299065,4.366074766,-0.549486901,0.007102111,0.137991566,1.00153E+18,noneBll
735,0.029931973,0.073469388,0.9964,0,6.345744681,4.027659574,-0.677153066,0.254777961,0.083272843,1.14887E+18,noneBll
963,0.069574247,0.105919003,-0.9869,0.060240964,4.955454545,4.686363636,0.319853808,-0.225427575,-0.02312952,1.08893E+18,noneBll
1535,0.117915309,0.070358306,0.9725,0.053030303,5.783134328,4.504477612,-0.120706384,0.024720453,0.064128045,1.0122E+18,noneBll
1794,0.017837235,0.045150502,-0.9966,0.072886297,5.074803922,4.679509804,-0.299443353,-0.064444493,0.05921987,1.14954E+18,bullying
2566,0.023382697,0.135619641,0.9926,0.007228916,6.156575342,4.314794521,0.775602434,0.025398293,-0.389042953,1.11328E+18,noneBll
4523,0.048198099,0.110325006,0.8613,0.011166253,5.797462687,4.345074627,0.380328027,-0.168274547,-0.136359603,1.13937E+18,noneBll
9192,0.048194082,0.054286336,-0.9997,0.039296188,5.279134021,4.441072165,-0.494244236,0.093685159,0.107691513,1.09009E+18,noneBll
1478,0.054127199,0.031799729,-0.9974,0.149501661,5.067358491,4.651320755,-0.603392798,-0.168963698,0.14344765,1.08545E+18,bullying
7943,0.030970666,0.072516681,-0.9998,0.025032092,5.368918919,4.607395577,-0.366693701,0.004639904,-0.001643907,1.11866E+18,bullying
1845,0.117615176,0.134417344,-0.605,0.098591549,5.187222222,4.517777778,0.608444709,-0.178329234,-0.213387773,1.15358E+18,noneBll
1442,0.040221914,0.101941748,0.5205,0.151291513,5.654482759,4.65045977,-0.320500257,-0.058766803,-0.026480008,1.00419E+18,bullying
5373,0.041131584,0.056393076,-0.9996,0.057692308,5.39851312,4.379941691,-0.466368491,-0.023435872,0.197210436,1.15388E+18,bullying
5315,0.155785513,0.073941675,0.9998,0.022082019,6.250753425,4.358972603,-0.32805139,-0.232927498,0.12928187,9.948E+17,bullying
1757,0.054069437,0.061468412,-0.9971,0.1,5.412179487,4.605769231,-0.159246175,-0.169813501,0.002779786,9.34257E+17,bullying
6145,0.024735557,0.041171684,-0.9998,0.004273504,5.244094488,4.140551181,-0.641066807,0.240138693,0.224970026,1.1118E+18,noneBll
11136,0.029005029,0.081896552,-0.9996,0.029619182,5.287321773,4.444238921,-0.109499364,0.067610084,4.90E-05,1.14414E+18,noneBll
2801,0.029632274,0.083898608,-0.999,0.023297491,5.389013158,4.218289474,-0.784520798,0.166840726,0.130506451,1.13566E+18,bullying
3450,0.04115942,0.068115942,-0.9946,0.042836041,5.44,4.202292994,-0.181148731,-0.009856253,-0.007573805,1.11147E+18,bullying
6460,0.043034056,0.050928793,0.9927,0.027607362,5.698796499,4.200065646,-0.388746037,-0.023362311,0.193617979,1.0351E+18,bullying
2596,0.061248074,0.05238829,-0.8768,0.057377049,5.507708333,4.702291667,-0.460158153,0.135660283,0.188648762,1.06631E+18,bullying
785,0.048407643,0.215286624,0.9336,0.021428571,6.130416667,4.304583333,0.664403381,-0.10854898,-0.437776322,1.1318E+18,noneBll
848,0.041273585,0.049528302,0.1164,0.044585987,5.466585366,4.461463415,-0.409887186,-0.1821656,0.145821422,1.07645E+18,noneBll
582,0.118556701,0.065292096,-0.952,0.072727273,4.859230769,4.647692308,-0.46541174,-0.353331582,0.098504383,1.15463E+18,noneBll
12849,0.024826835,0.068409993,-1,0.015678776,5.306984786,4.308381743,-0.441762193,-0.017469961,0.098245083,1.05824E+18,noneBll
1683,0.090909091,0.075460487,0.9881,0.058823529,5.637195122,4.146097561,-0.085334041,0.060942745,0.020084974,1.01732E+18,noneBll
7776,0.041023663,0.076388889,0.9997,0.010791367,6.258645833,4.071284722,0.173843734,-0.051526176,-0.146800429,1.04552E+18,noneBll
388,0.020618557,0.085051546,-0.2794,0.013513514,5.825714286,4.420357143,0.375664188,-0.212888629,0.032700501,1.13957E+18,noneBll
2499,0.047619048,0.077631052,-0.9964,0.066528067,5.40133758,4.446815287,-0.482795206,0.058124699,0.113660206,1.11028E+18,bullying
3400,0.025882353,0.033529412,-0.991,0.059180577,5.5609375,4.4221875,-0.541597366,0.178691485,0.234673256,1.04002E+18,bullying
2528,0.05221519,0.091772152,0.9985,0.006276151,5.868991597,4.071344538,-0.055205058,-0.063507529,-0.039690344,9.95662E+17,noneBll
428,0.037383178,0.10046729,-0.9512,0.058823529,5.036875,4.28,-0.216498866,-0.297514376,0.028111324,1.1611E+18,noneBll
5268,0.042710706,0.077828398,0.9717,0.011802575,5.84875,4.359568966,0.305942045,0.044279777,-0.186755376,1.10888E+18,noneBll
4055,0.032799014,0.034278668,-0.9978,0.096479791,5.374440154,4.468687259,-0.418794394,0.030027976,0.123849,1.10823E+18,bullying
513,0.07797271,0.105263158,-0.9705,0.107142857,5.6108,4.7024,-0.086650952,-0.123590253,0.117440437,1.12537E+18,noneBll
3216,0.046330846,0.050062189,0.9842,0.05514158,5.735217391,4.487282609,-0.619122418,-0.116585834,0.254558561,1.07337E+18,noneBll
1215,0.020576132,0.090534979,0.9993,0,6.243235294,3.620441176,1.536548973,1.688211181,0.301328214,1.17229E+18,noneBll
4061,0.023639498,0.087909382,-0.9996,0.1,5.133090909,4.460318182,-0.325406148,-0.033209392,0.079254142,1.05313E+18,bullying
1854,0.025350593,0.060949299,0.9942,0.002890173,6.205294118,4.269058824,-0.245459089,0.024970892,0.055444506,9.99836E+17,noneBll
10186,0.0426075,0.098664834,0.9998,0.036290323,5.590929204,4.46050885,-0.183644293,-0.079783283,0.028265498,1.15381E+18,bullying
565,0.125663717,0.07079646,0.9678,0.058823529,5.886875,4.33375,-0.20335642,-0.146862029,-0.049360875,1.04721E+18,noneBll
1882,0.038257173,0.064824655,0.9825,0.014705882,5.742022472,4.484494382,0.214455801,0.159925783,0.164832697,1.12788E+18,noneBll
999,0.034034034,0.062062062,-0.9589,0.021164021,5.241132075,4.299622642,-0.853412031,0.202129286,0.177185125,1.17967E+18,noneBll
1014,0.068047337,0.144970414,-0.6947,0.022988506,5.836304348,4.684782609,0.151529762,0.115673968,-0.100003569,1.17414E+18,noneBll
1643,0.04686549,0.143639684,0.9131,0.028481013,5.775421687,4.364819277,-0.417270606,0.007350561,0.010008672,1.17553E+18,noneBll
3100,0.076129032,0.160967742,-0.99,0.022813688,5.45892562,4.380413223,0.061667905,-0.028548226,-0.107047872,1.09544E+18,noneBll
3056,0.051374346,0.047774869,-0.9972,0.071047957,5.346190476,4.477440476,-0.375276472,0.000706218,0.201757984,1.04983E+18,bullying
1685,0.03620178,0.046290801,-0.9912,0.028301887,5.232048193,4.528554217,-0.323701568,0.151441302,0.053953388,1.14677E+18,noneBll
1322,0.030257186,0.066565809,-0.8768,0.037190083,5.360533333,4.169733333,-0.291642874,0.172335526,0.054125689,1.08671E+18,noneBll
4132,0.03267183,0.094627299,0.9982,0.017492711,5.807816901,4.355774648,0.563079249,0.046909643,-0.370220404,9.86468E+17,noneBll
814,0.063882064,0.078624079,0.99,0.037037037,6.094166667,4.2275,0.012981804,-0.05882407,-0.144940992,1.10248E+18,noneBll
1620,0.038271605,0.095061728,-0.8325,0.07028754,5.603958333,4.373541667,-0.297001768,0.013483461,-0.063467377,1.08824E+18,noneBll
11522,0.053115779,0.125412255,0.9999,0.00999524,6.177174349,4.111723447,0.12278371,-0.002639715,-0.020528912,1.08754E+18,noneBll
536,0.026119403,0.173507463,0.7824,0.024096386,5.592727273,4.412727273,1.010639106,-0.117479914,-0.521378936,1.11833E+18,noneBll
809,0.060568603,0.050679852,-0.986,0.107594937,5.474255319,4.484468085,-0.421907722,-0.044137357,0.070979281,1.01797E+18,bullying
437,0.09382151,0.073226545,-0.8202,0.086956522,4.802666667,4.776,0.457783613,0.024138101,-0.300803593,1.10578E+18,bullying
1129,0.032772365,0.106288751,0.9889,0.01843318,6.310465116,4.175581395,-0.091595644,0.056627314,-0.045192368,1.17595E+18,noneBll
1486,0.057200538,0.078061911,-0.957,0.05204461,5.341044776,4.42880597,0.070742548,0.047341783,0.000298996,1.02166E+18,noneBll
818,0.069682152,0.139364303,0.8812,0.034482759,6.256410256,4.54025641,-0.260137598,0.143909035,-0.105167457,1.14694E+18,noneBll
919,0.043525571,0.044613711,-0.9617,0.055900621,5.52075,4.26225,-0.089111021,-0.116167891,0.121504833,1.15029E+18,noneBll
1941,0.039155075,0.057187017,-0.9969,0.081967213,5.37136,4.104,-0.281576864,0.018631348,0.184029016,1.08817E+18,bullying
1625,0.048,0.098461538,0.862,0.026022305,5.976478873,3.982816901,0.346602293,-8.50E-05,-0.125812213,1.17379E+18,noneBll
1425,0.037192982,0.078596491,-0.644,0.02962963,5.794428571,4.212142857,-0.187480331,-0.060625177,0.04799814,1.13934E+18,noneBll
1230,0.046341463,0.030081301,-0.5967,0.040723982,5.415507246,4.264057971,-0.665134343,0.175900771,0.027543642,1.12382E+18,noneBll
729,0.034293553,0.122085048,0.9985,0,6.43804878,3.571707317,2.216993891,1.954334385,0.379096243,1.1001E+18,noneBll
2603,0.027660392,0.03649635,-0.9989,0.069029851,5.327973856,4.621960784,-0.635284293,-0.002320885,0.177644112,1.01394E+18,bullying
1672,0.030502392,0.060406699,0.9928,0.056603774,6.005283019,4.314245283,-0.499906728,-0.026808075,0.022400813,1.10765E+18,bullying
754,0.072944297,0.075596817,-0.9898,0.089552239,4.219047619,4.739047619,0.250432054,-0.135467592,-0.115134796,9.43257E+17,noneBll
583,0.041166381,0.085763293,-0.7784,0.049019608,5.624,4.2775,-0.433648701,-0.171260668,-0.02155597,1.01451E+18,noneBll
4765,0.037565582,0.076180483,-0.991,0.058492688,5.5625,4.560932836,-0.229488518,0.175505477,0.098323593,1.16576E+18,bullying
2580,0.043410853,0.140310078,-0.9439,0.020044543,6.086565657,4.142929293,0.195773388,0.037024356,-0.196456225,1.13188E+18,noneBll
501,0.055888224,0.171656687,-0.7492,0.086419753,5.533333333,4.515666667,0.214821652,0.129999737,-0.253302192,1.10283E+18,noneBll
6138,0.044477028,0.070218312,0.9995,0.007826087,6.153727273,4.156757576,-0.353453014,0.241682903,0.093366684,1.13817E+18,noneBll
930,0.050537634,0.119354839,0.9575,0.039735099,5.625,4.175454545,0.883767777,-0.126237336,-0.426797091,1.17333E+18,noneBll
2705,0.029205176,0.068391867,-0.9752,0.048327138,5.603928571,4.378214286,-0.41336938,-0.10309617,-0.019786373,1.17714E+18,noneBll
1743,0.034423408,0.30292599,0.9985,0.018867925,6.14,4.331190476,-0.14972046,0.093108806,-0.063302246,1.15015E+18,noneBll
3331,0.042329631,0.321525068,0.9983,0.02134647,5.445833333,4.360666667,0.205760384,-0.053811487,-0.181665243,1.12782E+18,noneBll
942,0.042462845,0.08492569,0.9424,0.024242424,5.914516129,4.618387097,0.914054698,0.017782424,-0.483954559,1.14409E+18,noneBll
1222,0.046644845,0.104746318,-0.9873,0.018604651,4.482820513,4.926923077,0.137509049,-0.100977103,-0.287832906,1.15645E+18,noneBll
1386,0.023088023,0.113997114,0.9273,0.013333333,5.496666667,4.3225,1.066362766,0.025586499,-0.563857287,1.16263E+18,noneBll
368,0.144021739,0.046195652,0.9496,0.050847458,5.764736842,4.700526316,-0.433270156,0.127377765,-0.01503384,1.17452E+18,noneBll
4736,0.053631757,0.084881757,0.9982,0.033879781,5.906363636,4.375606061,-0.243354837,-0.156984902,-0.017987309,1.03647E+18,noneBll
1347,0.112100965,0.067557535,0.9769,0.029166667,6.049324324,4.477297297,-0.52958957,-0.013847117,0.144253004,1.02666E+18,noneBll
3526,0.029778786,0.105218378,0.9975,0.008503401,5.9803125,4.2325,0.77753715,-0.011293784,-0.397283448,1.07457E+18,noneBll
1067,0.031865042,0.030927835,-0.9979,0.074626866,5.017619048,4.452698413,-0.46741724,-0.02289025,0.089733234,1.1678E+18,noneBll
498,0.040160643,0.114457831,-0.8758,0.02173913,5.6268,4.5516,-0.159343004,-0.023862061,0.013299551,1.12367E+18,noneBll
472,0.076271186,0.05720339,0.7696,0,6.39,2.7,3.121493218,-1.082726704,1.527624091,9.99406E+17,noneBll
975,0.02974359,0.031794872,-0.9946,0.079096045,5.15173913,4.377536232,-0.589877371,0.099505726,0.029115384,1.06475E+18,bullying
1774,0.051860203,0.104284104,0.9756,0.016666667,5.867042254,3.840985915,-0.03800941,-0.099777919,0.059941059,1.06771E+18,noneBll
876,0.062785388,0.148401826,-0.9815,0.05625,5.149210526,4.411842105,-0.625336928,-0.060550046,-0.070213576,1.16951E+18,noneBll
3825,0.013856209,0.082091503,-0.9996,0.086034913,5.391282895,4.586414474,-0.709366688,-0.01049017,0.190231818,1.07616E+18,bullying
1301,0.038431975,0.166794773,0.9804,0.04954955,5.495806452,4.160483871,-0.087881547,0.114903749,-0.210027281,1.10558E+18,noneBll
3268,0.026927785,0.087209302,0.993,0.008210181,6.060117647,4.296352941,-0.031657485,0.070184782,-0.13666403,1.06833E+18,noneBll
924,0.047619048,0.101731602,0.9902,0,5.651764706,3.610588235,2.243019255,-0.946531423,1.491106177,1.14433E+18,noneBll
516,0.015503876,0.052325581,-0.0962,0.069306931,5.846666667,4.451666667,-0.260337203,0.017173069,-0.149585428,1.15543E+18,noneBll
2032,0.044291339,0.088582677,0.9866,0.005763689,6.211590909,4.246818182,0.604195393,0.001047161,-0.254246795,1.17818E+18,noneBll
5210,0.038195777,0.066794626,-0.9996,0.087408949,5.177993921,4.483343465,-0.225932009,-0.030785053,0.137144809,1.08767E+18,bullying
849,0.037691402,0.120141343,0.8332,0.025477707,5.1676,4.294,0.26270901,0.098653332,-0.270158248,1.04418E+18,noneBll
919,0.025027203,0.119695321,0.999,0,6.354166667,3.432083333,1.933629078,1.810993634,0.343481376,1.12448E+18,noneBll
1843,0.049918611,0.109061313,0.5516,0.033057851,5.852211538,4.195961538,-0.562764973,-0.064202172,0.117880172,1.09662E+18,noneBll
4126,0.100824043,0.097673291,0.7999,0.030959752,6.048425197,4.371259843,0.160843658,-0.090094837,-0.075331563,1.07418E+18,noneBll
1217,0.0336894,0.086277732,-0.9969,0.079295154,5.37203125,4.74765625,-0.223444965,-0.006109094,0.005819794,1.13475E+18,noneBll
1522,0.019710907,0.055190539,-0.9879,0.01650165,5.706483516,4.22967033,-0.34845912,-0.008351234,0.038954498,1.12348E+18,noneBll
16193,0.030074724,0.070709566,-0.9999,0.067049808,5.544404762,4.477792208,-0.48686424,0.039886574,0.144847295,1.0564E+18,bullying
630,0.025396825,0.150793651,-0.9861,0.072072072,4.602083333,4.834166667,0.182866724,-0.159959378,-0.068150293,1.08928E+18,noneBll
1963,0.075904228,0.084055018,0.9583,0.041436464,5.617608696,4.294456522,-0.139776638,-0.243967229,0.061117821,1.0376E+18,noneBll
3146,0.038779402,0.068022886,0.5254,0.023722628,5.722166667,4.327777778,-0.46781818,0.194757625,0.21894741,1.18146E+18,noneBll
9125,0.08230137,0.053479452,-1,0.085782843,5.333327273,4.501454545,-0.608632214,-0.060338499,0.17475371,1.0734E+18,bullying
2898,0.020358868,0.038302277,-0.9995,0.060329068,5.096914286,4.415485714,-0.574397501,0.246760727,0.156455696,1.14885E+18,bullying
3215,0.035458787,0.076827372,-0.9989,0.052453469,5.334645161,4.296387097,0.162557319,-0.061253937,0.001697119,1.09657E+18,noneBll
4893,0.060494584,0.088493767,0.9998,0.005707763,6.239254386,4.1075,-0.164005875,-0.059395437,-0.059401274,9.90363E+17,noneBll
2782,0.029475198,0.031631919,0.9343,0.054644809,5.339243243,4.238486486,-0.495404936,0.191201391,0.236746735,1.01079E+18,noneBll
1424,0.047752809,0.198033708,0.9746,0.016666667,6.051020408,4.131836735,0.579385066,-0.022321227,-0.288872571,1.18073E+18,noneBll
7520,0.084574468,0.138962766,0.9927,0.015833333,5.708958333,4.268958333,0.537301024,-0.194602025,-0.211528426,1.04891E+18,noneBll
3698,0.03569497,0.140346133,-0.9793,0.008319468,6.12575,4.208875,1.378004648,-0.398605576,-0.366387123,1.16732E+18,noneBll
794,0.089420655,0.046599496,-0.963,0.109589041,5.06122449,4.667142857,-0.217237895,-0.314459615,0.119318367,1.09574E+18,bullying
909,0.03630363,0.052805281,-0.2169,0.067073171,5.673181818,4.396590909,-0.752700899,0.049757739,0.196494367,1.10924E+18,bullying
1870,0.013368984,0.05026738,-0.9962,0.007518797,5.388703704,4.37537037,-0.629260224,0.196614283,-0.021039976,1.05387E+18,noneBll
1456,0.160027473,0.049450549,-0.9589,0.040983607,5.515737705,4.206393443,0.046586432,-0.060152677,-0.072550419,1.03401E+18,noneBll
1854,0.067961165,0.072815534,-0.9804,0.073964497,5.268139535,4.617093023,-0.191924053,-0.091745063,0.034911844,1.00925E+18,noneBll
1054,0.029411765,0.099620493,0.3852,0.043956044,5.060444444,4.213333333,0.228386623,0.024480319,-0.361247045,1.17201E+18,noneBll
6386,0.087535233,0.048543689,-1,0.027642276,4.839907692,4.233353846,-0.514704055,0.076987135,0.092331395,1.13948E+18,noneBll
931,0.02792696,0.064446831,-0.6293,0.029069767,5.829803922,4.251176471,-0.246499681,0.133108458,0.013706,1.09121E+18,noneBll
4909,0.04196374,0.114076187,0.9977,0.01283697,6.23968254,4.182619048,0.933596551,0.015166035,-0.44587601,1.12125E+18,noneBll
744,0.028225806,0.108870968,0.8809,0.062015504,5.061333333,4.079666667,-0.129005257,0.001679427,0.004076513,1.09035E+18,noneBll
1871,0.049171566,0.052912881,-0.9552,0.053672316,5.573252033,4.711219512,-0.695820932,0.081277026,0.144926531,1.03355E+18,noneBll
1707,0.055653193,0.057996485,0.9054,0.04516129,5.599756098,4.197439024,-0.3576575,-0.119560509,0.140283828,1.03433E+18,noneBll
1773,0.036661027,0.081218274,-0.994,0.104477612,5.605,4.580106383,-0.316948367,-0.13647237,-0.150576809,1.06809E+18,bullying
532,0.033834586,0.052631579,-0.9902,0.04,4.932307692,4.534615385,-0.33946567,0.040378631,0.11600695,1.13782E+18,noneBll
4183,0.028209419,0.087975137,0.9967,0.013386881,5.929902913,4.332572816,0.137927866,-0.08807642,-0.103911593,1.131E+18,noneBll
2047,0.041035662,0.078651685,0.8689,0.029810298,5.913076923,4.158571429,-0.008638183,0.045086589,-0.054177106,1.09599E+18,noneBll
3174,0.030560807,0.190611216,0.994,0.016791045,6.063814433,4.395876289,0.575647235,-0.014228389,-0.314704734,1.17647E+18,noneBll
1134,0.0335097,0.051146384,-0.9748,0.023584906,5.035344828,4.337068966,-0.390346628,0.198415955,0.241544686,1.11163E+18,noneBll
433,0.060046189,0.080831409,0.9843,0.038461538,6.072142857,4.052142857,0.048045445,-0.18380412,-0.166407302,1.16135E+18,noneBll
7976,0.049523571,0.106569709,0.9978,0.016801075,5.678041237,4.273376289,0.085949331,-0.017648573,-0.008511903,1.17893E+18,noneBll
6370,0.030926217,0.081946625,0.9998,0.004720692,6.008278689,3.94989071,-0.522243855,0.16011181,0.079555406,1.08281E+18,noneBll
5194,0.074123989,0.035810551,-0.998,0.058641975,5.64484375,4.311132813,-0.459981447,-0.086213859,0.190161667,1.08064E+18,noneBll
1125,0.030222222,0.057777778,0.9691,0.004366812,5.939605263,3.851973684,-0.221193463,0.090836382,0.04056761,1.05699E+18,noneBll
10027,0.029520295,0.062132243,-0.9999,0.064768286,5.217513711,4.592285192,-0.445245312,0.123898537,-0.009838572,1.18185E+18,bullying
1320,0.018939394,0.048484848,-0.998,0.057251908,4.956829268,4.789146341,-0.377320756,0.006242425,-0.123348381,1.11297E+18,noneBll
4368,0.045100733,0.107600733,-1,0.171631206,4.661921182,4.946527094,0.222556675,0.381840435,-0.208716422,1.14158E+18,noneBll
1494,0.03145917,0.083668005,0.9884,0.007042254,5.817906977,4.168139535,-0.077637445,-0.0286739,-0.078602493,1.16127E+18,noneBll
645,0.040310078,0.159689922,-0.9034,0.037735849,6.089090909,4.560909091,0.898027373,0.11221541,-0.344573469,1.17312E+18,noneBll
768,0.036458333,0.2109375,0.9813,0.007633588,5.685238095,4.123333333,0.237905155,-0.005363378,-0.19216868,1.18064E+18,noneBll
5052,0.054235946,0.093230404,0.9994,0.018952062,5.986287129,4.341138614,-0.034339308,-0.108384264,-0.124275521,1.03864E+18,bullying
568,0.054577465,0.061619718,0.9405,0,6.91,4.275,2.767709125,-0.713764292,1.1855829,1.16429E+18,noneBll
709,0.042313117,0.071932299,0.8634,0.032258065,5.529375,4.16625,2.462205167,-1.75743082,-0.162794556,1.09843E+18,noneBll
2291,0.097773898,0.060235705,0.9957,0.028871391,5.859175258,4.307731959,-0.359424569,0.101986002,0.03329011,1.14908E+18,noneBll
1113,0.092542677,0.141060198,0.8132,0.031674208,5.497377049,4.210491803,0.006200433,-0.308209595,0.235414672,1.16137E+18,noneBll
643,0.037325039,0.065318818,0.9921,0.048387097,5.71725,4.12225,-0.57631527,0.010665318,0.050766255,1.0698E+18,noneBll
943,0.034994698,0.06892895,-0.9928,0.098265896,5.38557377,4.599836066,-0.464240309,0.020185683,0.117509215,1.14771E+18,bullying
833,0.045618247,0.088835534,0.5162,0.026666667,5.545121951,4.303414634,-0.205686372,0.057959601,0.047438027,1.16905E+18,noneBll
756,0.092592593,0.062169312,0.9775,0.06557377,6.040294118,4.108235294,0.247967021,0.194042454,-0.044656344,1.00404E+18,noneBll
589,0.067911715,0.186757216,0.9947,0.077586207,5.7021875,4.2796875,-0.203756488,-0.273566292,0.128324194,1.16176E+18,noneBll
1620,0.121604938,0.060493827,0.9953,0.104529617,5.505280899,4.68,-0.553200885,-0.0212264,0.171445133,1.16217E+18,noneBll
1935,0.058914729,0.050645995,-0.949,0.080229226,5.531583333,4.45425,-0.32646955,0.045840156,-0.021018417,1.1528E+18,bullying
2556,0.084115806,0.080985915,0.5796,0.003125,5.066615385,4.219076923,0.683402746,0.286155084,-0.25086364,1.17642E+18,noneBll
2012,0.034791252,0.046719682,-0.9861,0.04178273,5.105142857,4.486952381,-0.365401932,0.195265487,0.159633481,1.06357E+18,noneBll
1390,0.018705036,0.065467626,-0.996,0.076923077,5.435,4.47797619,-0.476379783,-0.072002543,0.222381196,1.11906E+18,bullying
1477,0.024373731,0.052809749,-0.998,0.04601227,5.499782609,4.401195652,-0.578656299,0.048850912,0.023186439,1.05385E+18,noneBll
392,0.015306122,0.191326531,-0.9445,0.039473684,5.372352941,4.702352941,-0.273712191,0.003594784,-0.158285176,1.027E+18,noneBll
7924,0.037733468,0.238389702,-0.9987,0.026030369,5.668122449,4.642244898,0.538660263,-0.085633695,-0.232878645,1.17056E+18,noneBll
772,0.023316062,0.102331606,0.9985,0,6.435833333,3.7545,1.189195816,1.504997612,0.341685113,1.17493E+18,noneBll
1358,0.068483063,0.059646539,0.9974,0.02016129,6.33362069,4.456551724,-0.496013094,-0.107685217,0.121106406,1.12022E+18,noneBll
2589,0.030513712,0.086906141,0.9961,0.016806723,5.68516129,4.482016129,-0.090864773,0.029048974,0.007595201,1.1593E+18,noneBll
1200,0.055,0.056666667,0.9069,0.02739726,5.574745763,4.533559322,-0.144455612,0.098641615,0.0207944,1.09447E+18,bullying
829,0.030156815,0.082026538,-0.8144,0.01369863,5.982564103,4.292307692,-0.231143297,0.06656009,-0.042648278,1.12098E+18,noneBll
483,0.144927536,0.089026915,0.9921,0,6.518571429,3.47047619,2.365419571,1.907984655,0.224488267,1.12382E+18,noneBll
1697,0.013553329,0.039481438,-0.9977,0,5.390458716,4.377798165,-0.501036224,0.108739339,0.08543752,1.05357E+18,noneBll
1028,0.054474708,0.091439689,-0.8605,0.032467532,5.2378125,4.023125,1.063309704,0.210538516,-0.54422681,1.12671E+18,noneBll
15064,0.027549124,0.053505045,-1,0.047500886,5.198290598,4.276520147,-0.395238771,0.125336911,0.087144617,1.11834E+18,bullying
1499,0.036691127,0.045363576,-0.8178,0,5.613186813,4.015714286,-0.672312723,0.341223062,0.174091836,1.10592E+18,noneBll
1657,0.049487025,0.06095353,0.5484,0.025641026,5.383896104,4.240519481,-0.534528776,0.380987448,0.19210889,1.14891E+18,noneBll
2727,0.074440777,0.239457279,0.9929,0.014830508,5.776891892,4.463108108,0.089372327,-0.293316063,0.064125798,1.11514E+18,noneBll
2278,0.01975417,0.025021949,-0.9945,0.015837104,5.266349206,4.168015873,-0.50759824,0.253971415,0.171739716,1.15396E+18,noneBll
1576,0.056472081,0.103426396,0.9988,0.014234875,6.645483871,4.325483871,-0.053321431,0.00017217,-0.204102608,1.16574E+18,noneBll
10574,0.030546624,0.055418952,-0.9992,0.049124514,5.59276873,4.344983713,-0.532672907,0.005412569,0.122120944,1.05957E+18,bullying
797,0.100376412,0.04140527,-0.9654,0.035971223,5.728235294,4.355588235,-0.441610427,-0.158716362,0.13969164,1.05112E+18,noneBll
1011,0.049455984,0.068249258,-0.9925,0.071038251,5.241311475,4.379672131,0.005588745,-0.093557429,-0.064934015,1.03755E+18,noneBll
1935,0.058914729,0.050645995,-0.949,0.080229226,5.531583333,4.45425,-0.32646955,0.045840156,-0.021018417,1.1528E+18,bullying
3069,0.041381558,0.171391333,-0.9949,0.016885553,5.672871287,4.493663366,0.345479413,-0.008562461,-0.329242954,1.17335E+18,noneBll
8779,0.042373847,0.070281353,-0.9989,0.063556851,5.422055046,4.410275229,-0.536949334,-0.012292111,0.163042289,1.15641E+18,bullying
530,0.028301887,0.079245283,0.8959,0.041666667,5.962647059,4.658235294,-0.473484005,0.176750536,-0.025539398,1.1354E+18,noneBll
2950,0.038305085,0.074915254,-0.9859,0.046428571,5.607159763,4.396923077,-0.712033837,0.102926986,0.073777615,1.11882E+18,bullying
8521,0.062199272,0.08836991,1,0.01125,6.208574561,4.306030702,-0.393769265,0.081888641,0.018615647,1.03756E+18,noneBll
846,0.060283688,0.069739953,-0.8653,0.081081081,5.972702703,4.405675676,-0.297686215,-0.135173429,-0.049433645,1.10573E+18,bullying
3909,0.145817345,0.07853671,0.9724,0.053745928,5.77852349,4.145973154,0.111350821,-0.0060239,-0.078794652,1.06617E+18,bullying
5845,0.022412318,0.051839179,-0.9994,0.081981982,5.395167598,4.451815642,-0.406026491,-0.022231968,0.005952817,1.0585E+18,noneBll
388,0.036082474,0.038659794,0.7741,0.151162791,5.608235294,4.529411765,-0.49260566,-0.324044729,0.035462101,1.13209E+18,bullying
916,0.074235808,0.118995633,0.8612,0.007042254,5.8996875,3.8890625,0.462857494,-0.042830757,-0.19328182,1.0654E+18,noneBll
821,0.024360536,0.047503045,-0.9461,0.074534161,5.616909091,4.452181818,-0.225373897,0.152966734,0.24178426,1.08166E+18,bullying
646,0.074303406,0.09752322,0.7499,0.073684211,4.971923077,4.788076923,0.585221021,-0.098939059,-0.056482177,1.14509E+18,noneBll
537,0.080074488,0.074487896,-0.7717,0.011627907,5.515294118,4.228235294,0.378193882,-0.067492065,-0.112732305,1.14189E+18,noneBll
5635,0.046317657,0.074356699,-0.9891,0.013671875,5.955274262,4.346160338,-0.026024863,0.086171401,-0.215725596,1.05216E+18,noneBll
677,0.100443131,0.127031019,-0.9287,0.102564103,4.952580645,4.426774194,-0.322179234,0.026741057,0.053542011,1.15922E+18,noneBll
756,0.042328042,0.124338624,0.3923,0.017699115,6.092608696,4.36,0.268199018,-0.095749441,-0.332148363,1.16409E+18,noneBll
5288,0.107223903,0.065242057,0.9743,0.055194805,5.738122605,4.399731801,-0.54372674,-0.018901568,0.147491687,1.07521E+18,noneBll
1657,0.049487025,0.06095353,0.5484,0.025641026,5.383896104,4.240519481,-0.534528776,0.380987448,0.19210889,1.14891E+18,noneBll
774,0.034883721,0.052971576,0.9684,0.03968254,5.959393939,4.248181818,-0.219528284,-0.060797641,-0.112716175,1.02558E+18,noneBll
573,0.034904014,0.165794066,0.9167,0.010309278,5.827857143,4.028928571,0.245844953,0.055760656,0.052690947,1.08715E+18,noneBll
1940,0.064948454,0.098969072,0.9968,0.020408163,5.799099099,4.113873874,0.028122124,-0.037087032,0.017818912,1.15745E+18,noneBll
528,0.035984848,0.151515152,0.9731,0,5.786666667,4.043333333,-0.235087571,0.015619845,-0.126461586,1.15921E+18,noneBll
2200,0.148181818,0.080909091,0.9918,0.048710602,5.862804878,4.422439024,0.206126237,-0.188050725,0.004965475,1.03029E+18,noneBll
1227,0.159739201,0.074979625,-0.9958,0.090497738,4.88122807,4.68877193,-0.301647141,-0.200470406,0.103479048,1.11657E+18,bullying
625,0.0816,0.0608,-0.9892,0.084745763,4.619333333,4.688,-0.507256438,-0.177308672,0.028479824,1.10999E+18,noneBll
3976,0.027917505,0.040241449,-0.9997,0.054254007,5.485681818,4.473977273,-0.601963988,-0.020398681,0.140621331,1.0902E+18,bullying
1193,0.032690696,0.062866723,-0.9755,0.022321429,6.006792453,4.288113208,-0.117822326,0.151336793,-0.134316877,1.15502E+18,noneBll
4629,0.057463815,0.111903219,0.9986,0.015665796,6.039449541,4.197522936,0.772512288,-0.068241342,-0.378966259,1.13139E+18,noneBll
6194,0.036486923,0.074749758,-0.9998,0.127038627,5.023492462,4.931959799,-0.307132857,-0.106304494,0.045081573,1.09816E+18,noneBll
2376,0.026515152,0.071969697,-0.9948,0.100446429,5.485744681,4.575531915,-0.257142775,-0.142194588,0.086955442,1.09711E+18,bullying
510,0.054901961,0.088235294,0.9829,0,6.520277778,3.761388889,0.198066771,-0.092803489,-0.126100046,1.09342E+18,noneBll
1337,0.046372476,0.130142109,-0.9974,0.067193676,5.291829268,4.681341463,-0.181584058,0.025226832,0.146802218,1.1489E+18,noneBll
4550,0.033186813,0.069450549,0.993,0.016055046,5.762918455,4.130944206,-0.518489782,-0.040735333,0.054238444,1.04766E+18,bullying
1506,0.021912351,0.122177955,0.959,0.016736402,6.326046512,4.763255814,1.155557406,0.229006692,-0.510632542,1.06336E+18,noneBll
1469,0.03403676,0.051735875,-0.9986,0.131868132,5.112192982,4.459649123,-0.484270967,0.022240267,0.162170842,1.16441E+18,bullying
4762,0.066358673,0.080638387,0.9751,0.014755959,5.722,4.05604878,-0.410939899,-0.042219207,0.094342503,1.10103E+18,noneBll
11598,0.047594413,0.09493016,1,0.007640879,6.313668942,4.116723549,-0.189992537,0.127623255,-0.113699673,1.0014E+18,noneBll
2312,0.061418685,0.254757785,0.9902,0.015,6.209452055,4.255068493,0.602550548,0.01193413,-0.428758713,1.13644E+18,noneBll
1408,0.028409091,0.0625,-0.9962,0.032608696,5.114615385,4.292948718,-0.312929629,0.019184955,-0.069583961,1.11675E+18,noneBll
2148,0.045158287,0.052141527,0.9997,0.007772021,6.415294118,4.34,-0.271882365,-0.002850268,0.033818916,1.09663E+18,noneBll
781,0.066581306,0.055057618,-0.9529,0.075342466,5.437142857,4.620571429,-0.087696412,-0.082023767,0.003516782,1.07933E+18,bullying
666,0.021021021,0.436936937,-0.9161,0.017391304,5.704545455,4.358181818,-0.091058206,0.062600767,-0.233531268,1.1758E+18,noneBll
1880,0.018617021,0.040425532,-0.9934,0.005952381,5.1816,4.1712,-0.602989601,0.31801716,0.219560284,1.16315E+18,noneBll
1494,0.043507363,0.097054886,0.9747,0.017921147,5.922686567,4.185074627,-0.10492844,0.032405547,0.000733583,1.10767E+18,noneBll
2300,0.055652174,0.08826087,-0.9577,0.040540541,5.831397849,4.569892473,-0.200508988,-0.005086963,0.023238846,1.09091E+18,noneBll
773,0.019404916,0.313065977,-0.9874,0.086956522,5.391428571,4.589047619,-0.491130416,-0.001663777,-0.147890783,1.15469E+18,noneBll
1073,0.037278658,0.089468779,0.9714,0.01754386,5.251428571,3.495714286,2.97131587,-2.323424701,-0.177749723,1.07227E+18,noneBll
1488,0.065188172,0.038978495,0.967,0.031578947,5.901648352,4.181318681,-0.65064504,0.013904312,0.225905368,1.12667E+18,noneBll
7713,0.020225593,0.384934526,-0.9997,0.033075299,5.603113553,4.579340659,0.057169487,0.008398912,-0.182461385,1.15032E+18,noneBll
654,0.076452599,0.044342508,0.9876,0.042372881,5.9164,4.3092,-0.473016469,-0.067114246,0.169871486,1.05831E+18,noneBll
6225,0.024899598,0.062329317,-0.9999,0.015780731,5.156782407,4.273773148,-0.294022424,-0.054878548,0.123992643,1.05999E+18,noneBll
1012,0.019762846,0.046442688,-0.9879,0.066350711,5.550123457,4.595432099,-0.567076177,-0.039723624,0.035732563,1.15719E+18,noneBll
2339,0.041898247,0.053441642,0.9922,0.044083527,5.906382979,4.274893617,-0.537187015,-0.006795221,0.043959672,1.09568E+18,bullying
1183,0.096365173,0.067624683,0.9041,0.089622642,5.764307692,4.831230769,-0.188271837,-0.302119686,0.132824735,9.65523E+17,noneBll
578,0.053633218,0.076124567,-0.471,0.033333333,6.003333333,4.70952381,2.038540805,-0.953342167,0.146084178,1.10162E+18,noneBll
1172,0.017064846,0.059726962,-0.9724,0.108225108,5.197746479,4.674929577,-0.049632486,-0.173152576,0.089010759,1.14631E+18,bullying
6779,0.035993509,0.136893347,0.9999,0.027863777,6.317190332,4.480513595,-0.237319316,-0.064055644,-0.063874526,1.17966E+18,noneBll
1054,0.04459203,0.102466793,0.9548,0.032967033,5.813863636,4.607727273,0.263227574,0.025702386,-0.288147204,1.04637E+18,noneBll
5997,0.04085376,0.076371519,0.9991,0.014678899,5.832313725,4.119490196,0.017332331,-0.02638894,-0.028131395,1.05573E+18,bullying
1066,0.199812383,0.095684803,-0.9753,0.006849315,4.820526316,4.283684211,0.316812012,-0.136799436,-0.360992327,1.17524E+18,noneBll
448,0.102678571,0.107142857,-0.9514,0.072463768,5.304705882,4.492352941,0.318402496,-0.224219141,-0.11240097,1.16258E+18,noneBll
942,0.165605096,0.129511677,-0.9179,0.060606061,5.218888889,4.665833333,0.178743502,-0.194420306,0.047541185,1.13023E+18,noneBll
2030,0.030049261,0.208866995,0.9433,0.019886364,6.082891566,4.402771084,0.870313324,-0.134671244,-0.189152738,1.16483E+18,noneBll
3382,0.044648137,0.095801301,0.9943,0.0224,5.927071429,4.297142857,0.061452285,-0.078031964,-0.031330634,1.14329E+18,noneBll
591,0.042301184,0.111675127,0.9733,0.01980198,6.081904762,4.083333333,0.463418448,-0.190094081,-0.279597025,9.81969E+17,noneBll
1846,0.022751896,0.083423619,0.9418,0.03880597,5.477820513,4.32025641,-0.024003043,0.138114297,-0.171708071,9.78943E+17,noneBll
2454,0.036267319,0.244906275,-0.9997,0.119305857,4.916585366,4.825609756,-0.346445868,-0.099572373,0.11538999,1.04048E+18,bullying
1128,0.056737589,0.039893617,0.9936,0.090497738,5.713015873,4.208730159,-0.597890659,-0.143717195,0.291697792,1.17683E+18,noneBll
2474,0.027081649,0.348827809,-0.9953,0.078475336,5.561709402,4.695726496,0.002429823,0.077607972,-0.154764217,1.14599E+18,noneBll
1118,0.02862254,0.03667263,-0.9046,0.071090047,5.068507463,4.57119403,0.015106979,0.116776534,-0.088119909,1.04824E+18,bullying
2121,0.101838755,0.151815182,0.9898,0.014925373,6.298431373,4.131764706,0.650141687,0.325761551,-0.59238799,1.12521E+18,noneBll
2733,0.039517014,0.074643249,-0.9915,0.026819923,5.206240602,4.571729323,-0.192367843,-0.040265964,0.096654341,1.17846E+18,noneBll
1152,0.048611111,0.056423611,-0.6416,0.033816425,5.426363636,4.172954545,-0.150980767,-0.004533222,-0.112375446,1.05776E+18,noneBll
1235,0.036437247,0.087449393,0.7941,0.021008403,5.765857143,4.138857143,-0.517251415,0.125922861,0.06197917,1.11686E+18,noneBll
2504,0.051916933,0.192891374,0.9999,0.002242152,6.302236842,3.505263158,1.844915042,1.332939631,0.483194276,1.13905E+18,noneBll
5515,0.022484134,0.136355394,0.8127,0.021444695,5.78352518,4.207985612,1.26554767,0.0026359,-0.58281631,9.74528E+17,noneBll
2238,0.05049151,0.08847185,-0.9987,0.156769596,4.733669065,4.695323741,-0.075616597,-0.101006435,0.017905013,1.0754E+18,noneBll
1727,0.085118703,0.097857556,0.9776,0.033444816,6.132916667,4.567638889,0.281827743,-0.097441869,-0.228664263,1.15933E+18,noneBll
4497,0.054258394,0.048254392,0.9901,0.002293578,5.817777778,3.928,2.836963106,-1.056803715,1.578952935,1.14244E+18,noneBll
4832,0.050703642,0.126862583,0.9989,0.014048531,6.176774194,4.267903226,0.71839823,-0.112312996,-0.157358903,1.03399E+18,noneBll
6183,0.054342552,0.251496038,-0.9838,0.022956841,5.812972973,4.703135135,0.102718573,-0.106850273,-0.164483904,1.16041E+18,noneBll
9270,0.030636462,0.066990291,-0.9998,0.023743788,5.221193182,4.110397727,-0.475618113,0.042586419,0.164188595,9.9409E+17,noneBll
2160,0.031944444,0.115277778,-0.9998,0.050377834,4.729555556,4.778666667,-0.203754169,-0.110111568,0.00083382,1.14485E+18,noneBll
18006,0.035432634,0.046595579,0.9998,0.020851951,5.559989396,4.208568399,-0.422995363,0.238456808,0.144147361,1.05096E+18,noneBll
2149,0.03257329,0.087017217,-0.9964,0.055415617,5.299130435,4.631043478,-0.337605316,-0.021240913,0.00472112,1.14666E+18,bullying
987,0.159067882,0.059777102,0.8591,0.047297297,5.379393939,4.385454545,0.257449963,-0.081662441,-0.069916651,1.05379E+18,noneBll
6341,0.034694843,0.10329601,0.9846,0.026871401,5.556979866,4.402147651,0.751584614,-0.031844853,-0.387883452,1.07529E+18,noneBll
797,0.04140527,0.132998745,0.9416,0.029411765,5.324782609,4.570434783,0.777695808,-0.035433113,-0.456167637,1.02121E+18,noneBll
6983,0.025347272,0.10611485,-0.9738,0.020950846,5.805636943,4.251082803,0.168524564,0.103185561,-0.255869276,1.01835E+18,noneBll
1077,0.051996286,0.13463324,0.9819,0,6.082608696,4.408985507,0.085309927,0.108676086,0.002064917,1.17625E+18,noneBll
2375,0.036631579,0.053473684,-0.9984,0.043269231,5.048317757,4.673925234,0.403645888,-0.119739863,0.653315807,1.00619E+18,noneBll
472,0.116525424,0.13559322,-0.9584,0.09375,5.237058824,4.942941176,-0.176522329,0.085985852,-0.086433362,1.12198E+18,bullying
768,0.049479167,0.08984375,0.9769,0.01986755,6.057142857,4.320285714,-0.663340576,-0.090842451,0.258652115,1.13782E+18,noneBll
2862,0.026205451,0.059399022,-0.998,0.077205882,5.351976048,4.35245509,-0.209840052,-0.101600011,0.070018907,1.09336E+18,noneBll
4694,0.038559864,0.162121858,0.9993,0.006329114,6.13379562,4.164087591,0.288508219,-0.080900994,-0.287125619,1.07264E+18,noneBll
613,0.030995106,0.30995106,-0.9759,0.076190476,4.94375,4.635416667,-0.232072241,0.124463286,-0.220109855,1.10718E+18,noneBll
3724,0.039473684,0.14688507,0.9991,0.02587519,6.001285714,4.285642857,0.265734845,-0.041422313,-0.176833604,1.16905E+18,noneBll
1202,0.0640599,0.107321131,0.963,0.027906977,5.965,4.268913043,-0.23279688,-0.061680302,0.305520983,1.12597E+18,noneBll
2152,0.051115242,0.062267658,-0.9949,0.049140049,5.602038835,4.37815534,-0.553279729,-0.066282414,0.211926444,1.14076E+18,noneBll
1716,0.054778555,0.118298368,-0.9985,0.108196721,5.759245283,4.347641509,-0.653707307,-0.084335242,0.183873315,1.12096E+18,bullying
1171,0.065755764,0.054654142,0.7948,0.066666667,5.577857143,4.423214286,-0.355639044,-0.072619514,0.082588243,1.12312E+18,noneBll
639,0.023474178,0.053208138,-0.9926,0.11971831,5.274047619,4.526666667,-0.513744323,-0.318347965,0.199780675,1.08762E+18,bullying
5090,0.03870334,0.073870334,0.9995,0.013171226,6.012936803,4.140892193,-0.422563755,0.208251735,0.174188312,1.05828E+18,noneBll
935,0.026737968,0.048128342,0.8948,0.069892473,5.883921569,4.613921569,-0.399995507,-0.193547192,-0.012942341,1.04626E+18,bullying
2033,0.060993606,0.135759961,0.9539,0.011730205,5.858235294,4.182352941,0.41116619,0.012033889,-0.350094203,9.45804E+17,noneBll
13063,0.035902932,0.066983082,-1,0.077216801,5.117740113,4.631511299,-0.575737431,-0.060654655,0.144005309,1.10853E+18,bullying
2157,0.051923968,0.082058414,-0.9585,0.059125964,5.948655462,4.228991597,-0.21102817,-0.156874041,0.043527004,9.87238E+17,noneBll
1794,0.03567447,0.073021182,-0.9986,0.068452381,5.082470588,4.420588235,-0.024110122,-0.009756197,-0.035157163,1.12814E+18,noneBll
1274,0.022762951,0.06122449,-0.9884,0.070038911,5.311538462,4.433076923,-0.372273,0.048941721,0.029253927,1.02808E+18,noneBll
1725,0.022028986,0.033043478,-0.9994,0.084084084,5.082426471,4.603088235,-0.454368577,0.053018896,0.077559728,1.14919E+18,bullying
387,0.018087855,0.036175711,0.4617,0.024691358,5.589259259,4.292222222,-0.565851755,0.020239236,0.079301438,1.05324E+18,noneBll
1902,0.026288118,0.111461619,0.9926,0.022364217,6.174938272,4.462962963,0.85659999,-0.241080905,-0.240295477,1.17126E+18,noneBll
8765,0.065944096,0.119338277,1,0.003221649,6.244979253,4.238236515,-0.219660072,0.025515643,-0.048733502,1.16772E+18,noneBll
3654,0.050355774,0.107006021,0.9996,0.013254786,6.001901408,4.18584507,-0.027978348,-0.095462584,-0.11005275,1.03758E+18,noneBll
4099,0.04147353,0.11051476,0.9993,0.017333333,6.005462555,4.148502203,-0.056430587,0.023142802,-0.028219,1.15022E+18,noneBll
7534,0.043270507,0.047517919,-0.9996,0.06366782,5.519293598,4.329293598,-0.49634929,0.012398529,0.142538239,1.14091E+18,bullying
4675,0.064171123,0.118074866,-0.9679,0.030726257,5.556031746,4.102222222,0.778389468,0.011221084,-0.426166651,1.08177E+18,noneBll
2617,0.051967902,0.115399312,0.9951,0,6.222380952,3.444285714,2.836904339,-1.085524142,1.723850394,1.12116E+18,noneBll
671,0.043219076,0.0804769,0.6472,0.009259259,5.458214286,4.259642857,0.6838372,-0.004092465,-0.257639314,1.03895E+18,noneBll
4123,0.030560272,0.076158137,-0.9993,0.103666245,5.137804878,4.48304878,-0.347536128,-0.091055432,0.057082871,1.14709E+18,noneBll
1375,0.048727273,0.052363636,-0.9294,0.078066914,5.8293,4.3897,-0.601357608,-0.052411698,0.245183034,1.0263E+18,noneBll
6954,0.053494392,0.117917745,0.9999,0.008291874,6.421170886,4.206772152,-0.166616047,0.108103933,-0.132316701,1.05234E+18,noneBll
7820,0.066496164,0.146035806,0.9985,0.009817672,5.848132184,4.125172414,-0.277464066,-0.022717219,-0.000401434,1.06648E+18,noneBll
3275,0.09221374,0.107175573,0.9836,0.015037594,5.235777778,4.433333333,0.478160321,-0.082013811,-0.218879126,1.15175E+18,noneBll
1119,0.041108132,0.075067024,0.9543,0.02617801,6.000638298,4.295106383,0.055437418,0.058826131,-0.007634483,1.09221E+18,noneBll
1207,0.024855012,0.068765534,-0.9943,0.024793388,5.220609756,4.260243902,-0.631225916,0.303065063,0.195987409,1.11046E+18,noneBll
2457,0.038258038,0.040700041,-0.9944,0.025974026,5.133129252,4.197823129,-0.43268513,0.113790345,0.171184159,1.15952E+18,noneBll
1924,0.062889813,0.161122661,-0.9998,0.434659091,4.778219895,4.986858639,-0.425105547,-0.243409594,-0.1872066,1.14976E+18,noneBll
4042,0.016081148,0.077684315,-0.97,0.035248042,5.736767677,4.319848485,0.00473984,0.017978871,-0.183946977,1.05557E+18,noneBll
1376,0.050872093,0.119186047,0.9912,0.065743945,5.697101449,4.526086957,-0.213191935,-0.189955078,0.066100546,1.18119E+18,noneBll
1952,0.053790984,0.285860656,-0.9996,0.142857143,5.131282051,4.606794872,-0.543268196,-0.363914941,0.11210461,1.05286E+18,noneBll
401,0.077306733,0.074812968,0.4291,0.076923077,5.477647059,4.482352941,0.031220846,0.108475453,-0.19090354,1.10523E+18,noneBll
2319,0.040103493,0.102630444,-0.9867,0.094827586,5.47062069,4.412827586,-0.479645764,-0.168444442,0.176322421,1.02054E+18,noneBll
2696,0.025964392,0.058976261,-0.9987,0.047882136,5.33172973,4.531135135,-0.527848256,-0.011939398,0.135379047,1.16797E+18,bullying
2499,0.047619048,0.077631052,-0.9964,0.066528067,5.40133758,4.446815287,-0.482795206,0.058124699,0.113660206,1.11028E+18,bullying
1136,0.022887324,0.080105634,-0.9253,0.03539823,5.695818182,4.311818182,-0.272454953,-0.141648844,-0.147875387,1.07377E+18,noneBll
1358,0.036082474,0.160530191,0.963,0.038834951,5.932692308,4.017307692,1.282021076,-0.376286715,-0.569510922,1.17281E+18,noneBll
5949,0.020675744,0.05093293,-0.9991,0.038938053,5.503457944,4.191619938,-0.38778222,0.125525308,0.154289833,1.11865E+18,bullying
7710,0.052010376,0.11997406,0.9981,0.010788941,5.628187919,4.071744966,-0.352312388,0.031743805,-0.072189744,1.11628E+18,noneBll
2134,0.031865042,0.082005623,0.7987,0.02020202,5.76432,4.22352,-0.194218144,0.092018817,-0.063429195,1.12522E+18,noneBll
1208,0.014900662,0.113410596,0.9785,0.014778325,5.9175,4.142045455,0.980813603,0.163797085,-0.615397473,1.11331E+18,noneBll
2518,0.052819698,0.073073868,0.9988,0.038076152,6.055193798,4.434108527,-0.302743278,-0.137732185,0.152128367,1.05493E+18,noneBll
479,0.033402923,0.511482255,-0.9817,0.105882353,5.3725,5.0395,0.185298655,-0.061333792,-0.190666756,1.14564E+18,noneBll
736,0.095108696,0.10326087,-0.8836,0.090225564,5.737837838,4.138378378,-0.618050757,0.05302024,0.068583256,1.16578E+18,noneBll
1252,0.055910543,0.089456869,-0.9969,0.016393443,5.001714286,4.305714286,-0.326382014,0.089124907,0.126279985,1.05417E+18,bullying
423,0.160756501,0.06855792,-0.9393,0.016129032,4.608125,4.664375,0.455328663,0.161733023,-0.101412176,1.11318E+18,noneBll
440,0.090909091,0.088636364,0.9062,0,5.450666667,3.974666667,1.521724297,-0.33705659,-0.23776008,1.11583E+18,noneBll
879,0.12741752,0.104664391,0.9545,0.118881119,5.8325,4.634375,-0.297878847,-0.14918054,0.067524595,1.13029E+18,noneBll
1091,0.033913841,0.066911091,0.828,0.138095238,5.238648649,4.417027027,-0.381851836,-0.085363122,0.11652299,1.06105E+18,bullying
923,0.086673889,0.098591549,0.9821,0.034883721,5.741269841,4.18015873,-0.19874294,-0.065841207,-0.007995953,1.17209E+18,noneBll
1448,0.019337017,0.044889503,-0.9894,0.149635036,5.247727273,4.554545455,-0.514596929,-0.070026683,0.136613041,1.1199E+18,bullying
1111,0.0360036,0.072907291,0.9518,0.054054054,5.599137931,4.251034483,-0.382323606,-0.041161453,0.094615384,1.04048E+18,noneBll
11005,0.028259882,0.066606088,-0.9998,0.047195013,5.504294574,4.301984496,-0.491404633,0.084691132,0.230295433,1.02523E+18,bullying
9478,0.036189069,0.049483013,-1,0.080303852,5.206121324,4.449926471,-0.481739681,0.057693166,0.135299236,1.03678E+18,bullying
5403,0.045715343,0.069405886,-0.9995,0.025519849,5.470916031,4.275343511,-0.386078309,0.070348697,-0.065074092,1.06733E+18,noneBll
576,0.0625,0.060763889,0.9678,0.047619048,5.919,4.541666667,-0.248890407,0.094319637,0.019057489,1.02752E+18,noneBll
299,0.080267559,0.056856187,-0.2732,0.127272727,5.682173913,4.697826087,-0.614313059,-0.056823229,0.289222127,1.16185E+18,noneBll
289,0.065743945,0.089965398,-0.5093,0.117647059,5.911764706,4.902352941,-0.035779803,-0.289482383,0.087921936,1.12406E+18,bullying
3073,0.030589001,0.052717214,-0.9975,0.026041667,5.18127907,4.217151163,-0.291060009,0.20727761,0.021542154,1.15205E+18,noneBll
949,0.057955743,0.197049526,0.9927,0.005882353,6.244722222,4.615277778,-0.20665498,0.157217487,-0.063635008,1.1764E+18,noneBll
519,0.06743738,0.063583815,0.9469,0.06741573,5.744137931,4.544482759,0.009340735,-0.237676698,0.105509243,1.1737E+18,bullying
1334,0.03898051,0.294602699,-0.9813,0.063348416,5.576285714,4.864857143,0.375242861,-0.112326321,-0.254041615,1.17886E+18,noneBll
628,0.050955414,0.165605096,0.7863,0.102564103,5.226216216,4.804594595,0.055716507,-0.219520365,-0.158181738,9.48113E+17,noneBll
1089,0.053259871,0.086317723,-0.9831,0.092307692,5.169344262,4.363606557,-0.684114594,0.115216956,0.053551521,1.09E+18,bullying
1586,0.030264817,0.076923077,-0.9944,0.0625,5.377733333,4.404933333,-0.306504391,-0.008107199,0.058197173,1.17388E+18,noneBll
1691,0.102306328,0.098166765,-0.953,0.078231293,5.29,4.450987654,-0.382310888,-0.049912107,-0.004963285,1.08817E+18,noneBll
673,0.052005944,0.126300149,-0.9245,0.10483871,5.450666667,4.799666667,-0.1587476,-0.195376552,0.108848703,9.82976E+17,noneBll
1217,0.134757601,0.161051767,-0.9886,0.064516129,5.404571429,4.414285714,-0.415117159,0.02351416,0.052839479,1.10662E+18,noneBll
912,0.08004386,0.050438596,0.9333,0.085889571,5.435945946,4.174054054,-0.309854745,-0.259878347,0.152069761,1.09952E+18,noneBll
1462,0.023939808,0.110807114,0.9887,0.035294118,5.920612245,4.544897959,0.239322903,-0.151562877,-0.208560705,1.10089E+18,noneBll
2195,0.029612756,0.080637813,-0.9986,0.036199095,5.049736842,4.475,-0.542187516,-0.013770122,0.080505576,1.05421E+18,noneBll
7308,0.036398467,0.048303229,0.968,0.045616536,5.749407583,4.426753555,-0.523441294,-0.073556029,0.147658122,1.05215E+18,bullying
1912,0.039225941,0.080020921,0.9756,0.025862069,5.948804348,4.171956522,-0.235597099,0.017244099,0.005336673,1.14526E+18,noneBll
3373,0.033501334,0.050103765,0.9878,0,6.215555556,3.494444444,3.323094345,-1.006871798,1.685146354,1.11974E+18,noneBll
841,0.01902497,0.038049941,0.976,0.025806452,5.413658537,4.34804878,-0.218815029,0.118607531,0.038083754,1.01267E+18,noneBll
8215,0.033110164,0.051125989,-0.9998,0.072380952,5.166572668,4.54681128,-0.362023459,-0.073084045,0.020965553,1.08939E+18,bullying
1127,0.140195209,0.058562555,-0.9247,0.09375,4.902105263,4.65877193,-0.1276913,-0.15859584,0.066214465,1.02857E+18,noneBll
1616,0.036509901,0.224628713,0.7372,0.020920502,6.067192982,4.446842105,0.62144068,0.069242779,-0.232281518,1.17128E+18,noneBll
734,0.046321526,0.178474114,-0.3802,0.010526316,5.5125,4.3575,1.732472521,-0.034424919,-0.560600086,1.11725E+18,noneBll
1532,0.04308094,0.056788512,0.9893,0.02173913,5.761473684,4.340947368,-0.493988993,0.026151304,0.239096127,1.16613E+18,noneBll
6997,0.051307703,0.114048878,0.9988,0.029580153,5.818562874,4.203592814,1.144584067,-0.076997833,-0.493134443,1.00672E+18,noneBll
4829,0.056533444,0.072892938,-0.9998,0.077790304,5.206401515,4.537348485,-0.409392322,0.047401286,0.151947348,1.08654E+18,bullying
10657,0.027962841,0.069907103,-1,0.104048964,5.187244624,4.527862903,-0.612584569,0.005034437,0.139860834,1.00971E+18,bullying
1198,0.050918197,0.141068447,0.9994,0,6.279,3.501285714,2.096786317,1.84683733,0.363448438,1.17346E+18,noneBll
8600,0.039534884,0.032790698,0.9057,0.044837758,5.731656566,4.340262626,-0.64142206,0.039162969,0.107386665,1.16326E+18,bullying
2265,0.006181015,0.19205298,0.9374,0.007389163,5.776666667,4.291111111,1.732221794,0.131781707,-1.448764666,1.06402E+18,noneBll
639,0.023474178,0.053208138,-0.9926,0.11971831,5.274047619,4.526666667,-0.513744323,-0.318347965,0.199780675,1.08762E+18,bullying
615,0.037398374,0.066666667,-0.9904,0.084033613,4.772439024,4.827073171,-0.36388494,-0.05640382,0.163842741,1.15646E+18,noneBll
2005,0.045885287,0.093266833,-0.9978,0.047619048,4.963913043,4.510434783,-0.506712139,0.086103733,-0.023457811,1.05931E+18,bullying
741,0.095816464,0.045883941,-0.9789,0,3.119473684,5.718947368,2.76476116,-2.31506077,-0.021676935,1.10717E+18,noneBll
1561,0.023702755,0.045483664,-0.9968,0.059190031,5.342857143,4.236607143,-0.629788263,-0.024557513,0.204670457,1.18107E+18,noneBll
766,0.146214099,0.052219321,-0.9891,0.068181818,4.725106383,4.483191489,-0.21277541,-0.228123615,0.164676518,1.038E+18,noneBll
1566,0.028097063,0.46743295,0.9987,0.025316456,6.012820513,4.184230769,-0.52647894,0.119698678,-0.028245666,1.15464E+18,noneBll
1717,0.026790914,0.071054164,-0.991,0.083333333,5.642717391,4.509347826,-0.136405549,0.015942798,0.041868089,1.05889E+18,bullying
602,0.03986711,0.058139535,-0.9297,0.061403509,5.529411765,4.482941176,-0.353444539,0.111588492,-0.0658028,1.05433E+18,noneBll
1087,0.046918123,0.252069917,0.9212,0.047120419,5.744390244,4.740731707,0.228901079,-0.105201656,-0.172547902,1.18149E+18,noneBll
8378,0.029362616,0.032227262,-0.9998,0.066420664,5.489140893,4.450687285,-0.583011409,0.102360576,0.184803776,1.14911E+18,noneBll
506,0.065217391,0.055335968,0.3527,0.014492754,5.78,4.475454545,1.420326882,-0.319459822,-0.506685212,1.11018E+18,noneBll
601,0.034941764,0.048252912,-0.9565,0.097345133,5.224,4.8824,-0.417568424,-0.151326624,0.016339599,9.4915E+17,noneBll
675,0.019259259,0.134814815,0.8733,0.05,5.851333333,4.586666667,0.379609077,-0.122029368,-0.252772419,1.1703E+18,noneBll
13185,0.029351536,0.05847554,-1,0.059707394,5.232242268,4.349690722,-0.574699121,0.122540075,0.169190925,1.08861E+18,bullying
3641,0.01592969,0.072782203,-0.9999,0.010738255,4.575169492,4.567259887,-0.473345657,-0.113158158,0.273655962,1.13491E+18,noneBll
1676,0.035202864,0.143198091,0.9824,0.021052632,5.901428571,4.301269841,0.402160909,-0.028146016,-0.308146055,1.15201E+18,noneBll
555,0.034234234,0.07027027,-0.9507,0.017241379,6.198285714,4.265142857,-0.321495732,-0.045622026,-0.04604887,1.15104E+18,noneBll
580,0.087931034,0.067241379,0.9284,0.019230769,5.9159375,4.04625,-0.090666731,-0.043380601,0.024091701,1.12023E+18,noneBll
1895,0.034300792,0.14353562,-0.8739,0.014245014,6.172616822,4.335140187,-0.228262391,0.057842653,-0.162463184,1.07456E+18,noneBll
855,0.031578947,0.228070175,0.9327,0.034482759,5.602391304,4.573913043,-0.203100586,-0.065842373,-0.103367578,1.15097E+18,noneBll
788,0.027918782,0.140862944,-0.9979,0.130434783,4.295454545,4.87,0.025657092,0.028482501,-0.150177118,1.10463E+18,noneBll
783,0.04853129,0.083014049,0.9367,0.043478261,5.73875,4.89725,-0.15703264,0.022360004,-0.023741534,1.10762E+18,noneBll
1669,0.034152187,0.18873577,0.9984,0.022801303,6.318196721,4.559016393,0.066075523,-0.284170023,-0.180013882,1.11807E+18,noneBll
9051,0.081537952,0.068721688,1,0.006428989,6.091290323,4.163092979,-0.579825402,-0.05097258,0.115472668,1.06216E+18,noneBll
499,0.088176353,0.112224449,-0.1719,0.034883721,5.812413793,4.920344828,-0.331114779,-0.0874988,0.091542179,1.16509E+18,bullying
484,0.061983471,0.119834711,-0.9109,0.054945055,6.05,4.289333333,-0.470009912,-0.06340396,0.061103713,1.1249E+18,noneBll
8877,0.052945815,0.083361496,0.9979,0.07997558,5.883165939,4.659694323,-0.155300306,-0.098640755,-0.170186849,1.04762E+18,noneBll
4040,0.097277228,0.113861386,0.9809,0.019230769,5.753902439,4.195609756,1.522830572,-0.115506779,-0.528658619,1.16695E+18,noneBll
459,0.047930283,0.054466231,-0.9449,0,4.3152,4.6004,-0.499890074,0.034265961,-0.031349245,1.159E+18,noneBll
1123,0.039180766,0.046304541,0.9743,0.096774194,5.445915493,4.25028169,-0.53883622,-0.005133869,0.075635352,1.06158E+18,noneBll
1002,0.045908184,0.288423154,0.8661,0.028735632,5.593255814,4.460930233,0.123397677,-0.053214731,-0.158452046,1.14161E+18,noneBll
4032,0.027281746,0.093998016,-0.9987,0.063183475,5.517372549,4.415372549,-0.466264746,0.08058966,0.026262279,1.03639E+18,bullying
5784,0.044951591,0.136929461,0.9946,0.017730496,6.045622642,3.992792453,-0.239754123,0.002399537,0.003313821,1.13468E+18,noneBll
1335,0.026966292,0.049438202,-0.8903,0.027131783,5.916388889,4.246805556,-0.658810308,0.098495601,0.014652962,1.11764E+18,noneBll
1289,0.065942591,0.108611327,-0.9176,0.045833333,6.140606061,4.301969697,-0.194118981,0.017833668,-0.026955515,1.16825E+18,noneBll
4673,0.039589129,0.090092018,0.9993,0.022075055,6.044112903,4.204032258,-0.430213949,0.072851784,0.030064415,1.04668E+18,noneBll
1056,0.051136364,0.099431818,0.998,0,6.432131148,3.846393443,1.369064317,0.942853986,0.199379141,1.10057E+18,noneBll
2123,0.070183702,0.197833255,-0.978,0.075718016,5.440743802,4.283801653,-0.169742473,-0.102085326,0.144647494,1.11393E+18,noneBll
966,0.034161491,0.072463768,-0.8363,0.020512821,5.844090909,4.172045455,0.175017313,-0.136772903,-0.148588682,1.08135E+18,noneBll
1330,0.040601504,0.028571429,-0.9845,0.079245283,5.580659341,4.305164835,-0.855148165,0.013948286,0.226724737,1.17311E+18,noneBll
17623,0.059070533,0.057254724,1,0.014467593,6.063944751,4.179381215,-0.49243267,-0.050663859,0.135146761,9.58643E+17,noneBll
3209,0.004985977,0.149890932,1,0,6.487926829,3.442113821,2.874751343,2.69169836,0.483641325,1.14213E+18,noneBll
2425,0.033814433,0.055257732,-0.9832,0.036016949,5.469379845,4.291937985,-0.554250094,-0.019822295,0.113374286,1.02773E+18,bullying
2605,0.022648752,0.047600768,-0.9942,0.063461538,5.289383562,4.392534247,-0.602859248,-0.005618528,0.062872421,1.17334E+18,bullying
1031,0.032007759,0.06013579,-0.9972,0.018779343,5.358545455,4.191090909,-0.312625232,-0.213116068,0.060204411,1.04697E+18,noneBll
957,0.03030303,0.161964472,0.9414,0.012820513,6.122580645,3.95483871,0.645110471,0.114620871,-0.556339335,1.15135E+18,noneBll
3238,0.052192712,0.093885114,0.9885,0.018272425,5.647844311,4.213712575,0.025299068,-0.058156753,0.061013732,1.06253E+18,noneBll
5717,0.042329893,0.081511282,0.9997,0.019848771,6.131757189,4.374952077,-0.021687612,0.007397743,-0.13345219,1.16158E+18,noneBll
994,0.05331992,0.086519115,0.9598,0.069148936,5.775869565,4.51173913,-0.416532124,-0.078285831,-0.053209935,9.88633E+17,bullying
142,0.042253521,0.084507042,0.9042,0.125,6.209166667,4.866666667,-0.363923367,-0.200200613,-0.066514745,9.87302E+17,bullying
984,0.034552846,0.047764228,0.9757,0.005813953,6.166829268,4.134390244,-0.231624559,0.236066579,0.007998841,1.05344E+18,noneBll
1488,0.00672043,0.045026882,-0.9529,0.018927445,5.535434783,4.057934783,-0.732308536,0.019930739,0.18400582,1.04072E+18,bullying
2305,0.048590022,0.079826464,-0.999,0.080321285,5.093851351,4.181824324,-0.838777127,-0.044676907,0.213917499,1.12123E+18,noneBll
2468,0.066045381,0.146272285,-0.9133,0.072368421,5.588263889,4.455416667,-0.376660809,-0.193080965,0.21442019,9.51265E+17,bullying
941,0.08607864,0.170031881,-0.9895,0.111111111,5.569795918,4.406122449,-0.702158728,0.01989635,0.089017963,1.13061E+18,noneBll
1945,0.041131105,0.116709512,-0.997,0.079096045,5.207951807,4.794096386,0.085156877,-0.106081614,-0.076781095,1.12309E+18,noneBll
1023,0.031280547,0.088954057,0.9622,0.033519553,5.274418605,4.572325581,-0.169760962,0.235483443,-0.046674716,1.17778E+18,noneBll
1040,0.025961538,0.078846154,0.9916,0,5.952545455,4.042727273,0.118737307,-0.075204047,0.010098628,1.14009E+18,noneBll
8668,0.036109829,0.116520535,-0.9991,0.064951768,5.577016317,4.21011655,0.100633434,0.054055434,-0.027783722,1.14886E+18,bullying
4561,0.02718702,0.059197544,-0.9987,0.0456621,5.270704225,4.461408451,-0.683218463,0.076330529,0.102492481,1.15509E+18,bullying
1854,0.114886731,0.09600863,0.9992,0.026315789,6.112159091,4.253295455,0.01711166,-0.121324142,0.005579971,1.18114E+18,noneBll
1143,0.073490814,0.085739283,0.8702,0.033333333,5.758888889,4.572,0.181773967,-0.136709751,-0.060260805,1.1796E+18,noneBll
815,0.099386503,0.125153374,0.9958,0.038216561,6.286363636,4.392727273,-0.585202346,0.08996044,0.181972747,1.05137E+18,noneBll
1346,0.034175334,0.08320951,-0.9753,0.014652015,5.299367089,4.444303797,-0.309895096,0.038376288,0.03257137,1.05351E+18,noneBll
1129,0.045172719,0.193091231,0.9567,0.010152284,5.67972973,4.011621622,-0.036631309,-0.064318928,0.020913507,1.16035E+18,noneBll
6310,0.085103011,0.116323296,-0.9667,0.041489362,5.575,4.521742424,1.129272314,-0.095442132,-0.382035613,1.18064E+18,noneBll
1406,0.040540541,0.055476529,-0.9933,0.088235294,5.35,4.4183,-0.308068274,-0.128496659,0.02677291,1.04882E+18,bullying
3478,0.031914894,0.081368603,0.9956,0.01362862,6.142622951,4.137540984,0.513607422,-0.003221712,-0.299968348,1.13763E+18,noneBll
2043,0.029858052,0.046500245,-0.9898,0.02020202,4.874268293,4.299878049,-0.279906404,-0.123381272,0.085772052,1.08323E+18,noneBll
2371,0.029101645,0.056938001,-0.9986,0.062,5.441589404,4.43397351,-0.499619853,-0.152887018,0.159697182,1.05425E+18,bullying
4829,0.056533444,0.072892938,-0.9998,0.077790304,5.206401515,4.537348485,-0.409392322,0.047401286,0.151947348,1.08654E+18,bullying
2139,0.065918654,0.079943899,-0.9889,0.074519231,5.794047619,4.29547619,-0.470561378,-0.115210957,-0.009331136,1.07699E+18,bullying
1128,0.046099291,0.058510638,0.9941,0,6.270961538,4.301730769,-0.365896132,0.029965513,0.069960194,1.09563E+18,noneBll
1601,0.055590256,0.078076202,-0.795,0.006666667,5.916065574,4.221639344,-0.263225629,0.057464424,-0.075740639,1.15676E+18,noneBll
1053,0.032288699,0.054131054,0.9667,0.01025641,5.576857143,4.125714286,-0.000623537,0.233458618,0.067683287,1.06179E+18,noneBll
3727,0.033002415,0.059297022,-0.9996,0.028694405,5.036168224,4.631915888,-0.25214389,0.094838166,0.050357032,1.12292E+18,bullying
7498,0.039743932,0.085089357,0.9948,0.016393443,5.751276596,3.97875,-0.092437402,0.013027406,-0.050939532,1.04215E+18,noneBll
976,0.040983607,0.049180328,0.9576,0.018292683,5.740416667,4.562291667,-0.13926239,0.07734672,0.069489852,1.02559E+18,noneBll
1418,0.036671368,0.144569817,0.9643,0.020304569,5.4564,4.1236,1.487726234,0.016085736,-0.613928877,9.97367E+17,noneBll
822,0.030413625,0.103406326,0.9667,0.014184397,5.736206897,4.277931034,0.750238708,-0.062239312,-0.187100389,1.14329E+18,noneBll
489,0.122699387,0.17791411,0.9724,0.098765432,5.444615385,4.168461538,-0.52534669,-0.162519029,0.00538587,1.01446E+18,noneBll
384,0.216145833,0.033854167,-0.8688,0.113207547,5.59125,4.50125,-0.909264528,0.035822891,0.131074659,1.1544E+18,noneBll
999,0.108108108,0.125125125,-0.9839,0.112426036,5.647377049,4.517868852,-0.344849739,-0.109170746,0.055031867,1.12106E+18,noneBll
612,0.044117647,0.045751634,-0.9386,0.084745763,5.503414634,4.432926829,-0.350640118,-0.187341221,0.166772406,1.16174E+18,bullying
1962,0.041794088,0.203363914,0.9881,0.01183432,5.929090909,4.462878788,0.166859314,0.06797279,-0.212689395,1.1042E+18,noneBll
4894,0.04679199,0.084797711,-0.9987,0.009891197,5.420701107,4.338413284,-0.415706335,0.086789122,0.104592743,1.05382E+18,noneBll
3282,0.038391225,0.055453991,-0.9965,0.041158537,5.549365854,4.354926829,-0.665912955,0.149186225,0.28256734,1.02737E+18,bullying
4338,0.032733979,0.07791609,-0.9954,0.02014218,5.521621622,4.301261261,-0.107319171,-0.036360479,0.00868617,1.15055E+18,noneBll
491,0.073319756,0.114052953,0.9867,0.066666667,6.017142857,3.765714286,0.578811308,0.003334575,0.040049228,1.04193E+18,noneBll
976,0.034836066,0.045081967,0.5846,0.033898305,5.737692308,4.137115385,-0.281981968,0.210046544,-0.067353812,1.02695E+18,noneBll
1365,0.020512821,0.046886447,-0.9975,0.076388889,5.034105263,4.429894737,-0.688559988,0.004906507,0.114722773,1.10847E+18,bullying
4813,0.041554124,0.142115105,-0.95,0.027939464,5.967202381,4.212380952,0.305011989,-0.196141604,-0.130890444,1.17098E+18,noneBll
3553,0.034618632,0.160990712,0.9805,0.017886179,5.822302158,4.271654676,0.369454292,-0.044237411,-0.252698007,1.16486E+18,noneBll
285,0.066666667,0.122807018,-0.6507,0,6.544736842,4.325263158,0.041498985,-0.026386072,-0.271518659,1.1459E+18,noneBll
4357,0.016754648,0.059674088,-0.9996,0.055684455,5.047258687,4.814671815,-0.515563043,0.094999361,0.000950693,9.87883E+17,bullying
2520,0.047222222,0.038095238,-0.9957,0.016032064,5.104496644,4.17966443,-0.685019045,0.133682463,0.257723155,1.17167E+18,noneBll
494,0.091093117,0.08097166,-0.2406,0.01754386,5.803333333,4.331666667,1.317826351,0.21085845,-0.529535939,1.12378E+18,noneBll
4372,0.124656908,0.124428179,0.9987,0.047001621,5.830819672,4.318852459,0.657539708,-0.01329493,-0.156115801,1.03571E+18,noneBll
1730,0.028323699,0.106936416,0.9034,0.024054983,6.022745098,3.988235294,0.578355771,-0.061773738,-0.306109882,1.12997E+18,noneBll
839,0.082240763,0.057210965,-0.9866,0.058823529,5.583589744,4.537692308,-0.454813296,-0.003596704,0.058151343,1.12353E+18,noneBll
496,0.026209677,0.058467742,0.5003,0.043956044,5.867647059,4.522941176,0.44759822,-0.19236736,-0.03617499,1.1279E+18,noneBll
1028,0.023346304,0.0807393,0.9786,0.016949153,5.643255814,4.378372093,0.270534853,-0.051228656,-0.148570178,1.14666E+18,noneBll
2713,0.053446369,0.070401769,-0.8081,0.064516129,5.660564516,4.347822581,0.029673509,-0.061320655,-0.022441442,1.13692E+18,bullying
590,0.091525424,0.086440678,-0.8725,0.078431373,5.058,4.4656,-0.255751141,-0.20379756,0.049111922,1.0553E+18,noneBll
4076,0.036310108,0.105740922,-0.9538,0.00887574,5.822162162,4.22036036,0.593858413,0.010403989,-0.280146805,1.16551E+18,noneBll
2378,0.057611438,0.083683768,-0.7284,0.044742729,5.599419355,4.326322581,-0.628206031,0.04816243,0.129123915,1.17047E+18,noneBll
6646,0.03641288,0.10201625,0.9996,0.012531328,6.012954545,4.254015152,0.190764383,-0.040993268,-0.137709037,1.15456E+18,noneBll
2688,0.013392857,0.1328125,0.9999,0,6.372849462,3.476989247,2.640519163,2.428274646,0.475214129,1.11711E+18,noneBll
1837,0.026129559,0.058791508,0.9776,0.031609195,5.224356436,4.487821782,-0.085954658,0.091633164,-0.100742634,1.0252E+18,noneBll
1129,0.051372896,0.094774136,0.9954,0.02020202,6.846744186,4.210697674,-0.13691925,0.046364608,-0.115542392,1.0959E+18,noneBll
1773,0.033840948,0.049069374,-0.9983,0.014880952,5.2332,4.1453,-0.405290536,0.03731973,0.104849258,1.07157E+18,bullying
5789,0.06391432,0.092416652,0.9998,0.006937562,6.074489796,4.163061224,0.127006241,-0.12392389,-0.121207256,9.95815E+17,noneBll
843,0.072360617,0.100830368,0.9704,0.04964539,5.54,4.390434783,-0.045801097,-0.054516989,-0.016855218,1.08041E+18,noneBll
2755,0.061705989,0.099455535,0.9998,0.008264463,6.600764331,4.658853503,-0.065362723,0.136726915,-0.106313646,9.91019E+17,noneBll
2452,0.025693312,0.065252855,-0.9993,0.06401766,5.123684211,4.463909774,-0.420386042,0.100631599,0.104698156,1.09755E+18,noneBll
1238,0.049273021,0.063004847,-0.9956,0.109243697,5.580875,4.374375,-0.744697316,-0.047284457,0.088049867,1.03324E+18,noneBll
1058,0.051984877,0.06805293,-0.9968,0.055555556,5.053157895,4.674736842,-0.716893792,0.047381151,0.202285692,1.13402E+18,noneBll
6742,0.028033225,0.046277069,-0.9998,0.111358575,5.028744186,4.637767442,-0.73927481,-0.013971099,0.174800388,1.00809E+18,bullying
680,0.045588235,0.079411765,-0.3235,0.043103448,5.542,4.062,-0.035088262,0.012917023,-0.048644415,9.91891E+17,bullying
11519,0.038284573,0.262349162,-0.9999,0.0408732,5.361743295,4.45362069,-0.506583531,0.062863724,-0.026336223,1.18176E+18,noneBll
3906,0.079877112,0.058627752,-0.9997,0.111111111,4.906205357,4.7778125,0.059601022,-0.067480312,-0.074534329,1.12514E+18,bullying
1730,0.028323699,0.106936416,0.9034,0.024054983,6.022745098,3.988235294,0.578355771,-0.061773738,-0.306109882,1.12997E+18,noneBll
2094,0.041069723,0.115090735,-0.9623,0.026595745,5.787078652,4.05752809,-0.174051554,0.09058457,0.029673307,1.05099E+18,bullying
1251,0.028776978,0.067146283,-0.9886,0.125541126,5.356666667,4.2575,-0.078250564,-0.142248983,-0.001454103,1.17857E+18,noneBll
1193,0.056999162,0.051131601,-0.9843,0.074235808,5.285797101,4.183043478,-0.382416905,0.080572572,0.119737719,1.12643E+18,bullying
1738,0.043153049,0.047756041,-0.986,0.064308682,5.461386139,4.362673267,-0.361545099,0.041222581,-0.018616921,1.01187E+18,bullying
964,0.037344398,0.044605809,-0.9784,0.049723757,5.536153846,4.525192308,-0.379945609,-0.089520616,0.12640324,1.06254E+18,bullying
4095,0.045665446,0.042246642,-0.999,0.043202033,5.32443038,4.138270042,-0.656190283,0.176268197,0.310080902,1.13823E+18,bullying
990,0.03030303,0.085858586,-0.9734,0.126984127,5.1176,4.5182,0.201348898,-0.244058447,0.046054452,1.03171E+18,noneBll
1041,0.026897214,0.024975985,-0.9529,0.03196347,5.19173913,4.686956522,-0.343002429,-0.117280762,0.124467431,1.16969E+18,bullying
479,0.058455115,0.106471816,0.5601,0,5.948125,4.320625,1.114833133,-0.127237324,-0.270958194,1.1559E+18,noneBll
1890,0.019047619,0.212169312,0.9651,0.00952381,5.954888889,4.203555556,0.72734,-0.179209556,-0.163173847,1.11119E+18,noneBll
6695,0.070052278,0.091112771,0.9999,0.046728972,5.989424242,4.528575758,-0.121125345,-0.073511036,-0.046044952,9.51656E+17,noneBll
1917,0.067814293,0.04903495,-0.9968,0.026525199,5.210272727,4.487818182,-0.580274905,-0.10801103,0.225344038,1.17431E+18,bullying
2150,0.04744186,0.094418605,0.9971,0.018421053,5.914936709,4.125063291,0.189353789,-0.03883983,-0.112677338,1.13243E+18,noneBll
1643,0.02008521,0.117468046,0.9965,0.014035088,5.948571429,4.448571429,0.351396089,-0.093426383,-0.321980878,9.57021E+17,noneBll
1275,0.038431373,0.055686275,0.9801,0.020408163,6.397222222,4.592407407,0.477852665,-0.240374007,0.261369004,1.14322E+18,noneBll
1423,0.018973999,0.114546732,-0.9928,0.08,5.287954545,4.471818182,-0.68624274,-0.075223091,0.103533796,1.1609E+18,noneBll
5802,0.103584971,0.071699414,0.9964,0.042443064,5.532164179,4.352723881,-0.254812083,0.067105159,0.098251286,1.05101E+18,noneBll
2955,0.112690355,0.086632826,0.9906,0.017738359,6.071176471,4.300470588,0.481407839,-0.046967699,-0.252212592,1.12419E+18,noneBll
2454,0.02200489,0.04604727,-0.9984,0.067510549,5.059825581,4.695406977,-0.312516932,0.100730849,0.146691479,1.163E+18,noneBll
10974,0.042919628,0.100874795,-0.9994,0.050314465,5.686785714,4.479985119,-0.438476794,0.184928652,0.08859988,9.85793E+17,noneBll
8192,0.037475586,0.103881836,0.9989,0.030589949,5.845982906,4.378974359,0.49411995,-0.068673638,-0.357413319,1.05241E+18,noneBll
1155,0.026839827,0.132467532,-0.5849,0.024875622,5.754545455,4.324318182,0.559744214,-0.062262258,-0.260270946,1.16363E+18,noneBll
2353,0.012749681,0.130046749,0.9999,0,6.384135802,3.505987654,2.165288167,2.054304036,0.419792604,1.10059E+18,noneBll
4939,0.02996558,0.072281838,0.7847,0.058201058,5.415394191,4.510456432,-0.298977054,-0.011340334,0.010885184,1.08267E+18,bullying
3228,0.055142503,0.100991326,0.881,0.024952015,5.699411765,4.326470588,0.693782323,-0.019154691,-0.312519784,1.16139E+18,noneBll
6175,0.027206478,0.066396761,-0.9992,0.042350908,5.332879747,4.407341772,-0.534613666,0.22527536,0.101822127,1.02051E+18,noneBll
1537,0.044892648,0.043591412,-0.969,0.079422383,5.656774194,4.450645161,0.179739173,-0.177077647,-0.013626618,1.10715E+18,noneBll
2823,0.054551895,0.067304286,-0.9708,0.049713193,5.464383562,4.153287671,-0.215863536,0.010636468,0.079332622,9.58401E+17,bullying
5864,0.058151432,0.085436562,0.9992,0.018832392,5.609429825,4.444824561,-0.006516814,0.031892996,-0.071672242,1.15959E+18,bullying
599,0.075125209,0.061769616,0.9218,0.018518519,5.767931034,4.395862069,-0.218742941,-0.083019701,0.00203591,1.16258E+18,noneBll
1252,0.072683706,0.049520767,-0.9844,0.100840336,5.172,4.532,-0.364954308,-0.12140395,0.21619315,1.05894E+18,noneBll
2594,0.019275251,0.053199692,-0.7188,0.07312253,5.382571429,4.561928571,-0.385206349,0.020177913,0.03148495,1.09301E+18,noneBll
1221,0.162981163,0.056511057,0.8275,0.051546392,5.614693878,4.106938776,-0.433888265,0.033543744,0.113968741,1.18032E+18,noneBll
861,0.059233449,0.053426249,-0.9664,0.058441558,5.266346154,4.071923077,-0.378087772,-0.063462756,0.261212834,1.0575E+18,noneBll
814,0.01965602,0.033169533,-0.9523,0.012195122,5.257608696,4.535869565,-0.397543233,0.121262075,-0.003983331,1.05387E+18,noneBll
2372,0.081365936,0.1846543,0.998,0.120104439,6.239009009,5.097927928,0.096021625,-0.15462105,-0.240169827,1.10317E+18,noneBll
4648,0.035499139,0.237736661,0.6537,0.029925187,5.503243243,4.430743243,0.249903624,-0.043692788,-0.245741889,1.15784E+18,noneBll
821,0.047503045,0.118148599,-0.7741,0.031007752,5.836190476,4.64952381,0.985489409,0.00736605,-0.463866432,1.16729E+18,noneBll
704,0.055397727,0.107954545,-0.9021,0.051851852,5.653255814,4.460697674,-0.029671559,-0.21132035,-0.050425873,1.16253E+18,noneBll
10542,0.040125213,0.065073041,0.9999,0.010243902,6.007935702,3.983011844,-0.491975063,0.237409847,0.231791636,1.05828E+18,bullying
1079,0.130676552,0.094531974,0.8953,0.078787879,5.541818182,4.308181818,0.462852772,-0.004979744,-0.170105613,1.13198E+18,noneBll
656,0.015243902,0.041158537,-0.9883,0.028368794,5.325238095,4.524047619,-0.365688377,0.144971016,-0.032382453,1.0524E+18,noneBll
2912,0.18543956,0.086195055,-0.5886,0.047263682,5.625733333,4.510266667,0.267523409,-0.07428817,-0.134952978,1.04594E+18,noneBll
595,0.038655462,0.075630252,0.6132,0.009009009,6.1184,3.9412,-0.129122936,0.057884833,-0.127753384,1.16265E+18,noneBll
5256,0.029109589,0.170852359,-0.9971,0.012931034,5.467106918,4.127987421,0.351368646,-0.005250745,-0.285383501,1.1543E+18,noneBll
922,0.02494577,0.07483731,0.879,0.02994012,5.496363636,4.075227273,0.324987716,-0.009740932,-0.259475084,1.15384E+18,noneBll
815,0.120245399,0.055214724,0.9901,0.081081081,6.234166667,4.482708333,-0.296664949,-0.370622859,0.115418005,9.44714E+17,noneBll
489,0.018404908,0.159509202,-0.34,0.067567568,5.365,5.08,0.915876423,0.094588035,-0.52564049,1.16916E+18,noneBll
7927,0.023842563,0.045666709,-0.9993,0.031137725,5.533271222,4.362215321,-0.622873762,-0.017398618,0.220231487,1.15281E+18,bullying
11349,0.060533968,0.130231738,0.9993,0.010054845,6.040063694,4.231953291,-0.311020179,-0.042440119,-0.017714992,1.13291E+18,noneBll
6856,0.059947491,0.082992999,0.9879,0.049277825,5.447064846,4.325255973,-0.102648632,0.000472496,-0.074665883,1.02681E+18,noneBll
945,0.062433862,0.08994709,0.9228,0.058139535,5.606341463,4.505853659,-0.332624858,-0.195277457,0.070951929,1.10857E+18,noneBll
2881,0.209302326,0.086081222,0.958,0.081885856,5.598369565,4.394565217,-0.285375786,-0.081042912,-0.081691542,1.0107E+18,noneBll
1812,0.087196468,0.106512141,0.9874,0.018691589,5.78988764,4.232696629,-0.389154882,0.062708134,-0.118749165,1.0658E+18,noneBll
9520,0.033088235,0.163235294,-0.9931,0.016019717,5.716203008,4.35556391,0.646904315,0.013463491,-0.338656555,1.16177E+18,noneBll
611,0.065466448,0.099836334,0.6808,0.043478261,5.935625,4.255625,0.510420173,0.026522838,-0.179173567,1.17485E+18,noneBll
1766,0.041902605,0.118912797,-0.872,0.01459854,5.524761905,4.110714286,0.569755155,0.002659598,-0.258145308,1.09092E+18,noneBll
16269,0.033437827,0.071178315,-1,0.066157761,5.417544974,4.480677249,-0.475522823,-0.044291189,0.074777782,1.15142E+18,bullying
4749,0.032217309,0.075805433,0.936,0.051742344,5.626433824,4.077169118,-0.675257048,0.003038356,0.164289003,1.09768E+18,bullying
697,0.06312769,0.091822095,0.9771,0.015625,5.6484375,4.5428125,-0.121446794,-0.097796026,0.079677903,1.0836E+18,noneBll
1117,0.043867502,0.082363474,0.9871,0.015625,5.72975,4.0675,0.045416781,0.070981844,-0.141096771,1.14546E+18,noneBll
584,0.051369863,0.070205479,0.9889,0.018518519,6.549047619,4.385238095,-0.283450844,-0.006045159,-0.043971068,1.04987E+18,noneBll
3343,0.046664672,0.130122644,0.9386,0.038938053,5.379237288,4.532711864,-0.018599237,-0.05968989,-0.131208411,1.08936E+18,noneBll
1258,0.058028617,0.104928458,0.957,0.01843318,5.871666667,4.267037037,0.145413852,0.031402341,-0.021604671,1.14094E+18,noneBll
1061,0.041470311,0.082940622,-0.9722,0.052631579,5.464032258,4.384677419,-0.465537598,-0.04887498,0.047164731,1.16833E+18,noneBll
6646,0.031297021,0.12278062,0.997,0.036178108,5.635178571,4.362142857,0.972842879,-0.026836861,-0.481594532,1.00378E+18,bullying
844,0.018957346,0.03436019,0.3649,0.079268293,5.665740741,4.469259259,-0.245513901,0.135114705,0.020560064,1.07998E+18,bullying
1492,0.047587131,0.075737265,0.9672,0.027027027,5.902380952,4.199047619,-0.013705972,-0.15852154,-0.120527164,1.08788E+18,noneBll
474,0.012658228,0.046413502,0.961,0.041666667,5.539375,4.51625,-0.599803855,0.223704251,0.050082297,1.17751E+18,noneBll
1856,0.02424569,0.151939655,0.9878,0.018518519,6.28984127,4.483492063,0.364688597,0.074452832,-0.249033201,1.16835E+18,noneBll
534,0.121722846,0.08988764,-0.9809,0.086021505,5.237727273,4.3,-0.634720513,-0.112177396,0.088188991,1.15757E+18,noneBll
2958,0.036849222,0.174104124,0.9904,0.020912548,5.861730769,4.505096154,0.612211304,-0.082309078,-0.258344228,1.16198E+18,noneBll
1043,0.033557047,0.056567593,-0.7134,0.045685279,5.20637931,4.344137931,-0.194953015,-0.044696235,0.106845336,9.9904E+17,bullying
950,0.053684211,0.063157895,0.9765,0.02994012,6.514791667,4.354791667,-0.291504518,0.113166449,0.022279594,1.10424E+18,noneBll
1109,0.055906222,0.061316501,-0.9444,0.054455446,5.138148148,4.546296296,-0.029191687,0.017411543,-0.085658141,1.17517E+18,noneBll
3715,0.033647376,0.0487214,-0.9995,0.080052493,5.310625,4.489416667,-0.448150135,-0.098291699,0.160348744,1.06912E+18,bullying
7320,0.02773224,0.031010929,-0.9926,0.037429379,5.430738095,4.332166667,-0.624927413,0.155896673,0.156450471,1.06286E+18,bullying
4545,0.053025303,0.056765677,0.9137,0.027322404,5.857366771,4.475485893,-0.559024387,-0.051598635,0.051116581,1.07917E+18,noneBll
864,0.025462963,0.034722222,0.9312,0.047297297,5.324,4.277,-0.349783306,0.059872839,0.04116325,1.07003E+18,noneBll
1512,0.05026455,0.080026455,0.9908,0.042553191,6.173243243,4.223783784,1.045841698,-0.507378573,-0.343919835,1.02093E+18,noneBll
2521,0.089646965,0.101943673,0.6734,0.02919708,5.766041667,4.2503125,0.325790537,-0.068876115,-0.185611335,1.16867E+18,noneBll
2205,0.06984127,0.058956916,0.9921,0.102827763,5.348404255,4.259468085,0.054551325,-0.017320268,0.019692988,1.05124E+18,noneBll
1492,0.032171582,0.111260054,0.9862,0.017667845,5.968392857,4.329285714,0.827430592,0.025973147,-0.850786329,1.02091E+18,noneBll
1195,0.030962343,0.089539749,-0.9949,0.110638298,5.7494,4.4222,0.133476863,-0.252350801,0.042144652,1.07045E+18,bullying
2506,0.156424581,0.07980846,0.9376,0.026162791,5.898481013,4.397468354,0.31468169,0.022028122,-0.207986259,1.16949E+18,noneBll
3440,0.036918605,0.097093023,0.9994,0.007751938,6.398381503,4.412138728,-0.25925194,-0.001562782,-0.121067977,1.01867E+18,noneBll
2758,0.0413343,0.123277737,0.9962,0.027542373,6.195853659,4.62804878,0.466464483,-0.070036475,-0.202016735,1.17747E+18,noneBll
2130,0.082159624,0.043661972,0.9797,0,5.297,3.692333333,3.066594558,-0.899775182,1.437197683,1.12512E+18,noneBll
603,0.014925373,0.134328358,-0.8879,0.076271186,4.848846154,4.591153846,-0.128571621,-0.193510016,0.074046364,1.14436E+18,noneBll
3079,0.027281585,0.078272166,0.9672,0.027164686,5.510578512,4.12446281,0.021413906,-0.004141762,-0.047187483,1.14779E+18,noneBll
4602,0.031073446,0.043242069,-0.9997,0.041800643,5.205366795,4.43957529,-0.64631338,0.080715098,0.245280975,1.07119E+18,noneBll
1138,0.0228471,0.175746924,0.4327,0.013888889,5.722037037,4.131481481,-0.014133264,-0.019255754,-0.130031716,1.16917E+18,noneBll
1550,0.013548387,0.043225806,0.9915,0.006389776,5.454197531,4.079753086,-0.781169743,0.088834854,0.140695175,1.111E+18,noneBll
2514,0.081145585,0.148766905,-0.9921,0.017369727,5.235272727,4.430181818,0.759221726,-0.020885011,-0.3215919,1.15018E+18,noneBll
1256,0.070859873,0.074044586,-0.9375,0.008097166,5.611369863,4.405479452,-0.303349932,-0.020322783,0.158127707,1.09662E+18,noneBll
10873,0.06382783,0.074404488,0.9999,0.006809848,6.143543307,4.186555118,-0.20575261,0.047510283,0.045014575,1.06541E+18,noneBll
2445,0.047852761,0.093251534,-0.9977,0.083932854,5.297123288,4.351506849,0.420221998,-0.098957067,-0.317815419,1.14697E+18,noneBll
1346,0.031946508,0.078751857,-0.9989,0.13618677,4.712,4.376736842,-0.440784659,-0.02880622,0.098156985,1.10677E+18,bullying
3281,0.065224017,0.078024992,0.9965,0.001610306,5.906744186,3.567209302,2.79865999,-1.056926989,1.711251309,1.15781E+18,noneBll
5075,0.039802956,0.10226601,0.9986,0.017699115,6.12640625,4.234609375,0.936820428,0.013741377,-0.525751317,1.00168E+18,noneBll
1611,0.054624457,0.03786468,-0.8672,0.01183432,5.800952381,4.21047619,-0.567685812,0.135178154,0.146248888,1.16216E+18,noneBll
1936,0.077995868,0.109504132,-0.9955,0.029325513,5.148765432,4.395061728,-0.017646823,0.115321362,-0.134354472,1.16517E+18,noneBll
2017,0.01189886,0.035200793,0.998,0.032183908,5.355203252,5.364715447,-0.40663048,-0.154520595,0.130174178,1.00713E+18,noneBll
4411,0.025617774,0.040580367,-0.9994,0.058690745,5.383975904,4.459558233,-0.527921177,0.030995058,-0.0051933,1.04444E+18,noneBll
1724,0.062064965,0.064385151,-0.9329,0.08,5.724950495,4.344356436,-0.315130722,-0.015967884,-0.039679821,1.08959E+18,noneBll
1516,0.019129288,0.048153034,-0.9596,0.024647887,5.694505495,3.998021978,-0.575943401,0.290519709,0.239027467,1.15754E+18,bullying
1652,0.039951574,0.08535109,-0.9887,0.022653722,5.615,4.302340426,-0.278019965,-0.075313497,0.038834082,1.08809E+18,noneBll
1844,0.018980477,0.087852495,-0.9822,0.062678063,5.16125,4.694166667,-0.395766242,0.082897417,0.085629709,1.17387E+18,noneBll
1010,0.038613861,0.037623762,-0.991,0.062827225,5.665098039,4.217058824,-0.49368156,0.071143692,0.078109157,1.08499E+18,noneBll
1087,0.022079117,0.080036799,-0.9987,0.023923445,5.214910714,4.554375,-0.327520221,-0.277320358,0.260700785,1.13749E+18,noneBll
1205,0.102904564,0.087136929,0.9436,0,6.150384615,4.423076923,0.207790309,-0.038882613,0.013013435,1.16586E+18,noneBll
4561,0.046700285,0.078930059,-0.9853,0.060529634,5.356153846,4.386153846,0.061211644,-0.067372628,-0.117853682,1.1078E+18,bullying
7828,0.023633112,0.047521717,-0.9999,0.111954459,5.34917782,4.514799235,-0.467716084,-0.121367945,0.163402973,1.12019E+18,bullying
1891,0.045478583,0.076679006,-0.811,0.109243697,5.768684211,4.454934211,-0.305307347,-0.072567837,0.164905328,1.1042E+18,bullying
2653,0.055032039,0.044854881,-0.9995,0.05615942,4.815027624,4.425856354,-0.603645508,-0.137451635,0.22864333,1.14625E+18,bullying
951,0.025236593,0.092534175,0.9806,0.016574586,6.027333333,4.091111111,-0.652601811,-0.056078092,0.053218623,1.01617E+18,noneBll
18618,0.059243743,0.062949833,-0.9999,0.044042914,5.513233645,4.303691589,-0.645272668,0.026082105,0.173804844,1.13754E+18,bullying
494,0.066801619,0.048582996,-0.9915,0.156626506,4.967777778,4.818888889,-0.017110774,-0.203415856,0.103382949,1.1064E+18,noneBll
1259,0.018268467,0.034948372,-0.9876,0.034749035,5.3625,4.280543478,-0.868876141,0.29007398,0.311168522,1.13143E+18,bullying
339,0.053097345,0.100294985,0.7941,0.051724138,6.17,4.556923077,0.657210702,0.061459854,-0.224068375,1.1701E+18,noneBll
2489,0.073925271,0.120128566,0.9624,0.057007126,5.845327869,4.438688525,-0.029819895,-0.091435196,-0.055950914,1.07772E+18,bullying
1298,0.026194145,0.053929122,-0.9988,0.067669173,4.994605263,4.436710526,-0.566500074,-0.016034566,0.190424989,1.0842E+18,noneBll
655,0.018320611,0.033587786,-0.8679,0.086956522,5.603265306,4.467959184,-0.501294698,-0.05679794,0.132824647,1.02561E+18,bullying
843,0.03202847,0.068801898,-0.9359,0,5.772962963,4.261111111,-0.051025864,0.053300533,-0.034272966,1.06621E+18,noneBll
2889,0.030460367,0.057113188,-0.9992,0.061797753,5.42960452,4.577627119,-0.49002256,0.013392011,0.095217625,1.06698E+18,bullying
2306,0.08065915,0.108846487,0.9872,0.057831325,5.635877193,4.673947368,-0.064462914,-0.051624589,0.02314101,1.16183E+18,noneBll
551,0.136116152,0.108892922,-0.9834,0.087378641,5.6635,5.225,0.382832849,-0.91265803,0.308613124,1.09409E+18,noneBll
2007,0.068261086,0.102640757,0.9914,0.047761194,5.811089109,4.372970297,-0.121351408,0.007257389,-0.119445877,1.00349E+18,bullying
692,0.020231214,0.052023121,0.6351,0,5.616,4.58275,-0.345690433,0.047379229,0.065766446,1.01901E+18,noneBll
10927,0.025441567,0.071382813,-0.9995,0.026838966,5.453082312,4.336287215,-0.512581679,0.332769513,0.292171923,1.17305E+18,bullying
1598,0.035669587,0.110137672,0.9995,0,6.498659794,3.878969072,0.697598844,0.900341154,0.177423036,1.10678E+18,noneBll
664,0.067771084,0.046686747,0.9289,0.050847458,5.923421053,4.455263158,-0.313273612,-0.086822975,-0.050652791,1.16839E+18,noneBll
1804,0.042128603,0.055432373,0.9971,0.014367816,5.999489796,4.024285714,-0.124674878,-0.106764362,0.191720697,1.00529E+18,noneBll
7931,0.034547976,0.065943765,-0.9997,0.062176166,5.521445498,4.342725118,-0.552486559,0.002322645,0.155732066,1.10286E+18,bullying
357,0.042016807,0.179271709,-0.368,0.019607843,5.468,4.164,1.802810452,-0.121409403,-0.793460123,1.17203E+18,noneBll
1718,0.151338766,0.115832363,0.9713,0.052863436,5.651041667,4.42875,0.833457033,-0.146049755,-0.314412589,1.03536E+18,noneBll
1567,0.017868539,0.059349075,0.9914,0.038194444,5.849767442,4.186046512,-0.306347987,0.16271655,-0.068334415,1.04158E+18,noneBll
3170,0.038170347,0.10126183,0.9972,0.02970297,5.979813665,4.149503106,-0.384930802,0.004242641,0.025115848,1.03828E+18,noneBll
587,0.03407155,0.30153322,-0.3354,0.081081081,5.564375,4.343125,-0.134775343,-0.038007444,-0.105361077,1.15312E+18,noneBll
3709,0.036128336,0.04421677,-0.9963,0.034383954,5.610328639,4.197370892,-0.43235637,0.102097708,0.146853059,1.17419E+18,noneBll
1228,0.031758958,0.057003257,0.7139,0.018099548,5.795714286,4.278412698,-0.185617483,0.05819861,-0.130675768,1.13255E+18,noneBll
4891,0.05050092,0.104068698,0.613,0.012956419,6.153257143,4.317485714,-0.057433273,0.065834227,-0.222867811,1.1615E+18,noneBll
5813,0.066230862,0.077584724,0.9999,0.032258065,6.186493506,4.227402597,0.026427613,-0.028285002,-0.163230582,1.01986E+18,noneBll
1175,0.052765957,0.05106383,0.9853,0.09178744,6.127794118,4.770147059,-0.617681539,-0.041744104,0.057927545,1.06546E+18,noneBll
561,0.058823529,0.10516934,-0.883,0.060606061,5.928571429,4.724285714,-0.116858616,-0.018742615,-0.086235838,1.13906E+18,noneBll
454,0.04845815,0.035242291,-0.9712,0.036585366,5.336,4.068333333,-0.666564469,0.01870613,0.142451235,1.05898E+18,noneBll
1736,0.006336406,0.148617512,0.9998,0,6.41712,3.4468,2.849185221,2.531550251,0.451028658,1.16699E+18,noneBll
7304,0.065717415,0.133488499,0.9999,0.010479042,5.988377088,4.151026253,-0.425751533,0.022147152,0.00900695,1.13646E+18,noneBll
3481,0.06090204,0.078138466,-0.9983,0.101538462,5.565603448,4.619698276,-0.362892191,-0.098159333,0.07702447,1.01405E+18,bullying
1917,0.09181012,0.097548252,0.9726,0.02866242,5.907166667,4.164,0.459895915,-0.139409666,-0.175018849,1.1311E+18,noneBll
4057,0.042888834,0.056692137,-0.9991,0.058124174,5.743584071,4.45340708,-0.252840644,-0.008536165,-0.05792856,1.01735E+18,noneBll
2211,0.025327906,0.121212121,-0.9921,0.051597052,5.568148148,4.507592593,-0.425230744,0.083184584,0.049702939,1.17422E+18,noneBll
6885,0.052868555,0.090050835,0.9998,0.008986928,6.076737805,4.053262195,-0.123139124,0.026891768,-0.137059833,1.10018E+18,noneBll
5637,0.05534859,0.087280468,0.9993,0.019607843,5.736977778,4.184266667,-0.116664214,-0.120888157,0.007519464,1.07591E+18,noneBll
460,0.069565217,0.143478261,0.8504,0.013157895,6.4395,4.6125,0.230580669,-0.188848449,-0.099033496,1.12158E+18,noneBll
6822,0.081207857,0.103048959,0.9997,0.040905135,5.97145098,4.217490196,-0.059946624,-0.056918194,-0.073451885,1.05677E+18,noneBll
1778,0.034870641,0.078740157,-0.9997,0.008356546,4.889111111,4.490296296,-0.438734451,-0.165409595,0.22737266,1.15717E+18,noneBll
4948,0.039207761,0.196645109,-0.8788,0.028571429,5.979166667,4.401818182,0.906582604,-0.040237007,-0.448527666,1.17859E+18,noneBll
731,0.032831737,0.090287278,-0.8802,0.008403361,5.686666667,4.555833333,0.294243878,0.108790157,0.187637081,1.1285E+18,noneBll
2361,0.05167302,0.078780178,0.9989,0.00462963,6.344408602,4.222365591,-0.376824884,0.075949612,-0.001416944,1.16226E+18,noneBll
2430,0.022633745,0.064197531,-0.893,0.104072398,5.725572519,4.538931298,-0.29498049,-0.010137431,0.03996919,1.05538E+18,bullying
1509,0.070245195,0.157057654,0.998,0.02166065,6.015692308,4.328153846,0.021672998,-0.208905644,-0.016433364,1.17591E+18,noneBll
1172,0.045221843,0.061433447,-0.9609,0.068965517,5.731686747,4.254939759,-0.535672976,-0.123241541,0.086704784,1.17271E+18,noneBll
3349,0.015527023,0.04210212,-0.9985,0.046367852,5.166363636,4.527807487,-0.375402568,0.169111326,0.016958955,1.1076E+18,bullying
5621,0.019569472,0.100160114,-0.9977,0.046908316,5.322692308,4.429903846,0.616242158,-0.003679416,-0.359052946,1.12716E+18,noneBll
9512,0.014087468,0.049621531,-0.9995,0.060654858,5.412133816,4.399222423,-0.262800652,0.04485912,-0.007190994,1.0082E+18,bullying
14699,0.040274849,0.046533778,-0.9998,0.043816254,5.495125958,4.209978094,-0.520888285,0.042540086,0.185282473,1.08068E+18,bullying
1252,0.043929712,0.056709265,0.9935,0.015564202,5.548219178,4.383561644,-0.314620294,-0.091679822,0.163563323,1.01574E+18,noneBll
18535,0.036309684,0.059940653,-0.9997,0.031102472,5.576818642,4.312218845,-0.497081833,0.131914017,0.10702417,1.05489E+18,bullying
2533,0.032767469,0.033557047,-0.9975,0.020920502,5.246758621,4.517241379,-0.526873934,0.234455602,0.174470169,1.15244E+18,noneBll
3989,0.029832038,0.100526448,-0.7752,0.062162162,5.499253731,4.317014925,-0.352568651,0.045021236,0.037463385,1.17858E+18,bullying
1888,0.02595339,0.028072034,-0.9966,0.080555556,5.248661417,4.47496063,-0.770517517,-0.016625684,0.197633023,1.07458E+18,bullying
2257,0.194062915,0.085068675,0.9977,0.048543689,5.91734375,4.31796875,0.150677932,-0.045791742,-0.119801412,1.03064E+18,noneBll
411,0.065693431,0.087591241,0.7707,0.071428571,5.254166667,4.540833333,0.156283181,-0.447379194,0.190732174,1.16356E+18,noneBll
1143,0.015748031,0.105861767,-0.9974,0.137777778,5.012,4.846375,-0.535382693,-0.020881257,0.048490756,1.02556E+18,bullying
619,0.138933764,0.056542811,0.9548,0.087912088,5.6224,4.5372,0.280159773,-0.187666251,-0.255072553,1.10965E+18,noneBll
2498,0.075660528,0.131305044,-0.9989,0.064876957,5.456785714,4.170595238,-0.286159849,-0.08989859,0.177484173,1.0783E+18,noneBll
11715,0.065215536,0.102091336,0.9975,0.026717557,5.882908745,4.251596958,-0.119160425,-0.017622748,-0.097703987,1.13391E+18,noneBll
1016,0.029527559,0.088582677,-0.7896,0.089552239,5.68375,4.25578125,-0.614627933,-0.064703022,0.098230953,1.08536E+18,noneBll
652,0.050613497,0.059815951,0.9883,0.058823529,6.35,4.478666667,0.203957851,-0.168129263,-0.300353091,1.0123E+18,noneBll
4546,0.028596568,0.07875055,-0.9997,0.029094828,5.250249221,4.361246106,-0.472141265,-0.043303247,0.120161533,1.15057E+18,noneBll
7522,0.052645573,0.087742622,-0.9999,0.025983667,4.920200573,4.517851003,-0.007644365,-0.109189649,-0.028499749,1.10119E+18,noneBll
7162,0.045099134,0.084892488,-0.9998,0.199690402,4.538834499,4.86969697,0.023318738,-0.173737093,-0.002056787,1.07156E+18,bullying
465,0.101075269,0.079569892,0.9896,0.112676056,5.128888889,4.063333333,0.417377314,-0.171373315,-0.210659831,1.0209E+18,noneBll
983,0.06103764,0.230925738,0.8582,0.078651685,5.873650794,4.526825397,-0.28980927,-0.172060465,0.167397345,1.11995E+18,noneBll
5054,0.04174911,0.113573407,0.9989,0.03990878,6.155164835,4.173461538,0.090419472,0.007988689,-0.207378273,9.73454E+17,noneBll
1836,0.021786492,0.211328976,0.9914,0.010380623,6.492545455,4.442909091,0.472176592,0.145052061,-0.338118726,1.17487E+18,noneBll
5242,0.036054941,0.070202213,-0.9978,0.072745902,5.307293729,4.61290429,-0.077045231,0.058867429,0.083616106,1.1045E+18,bullying
1446,0.032503458,0.072614108,0.9975,0.026315789,6.04028169,4.365211268,0.002818752,-0.136207319,0.01965216,1.13013E+18,noneBll
830,0.078313253,0.060240964,0.9636,0.070866142,5.2953125,4.7025,-0.304524929,-0.021659384,-0.181109307,1.02082E+18,noneBll
1624,0.051724138,0.099753695,0.4822,0.01986755,5.806777778,4.228888889,-0.305856251,0.03452824,0.038488559,1.14233E+18,bullying
4408,0.022912886,0.057395644,-0.9201,0.026589595,5.670576132,4.348312757,-0.542788056,0.176861046,0.047168028,1.09764E+18,noneBll
850,0.128235294,0.065882353,0.8871,0.048275862,5.322894737,4.516842105,-0.451408301,0.009149324,0.275618147,1.16627E+18,bullying
525,0.403809524,0.108571429,0.9188,0.039215686,5.606,4.164,0.230570105,-0.3198402,0.071343828,1.07532E+18,noneBll
1247,0.063352045,0.0521251,-0.8658,0.051162791,5.596779661,4.524067797,-0.452073123,0.02476319,0.115738816,1.09989E+18,noneBll
1669,0.092869982,0.050329539,0.9894,0.039215686,5.573373494,4.252409639,-0.58459834,-0.042728969,0.162184695,1.10412E+18,noneBll
638,0.079937304,0.068965517,0.9874,0.008928571,6.327647059,4.437647059,0.082468792,0.103842643,-0.180347975,1.16219E+18,noneBll
3685,0.052645862,0.061058345,-0.992,0.078236131,5.568790698,4.189906977,-0.431470262,-0.034868157,0.174797018,1.10888E+18,noneBll
7178,0.028559487,0.101142379,-0.9891,0.078609221,5.471432749,4.431871345,-0.015849529,-0.103022368,-0.082792243,1.14914E+18,bullying
1003,0.027916251,0.082751745,-0.9956,0.147058824,5.811346154,5.264230769,-0.435117617,0.112439882,-0.09495673,1.07409E+18,noneBll
1473,0.081466395,0.130346232,0.9739,0.014760148,5.418024691,4.417530864,-0.231434922,-0.075915004,0.143371568,1.17707E+18,noneBll
4679,0.033767899,0.184654841,0.9985,0.008791209,6.124473684,4.053114035,-0.278951327,5.74E-05,0.043937385,1.11143E+18,noneBll
2506,0.156424581,0.07980846,0.9376,0.026162791,5.898481013,4.397468354,0.31468169,0.022028122,-0.207986259,1.16949E+18,noneBll
3483,0.047372954,0.067470571,-0.9992,0.079439252,5.194025157,4.711886792,-0.220736139,0.063286267,0.061028499,9.89014E+17,bullying
1302,0.05453149,0.180491551,0.9848,0.02892562,5.933802817,4.358450704,-0.190571667,-0.137361031,0.025608096,1.12161E+18,noneBll
7028,0.06445646,0.122652248,0.9975,0.028311426,5.644876033,4.304710744,1.51691401,0.046475355,-0.67319583,1.03692E+18,noneBll
2853,0.041009464,0.078513845,-0.9988,0.059027778,5.53875,4.351381579,-0.450515124,-0.079915556,0.283572224,1.10523E+18,noneBll
4409,0.033567702,0.12474484,-0.9966,0.046296296,5.520342857,4.3068,0.394401038,0.060567124,-0.274816888,1.0184E+18,noneBll
2405,0.024948025,0.068607069,-0.9634,0.008888889,5.463486239,4.020917431,0.066541953,0.019228393,-0.142835549,1.01444E+18,noneBll
1252,0.03115016,0.051118211,0.7205,0.043137255,5.838026316,4.610526316,-0.439971775,-0.032610382,0.057709165,9.90101E+17,noneBll
1534,0.044328553,0.119295958,0.8224,0.108614232,5.130392157,4.601372549,0.157306,-0.196116745,-0.36173052,1.04831E+18,noneBll
1199,0.058381985,0.041701418,0.9329,0.025157233,5.750606061,4.149090909,-0.201497173,-0.23792416,-0.005816315,1.16861E+18,noneBll
