VISUAL_num_faces,VISUAL_valence,VISUAL_arousal,VISUAL_gore,VISUAL_explicit,VISUAL_drug,VISUAL_suggestive,VISUAL_ocr_len,VISUAL_labels1,VISUAL_labels2,VISUAL_labels3,id,Victim,Attacker,bully
0,-0.077227083,0.003345833,0.121265494,0.176928638,0.071883425,0.095076512,0,-0.140655585,0.422713695,-0.051597568,1.07879E+18,,,noneBll
0,0,0,5.49E-05,6.97E-05,0.000127222,0.000149547,3.833333333,0.28217137,0.121672773,0.06459483,1.11599E+18,,,noneBll
0,0,0,0.003494558,0.194471617,0.067911212,0.231171321,0,0.085947443,-0.221445762,0.021952348,1.0108E+18,,,noneBll
0,-0.017638542,0.006520833,0.007415561,0.012575005,0.02341576,0.208229051,0,-0.140204991,-0.240971999,0.198790873,1.00304E+18,,,noneBll
0,0,0,0.004016921,0.111525807,0.078706268,0.190192888,0,0.347749296,-0.22497886,-0.06893641,1.01577E+18,,,noneBll
0,5.21E-06,-2.08E-05,7.25E-05,0.006696799,0.001807152,0.055760223,8,0.090469336,0.489252219,0.12748154,1.14006E+18,,,noneBll
1,-0.075404167,0.0037875,0.002293311,0.609185052,0.026073172,0.101774146,0,-0.099973936,0.226055098,-0.221616344,1.12811E+18,,,noneBll
0,0,0,0.000677699,0.004279838,0.010149654,0.013891402,0.666666667,0.469513339,0.460862678,0.343947861,1.16069E+18,,,noneBll
0,-0.035665625,0.001891667,0.001472598,0.282130222,0.009102864,0.217174707,0,-0.427926394,-0.041872985,-0.093954591,1.08395E+18,,,noneBll
0,-0.0123375,0.000908333,0.00321939,0.307249999,0.019808834,0.030317611,0,0.236075665,-0.103657559,-0.256599263,1.09509E+18,,,noneBll
0,-3.75E-05,-2.92E-05,0.000162259,0.009324871,0.012283386,0.085550579,0,-0.219083188,-0.31068031,0.147926748,9.90183E+17,,,noneBll
1,-0.030782292,0.003777083,4.90E-05,0.000856286,0.001556899,0.077260818,0,0.037115178,0.128592868,0.009319687,1.16589E+18,,,noneBll
1,-0.129197917,0.007433333,0.000110957,0.000936372,0.001100688,0.053982098,0.333333333,-0.080197725,0.480922896,-0.042550681,1.1764E+18,,,noneBll
0,-0.068760417,0.002395833,0.000276736,0.003933396,0.002349509,0.091569121,0,0.040410937,0.480225153,-0.069903154,1.11108E+18,,,noneBll
0,0,0,0.090195874,0.137846568,0.02381643,0.029868141,0,0.075212181,-0.227757952,-0.311518437,1.11081E+18,,,noneBll
1,-0.07221875,0.01508125,0.001721324,0.090142929,0.039847222,0.184340362,0,-0.305928277,-0.143681787,-0.167498511,1.01399E+18,M,F,bullying
0,-0.053641667,0.0174375,0.00038842,0.045175309,0.000835599,0.087836509,0,0.127140023,-0.241187354,-0.094846958,1.08021E+18,,,noneBll
0,-0.046048958,0.011370833,8.10E-05,0.00071831,0.000454047,0.001765001,0,-0.060807601,0.358309557,-0.086166651,1.14554E+18,,,noneBll
0,0,0,2.25E-05,1.54E-05,2.58E-05,7.13E-05,36.16666667,0.548683881,-0.134614743,-0.425314615,1.14668E+18,,,noneBll
0,-0.016696875,0.010258333,0.000764845,0.045083771,0.002987103,0.044572979,0,-0.363086434,-0.157758408,0.00240589,1.14094E+18,M,M,bullying
0,-0.026146875,-0.025064583,0.000743994,0.028466938,0.018121366,0.518503046,0,-0.114473796,0.545557483,-0.129231646,1.13717E+18,,,noneBll
0,0,0,0.007188855,0.163652137,0.308142323,0.083929899,0,-0.34879609,-0.202894257,-0.114236303,1.17171E+18,,,noneBll
0,-0.083951042,0.004972917,0.000438833,0.084038477,0.003523698,0.030199247,1,0.096326436,0.470229105,0.132457227,1.10771E+18,,,noneBll
0,0,0,0.000245782,0.002652237,0.000241011,0.017268687,115.3333333,0.166944588,0.109192107,0.077620411,1.15309E+18,,,noneBll
0,0,0,0.000262701,0.007081235,0.001961127,0.011433607,16.33333333,0.537943708,-0.206779594,-0.434457933,1.10429E+18,,,noneBll
1,-0.1245375,0.026295833,9.87E-05,0.010179196,0.002067181,0.14398906,0,0.055303293,0.59869922,0.012249468,1.14E+18,,,noneBll
0,0,0,0.110026694,0.271402241,0.029567944,0.044543375,14.66666667,-0.132338315,-0.276823647,-0.045105165,1.07994E+18,,,noneBll
1,-0.010945833,0.004479167,3.56E-05,0.000979695,0.000551841,0.049902595,2.5,0.216205027,0.084080159,0.049504606,1.07161E+18,M,M,bullying
0,0.027189583,-0.007222917,0.001228152,0.165763175,0.031409633,0.12689198,0,-0.227913772,-0.316335997,0.138965389,1.0977E+18,,,noneBll
1,-0.127385417,0.0159375,0.000378532,0.032212061,0.003368141,0.261564775,0,-0.11476361,0.475607467,-0.212094353,1.16297E+18,,,noneBll
0,0,0,0.000780571,0.099295727,0.006346211,0.042066666,8.666666667,0.262802707,0.190579586,0.308632728,1.1202E+18,M,M,bullying
0,-0.036276042,-0.000889583,0.000396602,0.328126355,0.001131771,0.127264941,0,-0.451902382,0.170355201,-0.221429419,1.06432E+18,M,M,bullying
0,-0.101380208,0.00573125,0.00099026,0.129761706,0.004685346,0.178408696,0,-0.195215405,0.076461969,0.05840053,1.00153E+18,,,noneBll
0,0.000497917,-0.002745833,0.000360502,0.193165396,0.008909031,0.071334865,0,0.132300914,0.057329592,0.407110405,1.14887E+18,,,noneBll
0,0,0,0.000511064,0.316048778,0.216378825,0.014002935,46.66666667,0.165495256,0.179044668,0.274324866,1.08893E+18,,,noneBll
1,-0.002090625,0.001033333,0.004867175,0.110531593,0.006323286,0.071690817,0,-0.315839782,-0.208218173,0.214700449,1.0122E+18,,,noneBll
0,-0.02553125,0.017964583,0.000271117,0.41060088,0.001726303,0.045465501,0,-0.245820517,0.181060921,-0.152974877,1.14954E+18,M,M,bullying
0,-0.044971875,0.00256875,0.000220333,0.006966144,0.002411394,0.157499964,0,-0.236954964,0.234662082,0.080458384,1.11328E+18,,,noneBll
0,0.000992708,-0.002229167,3.45E-05,0.005532354,0.000205719,0.073946641,8.666666667,0.437456815,0.383653037,0.415965613,1.13937E+18,,,noneBll
1,0.0377375,0.019233333,0.00343051,0.17487481,0.016126622,0.646955385,0,-0.280682265,0.103791031,-0.068429193,1.09009E+18,,,noneBll
0,0.000141667,6.46E-05,0.000469571,0.030708298,0.003667045,0.060341083,0,-0.117395791,-0.312541978,0.025900431,1.08545E+18,F,F,bullying
0,0,0,0.079009476,0.144374284,0.017824282,0.054061699,0,0.051966654,-0.202015408,-0.30219856,1.11866E+18,M,M,bullying
0,-0.016814583,-0.000575,0.002468867,0.278678602,0.013574593,0.428820667,0,-0.378177052,-0.121135545,0.027505556,1.15358E+18,,,noneBll
0,-0.002717708,0.001360417,0.003710872,0.290521988,0.02016743,0.196410721,0,-0.318042987,-0.144016873,0.155669768,1.00419E+18,M,M,bullying
1,-0.044047917,-0.01076875,0.000214636,0.911327437,0.001736327,0.012867234,0,-0.363518608,0.0852907,-0.211942993,1.15388E+18,M,M,bullying
1,-0.003263542,0.002029167,0.00055221,0.061679021,0.043507116,0.388243748,0,-0.319937844,-0.063313712,-0.067118735,9.948E+17,M,M,bullying
0,0,0,0.021786439,0.124375441,0.004102338,0.030695747,1.5,-0.125502827,-0.047199119,-0.275348716,9.34257E+17,M,M,bullying
1,-0.017166667,0.006639583,0.000156566,0.011222897,0.000292153,0.030961379,0,-0.390555135,-0.034689267,0.068614781,1.1118E+18,,,noneBll
0,0,0,7.03E-05,0.012713271,0.002053153,0.004506327,0,0.403254892,-0.15957059,-0.301125966,1.14414E+18,,,noneBll
0,0,0,7.57E-06,8.58E-05,0.000167221,0.002909507,293.8333333,0.359211982,0.31902159,0.189149665,1.13566E+18,M,M,bullying
1,-0.100901042,0.005785417,0.003275996,0.07209783,0.068951408,0.10621975,0,0.250944867,0.042797022,-0.234266472,1.11147E+18,F,M,bullying
0,-0.0169,0.001320833,0.251727194,0.027584113,0.002889773,0.012136785,0,-0.200917055,-0.329181079,0.065532667,1.0351E+18,M,M,bullying
0,-0.049892708,-0.004004167,0.00678939,0.364818741,0.02027273,0.182348366,0,-0.339426454,-0.134593583,-0.058204759,1.06631E+18,M,M,bullying
0,-0.094153125,0.007558333,0.000516568,0.136675114,0.000869273,0.186889693,0,0.024221521,0.287070277,0.290248386,1.1318E+18,,,noneBll
0,-0.024988542,0.0072625,0.000315669,0.010417965,0.001748751,0.019092176,0,-0.433714481,0.062230362,-0.047759941,1.07645E+18,,,noneBll
1,0.003777083,0.028916667,0.000136946,0.054664005,0.001173624,0.005629312,0,-0.132731131,0.215620615,0.121971191,1.15463E+18,,,noneBll
0,0,0,0.000118945,0.000598379,0.000238574,0.000296222,0,0.326861464,-0.230213299,-0.229398036,1.05824E+18,,,noneBll
1,-0.032084375,0.002710417,0.000290018,0.24605473,0.002369801,0.30985306,0,-0.39652825,-0.088241966,0.000320559,1.01732E+18,,,noneBll
1,-0.158108333,0.009475,0.000466766,0.031249219,0.00342843,0.132901177,0,-0.369426932,0.034121005,-0.102406472,1.04552E+18,,,noneBll
0,0,0,3.73E-05,1.82E-06,0.001132658,3.06E-06,0,0.617800385,0.116728922,-0.048362097,1.13957E+18,,,noneBll
0,-0.004444792,-7.71E-05,0.000316638,0.041870135,0.007989195,0.039393302,0,-0.194523426,0.291254377,-0.117720762,1.11028E+18,M,M,bullying
1,-0.02331875,-0.00751875,0.001271365,0.192118549,0.023990689,0.007313171,0,-0.215869345,0.123939405,-0.240247804,1.04002E+18,F,M,bullying
0,0.00173125,0.002514583,0.001223452,0.040363048,0.099108701,0.089245083,0,-0.021482666,0.083511478,0.252027006,9.95662E+17,,,noneBll
0,0,0,0.030838116,0.30090884,0.015452578,0.098884513,1.5,0.137485263,-0.282732493,0.161387372,1.1611E+18,,,noneBll
0,0,0,8.60E-05,3.30E-05,0.000666476,4.69E-05,15,0.506894083,-0.157993213,-0.334007359,1.10888E+18,,,noneBll
0,0,0,0.032483998,0.032777182,0.00452668,0.018358747,0,-0.252719239,-0.275378764,0.200852492,1.10823E+18,F,M,bullying
0,-0.038445833,0.00159375,0.000565254,0.192253055,0.006855395,0.185149626,0,-0.17058141,-0.296790131,0.152901919,1.12537E+18,,,noneBll
1,-0.0006625,0.006170833,0.001068357,0.05650029,0.021028642,0.375949493,1.833333333,-0.363705339,0.317430247,-0.168249568,1.07337E+18,,,noneBll
0,-0.04898125,-0.00400625,0.000400393,0.007398051,0.003123876,0.014835482,1.5,-0.027441582,0.451953964,-0.068888047,1.17229E+18,,,noneBll
1,-0.060189583,0.023177083,0.000618324,0.240218103,0.005772878,0.246042205,0,-0.335863133,-0.123642952,-0.034894871,1.05313E+18,M,F,bullying
0,-0.050561458,0.002477083,0.006368747,0.26068894,0.01818003,0.147884773,0,0.113783292,-0.098124163,-0.197981442,9.99836E+17,,,noneBll
1,-0.002226042,0.000708333,0.000209792,0.021002986,0.002529489,0.170470324,0,-0.298633607,0.060127382,-0.177574544,1.15381E+18,F,F,bullying
0,0,0,0.002975062,0.029609153,0.127914342,0.073560764,0,-0.090498151,-0.353377054,0.41158198,1.04721E+18,,,noneBll
1,-0.118088542,-0.000464583,0.000547991,0.008718982,0.004456483,0.022492441,0,-0.054519871,0.271365289,-0.060608919,1.12788E+18,,,noneBll
0,0,0,0.000259384,0.000460075,0.00014895,0.000384347,183.8333333,0.433156199,0.372875865,0.27886247,1.17967E+18,,,noneBll
0,-0.000710417,-0.000939583,0.001383475,0.123357863,0.051259213,0.022567788,0,0.168113706,0.402865827,0.135561397,1.17414E+18,,,noneBll
0,0,0,0.000766676,0.122981289,0.001041175,0.036812377,0,0.252676782,0.18375182,0.22272668,1.17553E+18,,,noneBll
1,-0.0265125,0.022416667,0.000918204,0.075174056,0.009752134,0.520921878,0.333333333,-0.146577938,-0.181690864,-0.210952116,1.09544E+18,,,noneBll
0,-0.002717708,0.002354167,6.73E-05,0.048460678,0.00061467,0.959370625,0,-0.365480811,0.311844054,-0.23601659,1.04983E+18,M,F,bullying
0,0,0,0.000472131,0.008725286,0.011225255,0.012556883,0,0.321890849,-0.177210719,0.422623039,1.14677E+18,,,noneBll
0,0.005229167,0.003783333,0.000931811,0.006819128,0.018013203,0.004469908,0,0.180467936,-0.185327952,-0.004687029,1.08671E+18,,,noneBll
0,0,0,0.040755057,0.06262104,0.003236673,0.007699895,0,0.241823644,0.017454838,0.203153332,9.86468E+17,,,noneBll
0,-0.065465625,-0.002995833,0.000574552,0.713695953,0.009982869,0.29808951,0,-0.357540981,-0.217915197,0.157095501,1.10248E+18,,,noneBll
0,-1.04E-05,-0.00655625,0.001390909,0.184709961,0.00560847,0.021743186,0,-0.246435121,-0.234751903,-0.031592848,1.08824E+18,,,noneBll
0,-0.034975,0.001810417,0.00083253,0.004359856,0.001168302,0.070901301,0,-0.013900813,-0.314300739,0.179393035,1.08754E+18,,,noneBll
0,-0.042270833,0.002727083,0.000105809,0.003028516,0.002360231,0.042088534,0,0.089783821,0.14056139,0.130346524,1.11833E+18,,,noneBll
0,-0.012194792,-0.00238125,0.00293912,0.016908788,0.005525099,0.011566292,0,-0.21496257,-0.003479891,-0.237325889,1.01797E+18,M,M,bullying
0,0,0,0.002137616,0.645340552,0.002932398,0.258947502,0,-0.35269125,-0.135398674,0.155310925,1.10578E+18,M,M,bullying
1,-0.031995833,-0.03909375,0.000219774,0.026570804,0.007616638,0.430727527,0,0.024561911,0.487721108,0.03084429,1.17595E+18,,,noneBll
0,0,0,0.000443375,0.014618506,0.000741367,0.009270305,0,0.30664175,-0.330996462,-0.144040941,1.02166E+18,,,noneBll
0,0,0,0.000146188,0.000154441,0.000315469,0.000140602,0,0.461832427,0.444614025,0.357336607,1.14694E+18,,,noneBll
0,0,0,0.000798046,0.009037354,0.00120744,0.005245052,41,0.409154336,0.341180999,0.218706205,1.15029E+18,,,noneBll
0,-0.011378125,-0.009677083,0.034369517,0.070575758,0.086411741,0.355796008,0,-0.398696302,0.158785771,-0.137563267,1.08817E+18,M,M,bullying
0,-0.025133333,0.00054375,0.000149829,0.094312675,0.000872038,0.008009521,31,0.103195318,0.179724926,-0.010590948,1.17379E+18,,,noneBll
0,-0.010340625,0.010570833,0.010482513,0.362630267,0.027593246,0.055300205,0,-0.289908465,-0.055667884,-0.204640925,1.13934E+18,,,noneBll
0,0,0,0.00068607,0.005976101,0.000642181,0.030876929,9,0.210387831,-0.282585505,0.27786078,1.12382E+18,,,noneBll
0,-0.0229625,0.014022917,8.86E-05,0.107536275,0.00049792,0.526984387,6.666666667,-0.399411035,0.081883421,-0.122897421,1.1001E+18,,,noneBll
0,0,0,0.006681521,0.05342794,0.210339008,0.213213301,0,0.063658954,0.188931151,-0.039835165,1.01394E+18,M,M,bullying
1,-0.048859375,-0.003204167,0.001917849,0.076642342,0.012117953,0.058436512,0,-0.25581892,0.073608461,-0.039742185,1.10765E+18,F,M,bullying
0,0.002920833,-0.01156875,0.088370334,0.111426741,0.194298409,0.197789189,0,-0.04474118,-0.271657328,-0.042686896,9.43257E+17,,,noneBll
0,0,0,0.001202755,0.070567277,0.008873888,0.140322283,0,0.32295044,0.219282015,0.359391722,1.01451E+18,,,noneBll
1,-0.042252083,0.010685417,0.000723657,0.044176359,0.00967628,0.046299444,0,-0.341483618,0.087818791,-0.047506077,1.16576E+18,M,M,bullying
0,-0.035183333,0.002170833,0.00024147,0.038648574,0.016125398,0.150911163,0,-0.0241085,0.407939422,0.13277225,1.13188E+18,,,noneBll
1,-0.06274375,0.013589583,0.000866804,0.047372609,0.007355084,0.163416513,0,-0.31841213,-0.08962517,-0.145823684,1.10283E+18,,,noneBll
0,-0.02900625,0.001270833,0.000745616,0.183647472,0.006352365,0.17269069,0.333333333,-0.136726591,-0.108706766,0.057383662,1.13817E+18,,,noneBll
0,-0.026666667,0.003025,3.21E-05,0.00013814,0.000119149,0.000113987,0,0.37188125,-0.117863834,-0.170085763,1.17333E+18,,,noneBll
0,0,0,0.000804766,0.005303946,0.032390266,0.006024942,0,0.284988939,0.48242535,0.246672469,1.17714E+18,,,noneBll
1,-0.008723958,0.009408333,0.023651929,0.107019612,0.09020651,0.249871315,0,-0.301185975,-0.042841554,-0.037178701,1.15015E+18,,,noneBll
0,0,0,0.000358185,0.006483001,0.084163237,0.008835276,2.5,0.217403701,0.037793604,0.522896099,1.12782E+18,,,noneBll
1,-0.156925,0.010304167,0.000313544,0.0066671,0.005430718,0.024368643,4,0.082597034,0.316485909,0.037515934,1.14409E+18,,,noneBll
0,0,0,8.93E-05,0.000700057,0.000243315,0.003614898,0,0.364803739,0.050555236,-0.161374741,1.15645E+18,,,noneBll
0,0.007986458,0.024885417,0.000149685,0.017766702,0.002227771,0.287616262,13,0.024763798,0.3393902,0.043465957,1.16263E+18,,,noneBll
0,-0.01669375,0.012335417,0.001598501,0.168775842,0.011416354,0.257381154,0,-0.231552708,0.057076378,0.060307872,1.17452E+18,,,noneBll
0,-0.0554,0.003220833,0.00010425,0.010394747,0.001785722,0.066202958,0,-0.193144482,-0.170574941,-0.087046184,1.03647E+18,,,noneBll
0,-0.044944792,0.002716667,0.000744926,0.092768997,0.006307125,0.480144391,0,-0.224482749,0.449548016,-0.177293254,1.02666E+18,,,noneBll
0,-0.070833333,0.004166667,0.000599803,0.180360086,0.003331628,0.311178029,0,-0.078093926,-0.341893536,-0.100136794,1.07457E+18,,,noneBll
0,0,0,0.000782259,0.037312831,0.002291036,0.126735539,0,0.391416479,0.269690591,0.35801223,1.1678E+18,,,noneBll
0,-0.138383333,0.009497917,0.00018605,0.032550716,0.000826037,0.014801126,0,-0.1263765,0.198620378,0.080846703,1.12367E+18,,,noneBll
1,-0.042171875,0.0009125,0.021492299,0.045737645,0.008438087,0.654378091,0,-0.262818857,-0.242263916,0.179839243,9.99406E+17,,,noneBll
0,5.21E-06,-2.08E-05,0.007328867,0.111091963,0.034284798,0.006648177,0,-0.161676286,-0.061544111,0.131450663,1.06475E+18,F,M,bullying
0,-0.035402083,0.001908333,0.188101693,0.105613609,0.001603054,0.108636124,0,-0.38190754,-0.203595277,0.014979451,1.06771E+18,,,noneBll
0,0,0,0.000494386,0.01832927,0.010806202,0.041875542,0,0.246640903,-0.252220256,0.422965349,1.16951E+18,,,noneBll
0,-0.073640625,0.00594375,0.000901019,0.066778006,0.002488994,0.144180718,0,-0.259079729,0.088018969,-0.184138129,1.07616E+18,F,M,bullying
0,-0.011355208,-0.00054375,0.000284859,0.153374971,0.018787634,0.02158023,0,0.294615362,-0.14229699,0.426752811,1.10558E+18,,,noneBll
0,0,0,0.000198578,3.09E-05,0.000112234,4.65E-05,3.666666667,0.586197983,-0.203754917,-0.436195916,1.06833E+18,,,noneBll
1,-0.016311458,0.000766667,0.001213848,0.136746522,0.223640598,0.027514785,0.166666667,-0.142902615,-0.399851202,0.210259072,1.14433E+18,,,noneBll
0,-0.006203125,-0.014683333,0.020588855,0.719954233,0.007274224,0.026864971,0,-0.376315029,0.300229617,-0.187127266,1.15543E+18,,,noneBll
0,0,0,0.000113814,0.000612159,0.017334494,0.008091329,20.66666667,0.547906075,-0.190189947,-0.460489066,1.17818E+18,,,noneBll
0,-0.001290625,0.000527083,0.002139051,0.111873076,0.010184752,0.200886514,0,-0.302294597,-0.294971491,0.226772124,1.08767E+18,F,M,bullying
1,-0.048327083,0.004454167,0.001348325,0.050044825,0.046998646,0.089753893,0.5,-0.141400078,-0.226570459,-0.064685069,1.04418E+18,,,noneBll
1,-0.113971875,0.0061875,0.004213594,0.229820125,0.004581915,0.142883309,0,-0.175457603,0.472665096,-0.068710592,1.12448E+18,,,noneBll
0,0,0,0.001133323,0.115328616,0.235635701,0.066264972,0,0.137220406,-0.096198047,0.148157371,1.09662E+18,,,noneBll
0,0,0,0.000953948,0.297564867,0.009151498,0.405650253,0,-0.22351942,0.047505592,-0.14249091,1.07418E+18,,,noneBll
0,0,0,0.000269217,0.006823431,0.170404273,0.04249932,8,0.184843598,-0.146959015,-0.243565732,1.13475E+18,,,noneBll
0,0,0,0.000379569,0.037374701,0.022914613,0.133627042,30.16666667,0.566681095,-0.147793662,-0.417854535,1.12348E+18,,,noneBll
1,0.024854167,0.005535417,0.00132938,0.503277585,0.007807369,0.479756515,0,-0.235678653,0.011235626,-0.115167016,1.0564E+18,M,M,bullying
1,-0.061963542,0.0011625,0.005412658,0.048086806,0.152620405,0.145305585,0,0.125733004,0.048694345,-0.076950357,1.08928E+18,,,noneBll
0,0,0,0.003885682,0.47988207,0.065491132,0.368543897,0,-0.28015946,-0.233685195,0.179300387,1.0376E+18,,,noneBll
0,0,0,0.00042871,0.010176367,0.000512255,0.127470804,20.16666667,0.425598327,0.268406269,0.060429206,1.18146E+18,,,noneBll
0,-0.004817708,-0.017291667,0.008146416,0.468427125,0.007722191,0.227858532,0,-0.392119739,0.109724655,-0.219098175,1.0734E+18,F,M,bullying
0,-0.006061458,0.000297917,5.69E-05,0.000701141,0.001025201,0.003046825,8.833333333,0.241905781,-0.309187832,0.347867224,1.14885E+18,M,M,bullying
0,-0.000982292,0.002304167,0.001119874,0.53686988,0.005885749,0.175258975,0,-0.102412368,-0.009431428,-0.267463548,1.09657E+18,,,noneBll
3,-0.118865625,0.00618125,0.001673682,0.004685464,0.047028209,0.017884524,0,-0.096644312,0.061284314,-0.147485622,9.90363E+17,,,noneBll
0,0.006386458,-0.023204167,0.00059122,0.201712205,0.042075065,0.01466274,0,-0.24368311,0.115139608,-0.022565697,1.01079E+18,,,noneBll
2,-0.144972917,0.013329167,1.77E-05,0.00037414,5.25E-05,8.41E-05,5.166666667,0.157773079,0.171062217,-0.008480697,1.18073E+18,,,noneBll
2,-0.097659375,0.013202083,6.30E-06,6.42E-05,2.24E-05,8.29E-05,0,-0.284427353,0.005422797,-0.074740333,1.04891E+18,,,noneBll
0,-0.005925,-0.00348125,7.76E-05,0.281189453,0.000956381,0.22459121,1.166666667,0.056993075,0.424667538,0.012703485,1.16732E+18,,,noneBll
0,-0.000596875,0.003210417,0.000648419,0.18360742,0.010634171,0.076346587,0.666666667,-0.01145117,0.256254195,-0.144833801,1.09574E+18,M,M,bullying
0,0,0,0.00016182,0.010655151,0.003251694,0.016733197,0,0.287320198,0.033303652,0.446907453,1.10924E+18,F,F,bullying
0,0,0,0.000964982,0.030707385,0.003843017,0.078545701,0,-0.069935998,-0.340948068,0.541299147,1.05387E+18,,,noneBll
0,0,0,4.12E-06,3.97E-06,2.14E-07,2.45E-05,0,0.470837384,-0.1931897,-0.252696097,1.03401E+18,,,noneBll
0,-0.0009,-0.000497917,0.001852606,0.115580567,0.011978945,0.056020804,0,-0.263905981,-0.197733347,0.075914006,1.00925E+18,,,noneBll
0,-0.0256,0.014591667,0.000969729,0.222073854,0.002990506,0.084051549,0,0.028937494,0.180983895,-0.052080866,1.17201E+18,,,noneBll
0,0,0,8.39E-07,2.04E-06,1.96E-06,4.71E-07,392.1666667,0.349334585,0.233675333,0.246826406,1.13948E+18,,,noneBll
0,0,0,7.82E-07,3.95E-06,1.63E-06,1.25E-05,8.666666667,0.539586811,-0.227798615,-0.342742945,1.09121E+18,,,noneBll
0,-0.021869792,-0.000264583,0.012038104,0.00196231,0.001055023,0.004460574,0,-0.033592888,-0.256867311,0.027706076,1.12125E+18,,,noneBll
0,-0.000425,7.08E-05,0.001375405,0.233524893,0.096963421,0.21838253,0,-0.198408823,-0.083273803,-0.09282355,1.09035E+18,,,noneBll
0,-0.049929167,0.002079167,0.013233663,0.137104574,0.184572393,0.062957232,0,-0.089257906,-0.044024201,-0.006318793,1.03355E+18,,,noneBll
0,0,0,0.000770269,0.320206443,0.003364139,0.431284472,0,-0.179571653,-0.077884347,0.024102112,1.03433E+18,,,noneBll
0,-0.019538542,0.020572917,0.000235768,0.247108157,0.001817434,0.112657576,0,-0.408493505,-0.067769257,0.048164708,1.06809E+18,M,M,bullying
0,0,0,0.000292084,0.049099745,0.000204427,0.100846237,0,0.330230377,-0.215351813,-0.267296373,1.13782E+18,,,noneBll
0,-0.000213542,0.000277083,0.001422682,0.132930272,0.023660577,0.0449335,0,0.274054326,0.275767538,0.192765798,1.131E+18,,,noneBll
0,0,0,0.000118222,0.017400642,0.000193844,0.030161361,0,0.187795812,0.144961463,0.02568846,1.09599E+18,,,noneBll
0,-0.070797917,0.004164583,0.003947663,0.082153344,0.036567236,0.039459151,0,0.142605485,0.081240566,-0.016610384,1.17647E+18,,,noneBll
0,0,0,0.000464391,0.02195869,0.012458815,0.027513605,126.6666667,0.35498755,0.070268754,0.016126082,1.11163E+18,,,noneBll
1,-0.032269792,0.00085625,0.000758711,0.031181009,0.02781707,0.019069669,0,-0.208878604,-0.020718166,0.005503188,1.16135E+18,,,noneBll
0,0.029759375,0.035379167,0.000129754,0.002489255,0.002784125,0.009043104,0,-0.11685408,-0.329720267,0.190105359,1.17893E+18,,,noneBll
0,0,0,0.004888241,0.042681138,0.004618923,0.02753266,0,0.057799579,0.068185236,0.014813912,1.08281E+18,,,noneBll
0,0,0,0.001069407,0.011114138,0.832142907,0.00237818,7.333333333,0.243782366,0.202369428,0.183166023,1.08064E+18,,,noneBll
1,-0.012414583,0.00203125,0.001641675,0.253018273,0.015233272,0.422346514,0.333333333,-0.185310344,0.028349838,-0.076557102,1.05699E+18,,,noneBll
0,-0.108455208,0.005716667,0.000350428,0.00522696,0.15319097,0.024824244,0,-0.358917384,-0.051676453,-0.096316968,1.18185E+18,F,F,bullying
0,0,0,0.091250174,0.197057498,0.056146702,0.165130882,0,0.308786146,-0.244235768,-0.145710325,1.11297E+18,,,noneBll
0,0.000541667,0.00061875,1.80E-05,4.24E-05,0.000105372,0.000147542,0,0.370829197,0.416676601,0.317077914,1.14158E+18,,,noneBll
0,0,0,7.49E-06,4.11E-05,5.58E-05,2.60E-05,0,0.29985855,0.27735944,0.157690213,1.16127E+18,,,noneBll
1,4.69E-05,1.25E-05,0.000141363,0.098681755,0.000647964,0.21819311,0,0.057006813,0.42484299,0.050169187,1.17312E+18,,,noneBll
0,0,0,4.91E-05,0.002528829,0.000113105,0.031351317,0.5,0.095696046,0.551039684,0.056603261,1.18064E+18,,,noneBll
1,-0.170792708,0.021039583,0.000290901,0.020763127,0.0015196,0.320991361,0,-0.234885192,0.273996796,-0.296914152,1.03864E+18,M,F,bullying
1,-0.014544792,-0.000379167,0.001790494,0.033707419,0.391574109,0.12175683,0,-0.152986762,-0.161101651,-0.049602027,1.16429E+18,,,noneBll
0,0,0,1.46E-05,4.60E-05,0.000390797,3.85E-05,2.833333333,0.581489321,-0.154501139,-0.451474258,1.09843E+18,,,noneBll
1,-0.022470833,0.005375,0.000583595,0.092688445,0.002613748,0.056074805,3.5,-0.089016085,0.121978228,-0.097892326,1.14908E+18,,,noneBll
0,0,0,0.000261992,0.006673902,0.000773178,0.055348194,0,0.278246998,0.405757782,0.161703587,1.16137E+18,,,noneBll
1,0.006279167,0.009966667,0.000221177,0.006076148,0.000362153,0.007922555,0,-0.253841028,-0.049028747,0.035224953,1.0698E+18,,,noneBll
0,0,0,0.000777268,0.120766705,0.072854583,0.043071301,21.66666667,0.343006878,0.162496426,0.11477946,1.14771E+18,F,M,bullying
0,-0.003782292,0.002508333,0.00173573,0.235576373,0.005777268,0.178737223,0,-0.409517687,0.175641125,-0.219795514,1.16905E+18,,,noneBll
1,0.025647917,-0.024927083,0.001120371,0.018711976,0.010984083,0.314305536,0,-0.104241492,-0.151208888,-0.265141886,1.00404E+18,,,noneBll
0,0,0,4.74E-05,0.00012295,4.60E-05,4.77E-05,0,0.392617028,0.255564641,0.189058101,1.16176E+18,,,noneBll
1,-0.02235,-0.00245625,0.001780322,0.187526116,0.039905264,0.205951721,0,-0.316865436,0.015858068,-0.17182719,1.16217E+18,,,noneBll
0,0,0,0.000168155,0.004519195,0.001920278,0.029479173,0,-0.033837163,-0.141938112,0.022694865,1.1528E+18,M,M,bullying
0,0,0,0.000213572,0.017577381,0.001824752,0.007565994,2.166666667,0.167189576,-0.173058808,-0.238485002,1.17642E+18,,,noneBll
0,0.000223958,-0.010397917,0.00063283,0.365094419,0.005732312,0.107971687,68,-0.251084326,-0.035942457,-0.109933127,1.06357E+18,,,noneBll
0,0.001736458,-0.003885417,0.010897782,0.320860278,0.00208653,0.027610418,0,-0.339959806,0.306169768,-0.210343641,1.11906E+18,M,M,bullying
1,0.00523125,-0.0101125,0.001683762,0.086353791,0.009362837,0.034497837,0.333333333,-0.309814126,-0.353820797,0.10710192,1.05385E+18,,,noneBll
2,0.000684375,0.004645833,0.000604239,0.056998235,0.000427149,0.040563956,59.83333333,-0.174126342,-0.18095205,0.10672169,1.027E+18,,,noneBll
0,-0.001132292,-6.25E-06,0.001069224,0.309444424,0.003769464,0.230543825,3.5,-0.046710577,0.233431098,0.172687061,1.17056E+18,,,noneBll
0,-0.08113125,0.014647917,0.000777848,0.032916622,0.007381919,0.074615406,3,0.278325334,0.57531775,0.209471823,1.17493E+18,,,noneBll
0,0,0,0.000631113,0.036536906,0.032187538,0.156707147,0,-0.047257699,-0.132568963,-0.009606304,1.12022E+18,,,noneBll
0,0,0,5.55E-05,0.000153893,0.343568521,0.000543759,46.33333333,0.567146221,-0.089876541,-0.330423824,1.1593E+18,,,noneBll
0,-0.115072917,0.02236875,0.001298719,0.398352564,0.025307584,0.290101124,0,-0.229781015,0.34762274,-0.067648831,1.09447E+18,M,M,bullying
0,0,0,0.003360236,0.277654123,0.077284587,0.055239944,0,0.025764837,-0.22600806,-0.146817504,1.12098E+18,,,noneBll
0,0,0,6.82E-05,0.000223712,0.000928513,0.001937778,11.83333333,0.197951547,0.393955024,0.062696212,1.12382E+18,,,noneBll
0,0,0,0.001088174,0.026302075,0.1202052,0.003010305,0,0.329735254,0.287988955,0.19727026,1.05357E+18,,,noneBll
0,0,0,0.000631529,0.017461189,0.000522059,0.011074129,0,0.476386201,-0.19004937,-0.186374959,1.12671E+18,,,noneBll
0,0,0,0.000427772,0.144614939,0.011512029,0.284783059,0,-0.001500813,-0.323975926,-0.194186082,1.11834E+18,M,M,bullying
0,-0.019470833,-0.01135,0.001382348,0.429574584,0.015691213,0.393664425,0,0.00017295,-0.144022764,-0.21195331,1.10592E+18,,,noneBll
1,-0.027357292,0.002308333,0.014532924,0.575461642,0.001039182,0.002386663,0,-0.365484031,-0.239611751,0.102479247,1.14891E+18,,,noneBll
0,0,0,0.000104946,0.069071761,0.000363314,0.115437927,0,0.08070066,0.361888915,-0.003390145,1.11514E+18,,,noneBll
0,0,0,7.26E-05,0.010694278,0.000412561,0.018573034,0,0.230984949,0.219197979,0.18698128,1.15396E+18,,,noneBll
0,0.000730208,-0.002602083,0.00013829,0.123679421,0.000467767,0.086747553,6.166666667,-0.083559514,0.592365778,-0.085200038,1.16574E+18,,,noneBll
0,-0.022844792,-0.000802083,0.000512935,0.0122104,0.025289679,0.019526746,35.83333333,0.11872976,0.401502068,0.050680268,1.05957E+18,M,M,bullying
1,-0.00216875,-0.003170833,0.001643971,0.063201492,0.002415668,0.079794587,0,-0.406740573,-0.031229824,0.009250534,1.05112E+18,,,noneBll
0,-0.013,0.007702083,0.000132041,0.007210087,0.003986529,0.062161052,0,-0.348635308,-0.148282902,0.16214537,1.03755E+18,,,noneBll
0,0,0,0.000168155,0.004519195,0.001920278,0.029479173,0,-0.033837163,-0.141938112,0.022694865,1.1528E+18,M,M,bullying
0,-0.076316667,0.001704167,0.000379668,0.016233847,0.000808739,0.175609944,0,-0.171402899,0.43279573,-0.089183836,1.17335E+18,,,noneBll
0,-0.00144375,-0.006541667,0.000435729,0.207682175,0.008349144,0.220092472,0,-0.346979536,0.155226455,-0.189022941,1.15641E+18,M,M,bullying
1,-0.002557292,-0.006033333,0.00073105,0.199987768,0.004425874,0.015638391,0,-0.291604272,0.386617164,-0.125094171,1.1354E+18,,,noneBll
1,-0.001359375,-0.000745833,0.00031574,0.025727571,0.003001188,0.176164244,0,0.047362968,0.213091355,-0.105696136,1.11882E+18,M,M,bullying
0,-0.002438542,0.00100625,0.000502693,0.103521534,0.001039313,0.112949614,0,0.107365726,-0.246823683,-0.295383693,1.03756E+18,,,noneBll
0,0,0,0.000600519,0.090529386,0.002474358,0.081075563,0,0.295590958,-0.337240982,-0.207672526,1.10573E+18,M,M,bullying
0,-0.017530208,0.005195833,0.005729816,0.096134672,0.0073557,0.202244499,0,-0.215226115,-0.064585348,0.035961559,1.06617E+18,F,M,bullying
0,0,0,0.000133356,0.001489418,0.000572277,0.000485698,3.166666667,0.51106376,-0.243144551,-0.347889426,1.0585E+18,,,noneBll
1,-0.026305208,-0.003377083,0.000376695,0.08476287,0.001640248,0.085197222,0.833333333,-0.211579695,0.069248686,0.0568328,1.13209E+18,F,M,bullying
0,-0.00283125,-0.02729375,0.001753034,0.111468795,0.211218649,0.082532747,0,-0.163575602,-0.157528109,-0.239925463,1.0654E+18,,,noneBll
0,0,0,0.000837109,0.026341608,0.189172844,0.024724352,0,0.052350819,0.012276222,0.036656018,1.08166E+18,M,F,bullying
0,0,0,0.001983973,0.074916595,0.031683189,0.366094398,0,-0.096138792,-0.30388495,0.339142178,1.14509E+18,,,noneBll
0,-0.082190625,0.024545833,0.001560976,0.336514076,0.00537652,0.487751207,0,-0.249694823,0.018764712,-0.212369968,1.14189E+18,,,noneBll
1,-0.020208333,-0.022066667,8.95E-05,0.002347704,0.000137103,0.002064108,37.33333333,0.092306515,0.004598766,0.005449592,1.05216E+18,,,noneBll
0,0,0,0.009832161,0.346818208,0.255376744,0.2347607,0,0.276240329,0.031618555,-0.070261507,1.15922E+18,,,noneBll
0,-0.014266667,0.001014583,0.022750514,0.068119241,0.009402854,0.202072754,0,-0.376520101,-0.1554808,0.058646246,1.16409E+18,,,noneBll
0,-0.053523958,0.017679167,0.001265273,0.065495584,0.015198301,0.05539696,0,-0.117844811,0.051935403,-0.100486101,1.07521E+18,,,noneBll
1,-0.027357292,0.002308333,0.014532924,0.575461642,0.001039182,0.002386663,0,-0.365484031,-0.239611751,0.102479247,1.14891E+18,,,noneBll
0,-0.11641875,0.00665625,0.000904667,0.184255724,0.030072105,0.210761777,0,-0.227952551,-0.021897951,-0.2043464,1.02558E+18,,,noneBll
0,0,0,0.006304575,0.154549736,0.004063501,0.483212347,0,-0.196736122,0.441801591,-0.219116053,1.08715E+18,,,noneBll
0,0,0,0.000139901,0.021393757,0.000550874,0.115388088,3.166666667,0.389867679,-0.31566105,-0.114325637,1.15745E+18,,,noneBll
0,-0.02990625,0.008345833,0.00171382,0.198650823,0.033846614,0.168100035,0,-0.349017697,0.365331784,-0.203638717,1.15921E+18,,,noneBll
0,0.000994792,0.001966667,0.001094338,0.072880321,0.002925457,0.121064252,0,0.142741045,-0.290956841,-0.234899805,1.03029E+18,,,noneBll
0,-0.002997917,-0.006202083,0.001325867,0.072577764,0.006484038,0.039135919,0,-0.284940436,0.303547631,-0.102149061,1.11657E+18,F,F,bullying
0,-0.026667708,0.002714583,0.007067978,0.246896042,0.014090606,0.086524685,0,0.184076089,0.034987582,-0.006803949,1.10999E+18,,,noneBll
0,0,0,0.001051941,0.011980549,0.056896659,0.185026129,0,0.292335825,0.30039028,0.158577045,1.0902E+18,F,M,bullying
0,0,0,8.87E-06,5.18E-05,7.27E-05,0.000117367,12,0.540860699,-0.176242689,-0.361850596,1.15502E+18,,,noneBll
0,0,0,0.002056692,0.193289726,0.016749458,0.505370861,0,0.112131917,-0.083331311,-0.190642403,1.13139E+18,,,noneBll
0,0.003125,-0.007691667,0.000776691,0.452210242,0.002445725,0.257469889,0,-0.181265672,0.31566507,-0.186862377,1.09816E+18,,,noneBll
1,-0.026801042,-0.0027,0.001225993,0.626275953,0.004074423,0.178375573,0,0.250429686,-0.092463311,-0.184390393,1.09711E+18,F,M,bullying
0,0,0,0.00014087,0.008487161,0.000463374,0.042038986,0,-0.210641466,0.027752785,-0.007248611,1.09342E+18,,,noneBll
1,-0.043547917,-0.003252083,0.001253684,0.427682374,0.002400515,0.255632449,0,-0.319424546,-0.066392139,-0.106917544,1.1489E+18,,,noneBll
1,-0.004889583,0.00308125,0.001259639,0.117287028,0.003017828,0.559790359,0,-0.286765777,-0.205192868,0.087350889,1.04766E+18,M,F,bullying
0,-0.017676042,0.003935417,0.000635295,0.012583941,0.005815221,0.044973751,0,-0.172807104,-0.408682808,0.377775645,1.06336E+18,,,noneBll
0,0,0,2.26E-05,0.008977522,4.42E-05,0.000109542,0,0.377141065,0.351589172,0.248836305,1.16441E+18,M,F,bullying
0,0,0,0.001495231,0.044248666,0.003467856,0.207060608,0,-0.013861482,-0.072199746,-0.03210687,1.10103E+18,,,noneBll
0,0,0,3.02E-05,0.000137121,2.21E-05,2.96E-06,0.333333333,0.384925953,0.235295795,0.032649726,1.0014E+18,,,noneBll
0,0,0,0.004518326,0.028224804,0.002218461,0.013816741,15.83333333,0.191151837,0.361820202,0.320916026,1.13644E+18,,,noneBll
0,0,0,0.002016803,0.005298081,0.189591833,0.021304073,7.333333333,-0.130114292,-0.095265671,-0.147865522,1.11675E+18,,,noneBll
0,0,0,0.000202673,0.000470272,0.002860602,0.000297385,0,-0.178152604,0.170888895,-0.072162097,1.09663E+18,,,noneBll
0,0,0,0.000331946,0.049651687,0.00107304,0.342677528,4.5,-0.04009123,-0.255280748,-0.250886319,1.07933E+18,F,F,bullying
0,0,0,6.91E-06,1.93E-05,0.000214602,4.42E-05,0,0.300429417,-0.222847625,0.416560829,1.1758E+18,,,noneBll
0,-0.016344792,0.001247917,0.000546651,0.002514309,0.158786107,0.073689181,0,0.380269397,0.209392396,0.156538885,1.16315E+18,,,noneBll
0,0,0,0.003814551,0.421951534,0.007046727,0.059090317,0,0.111709196,0.056229061,0.014711692,1.10767E+18,,,noneBll
0,0,0,0.00016126,0.047053808,0.000569216,0.216520778,0,0.054982829,0.1311833,-0.001466814,1.09091E+18,,,noneBll
0,0,0,0.000111964,0.000115904,0.010058253,0.000877634,0,0.369015253,-0.03027454,0.044508153,1.15469E+18,,,noneBll
1,-0.07696875,-0.018477083,0.001998984,0.12845189,0.004658132,0.258227686,0,-0.351592351,0.411702721,-0.234290968,1.07227E+18,,,noneBll
1,-0.005126042,-0.048610417,5.58E-05,0.004767503,0.000181988,0.079793155,5.666666667,-0.289385809,-0.276799122,0.248095886,1.12667E+18,,,noneBll
0,0,0,6.61E-06,2.58E-06,0.000388016,6.09E-06,0,0.202300909,0.250307036,0.249147003,1.15032E+18,,,noneBll
0,-0.0314625,-0.00235,0.000926752,0.68073061,0.005280724,0.295972927,0,-0.375401702,-0.177621539,0.145778202,1.05831E+18,,,noneBll
0,0,0,0.000211605,0.00189485,0.000590093,0.000550691,5.833333333,0.031189013,-0.283869152,-0.097097785,1.05999E+18,,,noneBll
0,0,0,0.004092894,0.545746795,0.129950627,0.282268228,0,0.357153534,-0.105518381,-0.313612035,1.15719E+18,,,noneBll
1,-0.033578125,0.004077083,0.000974374,0.241648549,0.003949902,0.204424614,0,-0.25473595,-0.247163079,0.336145304,1.09568E+18,M,M,bullying
0,0,0,0.000943098,0.679249767,0.001374922,0.194942025,0,-0.276314073,-0.128435317,-0.126432715,9.65523E+17,,,noneBll
0,0.012625,-0.003554167,0.170969176,0.342449301,0.005439103,0.281073777,0,-0.120044168,0.054310317,-0.24842203,1.10162E+18,,,noneBll
0,0,0,0.000237462,0.000842172,0.044404921,0.001905638,0,0.527219743,-0.097488078,-0.308256498,1.14631E+18,M,M,bullying
0,0.002804167,-0.0106125,0.00105521,0.006794174,0.003037737,0.017495944,0,-0.201547893,0.233857724,-0.231734761,1.17966E+18,,,noneBll
0,0,0,6.04E-05,0.000119586,0.00016427,0.000159728,0,0.224527555,-0.267295012,0.483018534,1.04637E+18,,,noneBll
0,-0.010696875,0.007620833,0.002707999,0.095836919,0.024087667,0.132522669,0,0.024663239,-0.06881434,0.016996318,1.05573E+18,F,M,bullying
0,0,0,0.000105277,0.00293521,0.081018496,0.00311078,24.83333333,0.458990133,0.480015473,0.327103108,1.17524E+18,,,noneBll
0,0,0,0.001292824,0.007287198,0.271847416,0.026054473,0,0.123203452,-0.292665975,0.030272273,1.16258E+18,,,noneBll
0,-0.054851042,-0.000325,0.002859244,0.390473116,0.006697932,0.289655212,3.5,-0.310506406,0.219977003,-0.131271145,1.13023E+18,,,noneBll
0,0.0006125,-8.96E-05,0.000301632,0.001851706,0.008999888,0.013781099,1.5,0.197972177,0.192574393,0.447282188,1.16483E+18,,,noneBll
1,-0.037904167,-0.035454167,0.00022312,0.002223523,0.001444711,0.010813286,0.5,-0.107026159,0.038524045,0.139986809,1.14329E+18,,,noneBll
0,-0.035416667,0.002083333,0.006349157,0.110602529,0.079395334,0.31613636,0,0.078187009,-0.429284661,-0.080101325,9.81969E+17,,,noneBll
0,0,0,0.000110548,0.003893178,0.001199972,0.002111267,1.833333333,0.078152928,-0.424924571,0.393045115,9.78943E+17,,,noneBll
0,-0.002426042,1.67E-05,0.012662835,0.065924661,0.048271029,0.072096147,0,-0.142428223,-0.362448406,0.300955673,1.04048E+18,M,M,bullying
1,-0.083983333,0.003933333,0.003558748,0.251684696,0.006969989,0.543926054,0,-0.406432034,0.146742504,-0.143929684,1.17683E+18,,,noneBll
0,0,0,6.27E-05,0.001535052,0.001723584,0.020343492,0,0.262066652,-0.195660975,0.508365164,1.14599E+18,,,noneBll
0,0,0,0.001269606,0.006835609,0.006905647,0.007702084,0,-0.321961834,0.4144439,-0.208251463,1.04824E+18,F,F,bullying
1,-0.098182292,0.001941667,0.000742783,0.135601569,0.006397574,0.110499854,1.5,-0.008258427,0.517044627,-0.06375394,1.12521E+18,,,noneBll
0,0.004192708,-0.012429167,0.001329919,0.478945339,0.021185151,0.122669855,0,-0.01957108,-0.235858365,-0.151275633,1.17846E+18,,,noneBll
0,-6.04E-05,0.00063125,0.000441677,0.234620564,0.007940586,0.58044498,0,-0.237121353,-0.14693602,-0.115476629,1.05776E+18,,,noneBll
0,-0.0098625,-0.00150625,0.000361938,0.105382797,0.000946234,0.147909607,0,-0.071698735,0.544079076,0.011749898,1.11686E+18,,,noneBll
0,-0.038897917,0.009825,0.000115844,0.000669963,0.000821189,0.002593188,5.166666667,0.409789641,0.559282785,0.301089619,1.13905E+18,,,noneBll
0,-0.006267708,7.29E-05,0.001243786,0.006387542,0.22109881,0.033925938,0,-0.169842664,-0.167817713,0.37138892,9.74528E+17,,,noneBll
0,0.015033333,0.02066875,0.000413321,0.007441239,0.007760315,0.061596693,0,0.54044579,-0.230576899,-0.41572568,1.0754E+18,,,noneBll
1,-0.136503125,0.011189583,0.00108213,0.44286665,0.009878423,0.314222569,0,-0.015371003,0.493707385,-0.010883958,1.15933E+18,,,noneBll
1,-0.211460417,0.012210417,0.000242411,0.069207485,0.001106282,0.44552226,0,-0.331696054,0.401008485,-0.198718058,1.14244E+18,,,noneBll
0,0,0,0.001411337,0.048600647,0.01124801,0.078621133,2.666666667,0.362384786,0.315453525,0.364299031,1.03399E+18,,,noneBll
0,0,0,0.000508071,0.112622205,0.021988879,0.334101436,0,-0.09417851,-0.348142578,0.34586586,1.16041E+18,,,noneBll
0,0,0,0.000288055,0.002442835,0.01084804,0.021684693,0,0.39871723,-0.297004383,-0.270053786,9.9409E+17,,,noneBll
0,0,0,0.000423814,0.010405981,0.105819074,0.016742634,0,0.179424075,0.107853886,-0.198525768,1.14485E+18,,,noneBll
0,0.001816667,-0.002070833,0.001097709,0.153571473,0.003803216,0.042045873,3,-0.108435574,-0.16769006,0.347931086,1.05096E+18,,,noneBll
0,0,0,0.07986781,0.164256027,0.053126181,0.196082765,0,0.029683564,-0.131978951,0.058359081,1.14666E+18,M,F,bullying
0,-0.040652083,0.02424375,0.001480002,0.025383483,0.006652138,0.109105,0,-0.174827822,-0.285869721,-0.154411897,1.05379E+18,,,noneBll
0,0,0,3.28E-05,0.000368083,8.56E-05,0.003163695,0,0.431942148,-0.136167329,0.109473178,1.07529E+18,,,noneBll
0,0,0,0.001364745,0.050028256,0.195429578,0.091970102,0,0.171326,-0.375717237,-0.010810328,1.02121E+18,,,noneBll
0,0,0,0.000106889,4.92E-05,0.000135616,6.27E-05,0,0.536043765,-0.24529371,-0.426327915,1.01835E+18,,,noneBll
0,0,0,1.20E-05,0.001454632,0.000144722,0.007888218,0,0.11405241,0.314103027,-0.008410968,1.17625E+18,,,noneBll
1,0.000353125,-0.000541667,0.001044483,0.138665922,0.001841905,0.039854678,0,0.185378088,-0.254897738,0.206979667,1.00619E+18,,,noneBll
0,-0.027853125,0.008104167,0.000720122,0.367657749,0.002662194,0.340150875,0,-0.397615603,-0.107743512,-0.03574197,1.12198E+18,F,M,bullying
1,-0.161146875,0.020758333,0.002150102,0.230268003,0.030206634,0.104671214,0,-0.368627889,0.008390941,-0.050921023,1.13782E+18,,,noneBll
0,-0.003676042,0.00275625,0.000703459,0.536683179,0.004438515,0.199477008,0,-0.041968944,0.152472461,0.120832715,1.09336E+18,,,noneBll
0,0,0,0.000921597,0.00204716,0.056425553,0.035777784,0,0.181014987,-0.138855207,0.555718489,1.07264E+18,,,noneBll
1,-0.001822917,0.001308333,0.002060138,0.008723402,0.013844256,0.042628706,0,0.291616963,-0.138369456,-0.09386771,1.10718E+18,,,noneBll
0,0,0,4.15E-05,0.002456693,0.000283846,0.084575325,0,0.110594204,0.276234095,0.216061184,1.16905E+18,,,noneBll
0,0,0,0.000192542,0.112031032,0.000776257,0.165826611,0,-0.233524373,0.046467761,-0.11374554,1.12597E+18,,,noneBll
0,-0.106184375,-0.0015375,0.150483012,0.202068482,0.005884064,0.035242587,0,-0.30702078,-0.237624674,0.161533303,1.14076E+18,,,noneBll
0,0,0,0.005028633,0.595459537,0.04043755,0.18179136,0,-0.234432242,-0.194414274,-0.111996534,1.12096E+18,F,F,bullying
0,0,0,1.36E-05,0.000145458,3.13E-05,0.000122719,0,0.533801042,-0.305332598,-0.433858171,1.12312E+18,,,noneBll
1,-0.005571875,-0.014064583,0.002436649,0.002754483,0.000652769,0.001209942,0,-0.376959845,-0.208167513,-0.033198568,1.08762E+18,F,M,bullying
1,-0.004319792,0.009516667,0.000616603,0.012104106,0.001141388,0.112299516,0,-0.088779958,0.525771492,-0.111782271,1.05828E+18,,,noneBll
0,-0.086872917,0.005179167,0.000497335,0.168827667,0.005424469,0.016094228,0,-0.336927076,-0.308964473,0.257010141,1.04626E+18,M,M,bullying
0,-0.070514583,0.004147917,0.000543938,0.161234097,0.001891846,0.015027707,0,-0.074655114,-0.198243275,0.084731612,9.45804E+17,,,noneBll
1,-0.023385417,0.01825,0.000760979,0.197958095,0.002619272,0.0173126,0,-0.312510952,0.388791023,-0.203364334,1.10853E+18,M,F,bullying
0,-0.069011458,0.004077083,0.288965938,0.144202069,0.015080443,0.010547897,4,-0.05090817,-0.428715724,0.272660424,9.87238E+17,,,noneBll
0,0,0,0.000239438,0.0192687,0.000163486,0.01731221,0,0.428266701,-0.164907966,-0.250300382,1.12814E+18,,,noneBll
0,-0.002311458,-0.00340625,0.000400138,0.013055965,0.001349821,0.06246876,0,-0.344306002,0.220832189,0.006225058,1.02808E+18,,,noneBll
1,-0.053820833,0.012989583,0.001158331,0.186627306,0.008337667,0.136470334,0,-0.35073728,-0.161201931,-0.011960952,1.14919E+18,F,M,bullying
0,0,0,0.038861582,0.056315102,0.004753662,0.07972639,0,0.125778615,-0.364743231,-0.034199115,1.05324E+18,,,noneBll
0,0,0,0.000166853,0.000137316,6.91E-05,0.000262064,7,0.554263514,-0.175001274,-0.442993458,1.17126E+18,,,noneBll
0,0,0,0.000139827,0.252797387,0.000496171,0.005705737,0,0.007385169,-0.201528717,0.348371533,1.16772E+18,,,noneBll
0,-0.02814375,0.00029375,0.000429477,0.023043432,0.072760256,0.555588277,0,-0.395591864,0.156194308,-0.101546568,1.03758E+18,,,noneBll
0,0,0,5.03E-05,0.000273333,5.94E-05,0.000648328,0,0.512975719,0.368973596,0.204850907,1.15022E+18,,,noneBll
0,-0.007696875,0.00610625,0.062567901,0.118575839,0.093944387,0.014212433,0,-0.41613254,-0.109253575,0.083975588,1.14091E+18,M,F,bullying
0,0,0,9.99E-05,0.052458966,0.000283645,0.036445857,0,0.214197923,-0.274226295,-0.089165788,1.08177E+18,,,noneBll
1,-0.043523958,0.000810417,0.002319382,0.177214622,0.008711398,0.181051102,0,-0.446331422,-0.146903307,0.060384397,1.12116E+18,,,noneBll
0,-0.034791667,0.00583125,0.000235618,0.002177195,0.013736953,0.048338816,0,-0.087563306,-0.318367032,0.043988446,1.03895E+18,,,noneBll
0,0,0,0.001081031,0.006051953,0.002722285,0.006018745,0,0.435714972,-0.268497685,-0.0773269,1.14709E+18,,,noneBll
1,-0.016615625,0.02813125,0.001936621,0.196252073,0.013391458,0.38905914,0,-0.287483959,0.364422279,-0.281622111,1.0263E+18,,,noneBll
0,-0.012122917,-0.002283333,0.003696935,0.356848176,0.159863813,0.250978689,0,-0.232252271,-0.34974806,0.267614844,1.05234E+18,,,noneBll
0,-0.000684375,-0.013483333,0.001071286,0.286657029,0.077194272,0.025471829,0,-0.294971048,-0.136294848,-0.015852067,1.06648E+18,,,noneBll
0,-0.000297917,0.000704167,0.003242118,0.312098774,0.012986898,0.31119784,0,-0.207136845,-0.061450137,0.113672905,1.15175E+18,,,noneBll
0,0,0,0.001010342,0.267926351,0.085925839,0.529458475,0,-0.289833864,0.06123575,-0.241507041,1.09221E+18,,,noneBll
0,0,0,0.000348008,0.000346666,0.001312661,0.000629486,1.166666667,0.408119137,-0.243565981,-0.085651432,1.11046E+18,,,noneBll
0,0,0,0.000619337,0.107477215,0.193979295,0.03660016,10.66666667,0.418794885,-0.00573531,0.024942325,1.15952E+18,,,noneBll
0,-0.049216667,0.002725,0.000119676,0.005192586,0.003949695,0.071461118,0,-0.008292556,-0.021065426,-0.001667372,1.14976E+18,,,noneBll
0,0,0,0.000331358,0.017298516,0.002093163,0.01627696,17,0.563055236,-0.225517751,-0.37969036,1.05557E+18,,,noneBll
0,-0.105979167,0.00624375,0.000671684,0.021796212,0.076648672,0.062030352,0,0.270673,0.530553361,0.197585186,1.18119E+18,,,noneBll
1,-0.165023958,0.012529167,0.002189205,0.446199458,0.04013764,0.016872764,0,-0.327945818,0.04928816,-0.018484745,1.05286E+18,,,noneBll
1,-0.035719792,0.008416667,0.000726692,0.455250543,0.029854434,0.20207054,15.16666667,0.251059712,-0.053629795,-0.318271408,1.10523E+18,,,noneBll
0,0.00196875,-0.00754375,0.190947702,0.11183349,0.003076487,0.032438871,0,-0.302412383,-0.174681491,-0.199726677,1.02054E+18,,,noneBll
0,0,0,0.00017104,0.596037287,0.000660118,0.466780684,0,-0.340913048,-0.120832008,0.024737696,1.16797E+18,F,F,bullying
0,-0.004444792,-7.71E-05,0.000316638,0.041870135,0.007989195,0.039393302,0,-0.194523426,0.291254377,-0.117720762,1.11028E+18,M,M,bullying
0,0,0,5.53E-05,9.47E-05,0.00012688,0.000219141,0,0.540973186,-0.257527169,-0.351501803,1.07377E+18,,,noneBll
1,-0.043711458,0.013814583,0.000672078,0.405939762,0.002099625,0.386158076,0,-0.371403686,-0.200251492,-0.030484867,1.17281E+18,,,noneBll
0,0.000314583,0.00044375,0.000837774,0.000881259,0.000227957,0.003428363,0,0.144833779,-0.257261941,-0.266494786,1.11865E+18,M,M,bullying
0,0,0,5.42E-05,0.000590792,5.89E-05,0.001298507,0,0.38555994,-0.177066884,-0.227865077,1.11628E+18,,,noneBll
0,0,0,0.000178339,0.001846754,0.016023789,0.006615727,5.833333333,0.37388465,-0.362486536,-0.277642346,1.12522E+18,,,noneBll
0,0,0,0.000125157,0.000659434,0.00058426,0.001256768,0,0.28757266,0.190589081,0.03538186,1.11331E+18,,,noneBll
0,-0.007930208,0.003627083,0.000332666,0.106676771,0.006755169,0.171744645,0,-0.23196141,-0.189007915,-0.06375371,1.05493E+18,,,noneBll
0,0,0,0.001226382,0.003074032,0.003475314,0.00458155,1.833333333,0.237883057,-0.346096566,0.460751822,1.14564E+18,,,noneBll
1,-0.083883333,0.0052625,4.24E-06,3.18E-05,2.05E-05,0.001102842,0,0.113337896,-0.290263402,0.14898651,1.16578E+18,,,noneBll
0,-0.038220833,0.002122917,0.002879935,0.011593292,0.003494707,0.009570732,0,0.119373562,-0.19807179,-0.00092967,1.05417E+18,F,M,bullying
0,0,0,0.000490552,0.012043435,0.013306167,0.048313975,1.333333333,0.093334707,0.192112574,-0.009019073,1.11318E+18,,,noneBll
3,-0.019044792,0.013683333,0.001319615,0.036737008,0.005444839,0.006447214,0,0.222743759,0.249450303,0.156858112,1.11583E+18,,,noneBll
0,0,0,0.002212127,0.146091935,0.077474689,0.428088987,0,-0.132594787,0.221368442,-0.104899424,1.13029E+18,,,noneBll
0,0,0,0.000218728,0.305003345,0.000776461,0.388027636,0,-0.114431836,0.055257865,-0.215716241,1.06105E+18,F,F,bullying
0,2.29E-05,2.71E-05,0.000161147,0.001819107,0.000678609,0.001463117,0,0.200144173,-0.225047044,0.042918741,1.17209E+18,,,noneBll
1,-0.012404167,0.002808333,0.001364674,0.288553826,0.010713901,0.136921701,0,-0.318493424,-0.307904276,0.155084203,1.1199E+18,F,M,bullying
0,0,0,0.005826278,0.177363217,0.021334865,0.147650065,0,0.149761294,-0.206506118,-0.067959881,1.04048E+18,,,noneBll
1,-0.046484375,0.025022917,0.04678899,0.058405491,0.021440957,0.344915903,0,-0.320301488,-0.258871627,0.177794704,1.02523E+18,M,M,bullying
0,0,0,0.006597734,0.115840087,0.024822283,0.095819279,0,0.204418073,-0.20824225,-0.119077956,1.03678E+18,M,M,bullying
0,0,0,3.41E-05,0.000592297,0.002122237,0.026375668,0,0.393543875,0.476248959,0.301545807,1.06733E+18,,,noneBll
0,0,0,0.000434281,0.067890729,0.0017389,0.093135216,0,-0.060281514,-0.152377574,0.025109618,1.02752E+18,,,noneBll
0,0,0,0.007930318,0.35637454,0.009850996,0.232904762,0,-0.370907037,-0.068246553,0.037300495,1.16185E+18,,,noneBll
0,-0.025288542,0.001495833,0.000154657,0.765080922,0.000294957,0.277854846,0,-0.258554409,-0.139322265,0.029511663,1.12406E+18,F,F,bullying
0,0.010871875,-0.025427083,0.001913289,0.081551127,0.12393774,0.425733482,0,-0.247974786,0.017563493,-0.142428626,1.15205E+18,,,noneBll
0,-0.099517708,0.0052875,8.51E-06,2.64E-05,3.40E-05,5.29E-05,0,0.097937563,-0.28808425,0.441018307,1.1764E+18,,,noneBll
0,0,0,0.000806817,0.728305233,0.00471346,0.270232465,0,-0.208661978,0.266645398,-0.172333416,1.1737E+18,M,M,bullying
0,6.25E-05,-0.00025,1.62E-05,0.040226273,0.000206223,0.0023043,0,0.194915663,-0.189128924,-0.105793462,1.17886E+18,,,noneBll
0,-0.002332292,-0.005222917,0.013042881,0.006528837,0.004222591,0.088123738,0,0.017676551,-0.352355507,0.493079752,9.48113E+17,,,noneBll
0,-0.006366667,0.000520833,0.000486096,0.114065212,0.006150994,0.035196475,0,-0.469878022,-0.05864445,-0.011346673,1.09E+18,M,M,bullying
0,-0.003735417,-0.000402083,0.000556485,0.000566158,0.000454607,0.000810547,9.333333333,0.118782029,-0.304852442,0.1126448,1.17388E+18,,,noneBll
0,0,0,6.91E-05,0.000267883,0.000241412,0.001015083,1.166666667,0.270139896,0.095048758,-0.085107619,1.08817E+18,,,noneBll
1,-0.141283333,0.009633333,0.002021375,0.286344105,0.005580813,0.236334544,0,-0.035492573,-0.156676812,-0.194484119,9.82976E+17,,,noneBll
0,0,0,8.34E-06,0.000316635,2.02E-05,0.0001345,0,0.496322675,-0.321531314,-0.401868097,1.10662E+18,,,noneBll
0,-0.0052625,0.002083333,0.000469511,0.143261819,0.005225337,0.014289071,0,-0.394493496,0.016389147,-0.063144298,1.09952E+18,,,noneBll
0,0,0,0.001830269,0.012522518,0.003476491,0.103191745,0,0.118594095,-0.062345007,-0.372408553,1.10089E+18,,,noneBll
0,-0.0068,0.006091667,0.002530829,0.024336797,0.010709567,0.011376721,96.5,-0.231129884,-0.256144888,-0.011762838,1.05421E+18,,,noneBll
0,0,0,0.00494307,0.284657925,0.003716817,0.12325821,0,-0.033708774,0.531300045,-0.085924269,1.05215E+18,F,F,bullying
0,0,0,0.123484479,0.209578065,0.133251967,0.106246112,0,0.275794015,-0.091343826,-0.17992126,1.14526E+18,,,noneBll
1,-0.053696875,-0.000547917,0.000369011,0.03992737,0.000938704,0.158298263,0,-0.39351409,0.277292367,-0.190215569,1.11974E+18,,,noneBll
0,5.31E-05,-0.00014375,0.001074966,0.48806887,0.0593291,0.06767341,0.5,-0.14211433,-0.212538629,0.188745824,1.01267E+18,,,noneBll
0,0,0,0.002711845,0.058729241,0.01267534,0.323060282,0,-0.181544613,-0.180508502,-0.042832342,1.08939E+18,M,M,bullying
0,-0.021128125,0.022345833,2.90E-05,0.000602219,0.000515758,0.000995741,0,-0.259700103,-0.213862288,0.225828109,1.02857E+18,,,noneBll
0,-0.010244792,-0.000195833,0.000152467,0.005649929,0.002297699,0.037461067,1.166666667,0.076224657,0.253998612,0.082249667,1.17128E+18,,,noneBll
0,-0.035416667,0.002083333,0.000224112,0.007856469,0.001018623,0.013913607,0,0.028886628,0.117381124,0.48231028,1.11725E+18,,,noneBll
0,0,0,4.13E-06,3.56E-05,1.98E-06,3.65E-05,0,0.407395747,-0.217953981,-0.220994844,1.16613E+18,,,noneBll
0,0.009116667,-0.001645833,0.000889886,0.029914146,0.01483618,0.192910256,0,-0.085694739,-0.241326735,0.18098668,1.00672E+18,,,noneBll
1,-0.0553875,0.011022917,0.000274215,0.427257359,0.000823891,0.581114787,0,-0.349882473,0.348588176,-0.191539849,1.08654E+18,F,F,bullying
0,-0.035533333,0.00188125,0.003106736,0.439701861,0.159950352,0.065208967,0,0.061134381,0.115691889,0.099187936,1.00971E+18,M,M,bullying
1,-0.030651042,0.005389583,0.000247918,0.012563563,0.000313373,0.009164295,0,-0.155836366,0.401361383,-0.18087911,1.17346E+18,,,noneBll
0,-0.000444792,-3.54E-05,0.00194764,0.153442663,0.026759678,0.076145449,0.666666667,-0.388967894,0.088680697,-0.022602937,1.16326E+18,F,F,bullying
1,-0.204334375,0.011758333,0.000712468,0.062071793,0.056427167,0.12914624,0,-0.180257698,-0.081881999,-0.074466222,1.06402E+18,,,noneBll
1,-0.005571875,-0.014064583,0.002436649,0.002754483,0.000652769,0.001209942,0,-0.376959845,-0.208167513,-0.033198568,1.08762E+18,F,M,bullying
0,0,0,0.000885868,0.195878076,0.001419942,0.81360943,0,-0.204304902,0.093961134,0.007342177,1.15646E+18,,,noneBll
1,-0.062185417,0.004083333,0.00262733,0.005491568,0.008432035,0.051575512,0,-0.070174668,-0.385247137,0.396237352,1.05931E+18,F,M,bullying
0,-0.131105208,0.003783333,0.000388494,0.011948297,0.007045735,0.034313024,0.666666667,-0.012411159,-0.368966707,0.481329429,1.10717E+18,,,noneBll
2,-0.116742708,0.006325,1.42E-05,0.004886373,4.50E-05,0.994328058,0,-0.076673718,0.281240943,-0.142136416,1.18107E+18,,,noneBll
0,0.000360417,-0.00188125,0.001603158,0.082315282,0.002228672,0.272500502,0,-0.347945556,-0.299464481,0.092457194,1.038E+18,,,noneBll
0,0,0,0.001689933,0.067624981,0.025145441,0.074511608,0,-0.233609165,-0.010609396,0.048840184,1.15464E+18,,,noneBll
0,0.003315625,-0.01304375,0.000711055,0.024407807,0.039778656,0.067029828,0,0.198414208,0.090326741,0.099757578,1.05889E+18,F,M,bullying
0,0,0,0.000428533,0.019082433,0.000646436,0.085227247,0,0.302892509,0.044183094,0.042660065,1.05433E+18,,,noneBll
0,-0.014266667,-0.003554167,8.21E-05,0.001607532,0.000213222,0.002043104,4.666666667,0.070132678,0.49659868,0.153796501,1.18149E+18,,,noneBll
1,4.38E-05,-0.008929167,0.000513625,0.024862603,0.002168486,0.002504847,0,-0.28819818,-0.122381461,0.207461949,1.14911E+18,,,noneBll
0,-0.026807292,0.003047917,0.000297857,0.075705348,0.003303596,0.018631355,0,0.314598642,0.349202625,0.307639563,1.11018E+18,,,noneBll
0,0,0,0.000946671,0.180173322,0.027321757,0.14927261,0,-0.011136391,0.052408983,-0.291182515,9.4915E+17,,,noneBll
0,1.04E-05,-4.17E-05,0.001189478,0.029633182,0.000944746,0.015992185,0,0.322344133,-0.283235733,-0.167876096,1.1703E+18,,,noneBll
0,0.001798958,-0.013510417,0.003188223,0.109229124,0.239851314,0.064648072,0,-0.215408106,0.059184023,-0.151824921,1.08861E+18,M,M,bullying
0,0,0,0.000386801,0.102517469,0.019510637,0.096240467,0,0.196813843,0.026290397,-0.01547364,1.13491E+18,,,noneBll
0,0.000671875,0.0002875,0.000126267,0.00257777,0.001431285,0.044049423,0,0.084939303,0.33639465,0.154125065,1.15201E+18,,,noneBll
0,0,0,0.011112629,0.001232511,0.058736379,0.001361329,32.83333333,0.545401642,-0.174588534,-0.370097438,1.15104E+18,,,noneBll
0,0,0,0.002721381,0.118342635,0.012438984,0.292810556,0,0.065413605,-0.399867219,0.40557084,1.12023E+18,,,noneBll
0,0,0,2.14E-05,0.000515876,1.43E-05,0.000172993,3,0.546412583,-0.245272026,-0.362095161,1.07456E+18,,,noneBll
0,-0.092830208,0.00530625,0.000397212,0.060114748,0.010718622,0.122320357,0,0.084141173,-0.305377177,0.400732132,1.15097E+18,,,noneBll
0,-0.000165625,2.71E-05,0.00037446,0.007509577,0.013752714,0.112116672,0,0.078253124,-0.17572238,-0.25909237,1.10463E+18,,,noneBll
0,0,0,0.000739247,0.046888325,0.031927591,0.007418201,0,0.075824931,-0.38923655,0.489687019,1.10762E+18,,,noneBll
1,-0.025639583,0.007952083,0.000453493,0.678475898,0.004633929,0.327147984,0,-0.042356247,0.122931679,-0.03518689,1.11807E+18,,,noneBll
0,-0.091354167,0.000558333,0.000111127,0.003040009,0.004184757,0.115080078,0,-0.175706391,0.380468572,-0.020294425,1.06216E+18,,,noneBll
1,-0.033195833,0.027216667,0.000121697,0.14650314,0.000557225,0.886717615,0,-0.123830037,0.466399906,-0.178056635,1.16509E+18,F,F,bullying
0,0,0,0.001066372,0.011693914,0.020510924,0.031327054,0,0.231530459,-0.340619898,0.527840472,1.1249E+18,,,noneBll
0,-0.008601042,0.0071625,0.000194633,0.179178746,0.001291046,0.237892656,0,0.138070247,-0.018943746,-0.243515329,1.04762E+18,,,noneBll
0,-3.44E-05,-0.0003875,0.002381481,0.402469501,0.109840724,0.226602266,0,-0.273172751,-0.11846883,0.042897514,1.16695E+18,,,noneBll
0,7.81E-05,-0.000233333,0.000463855,0.308592109,0.001602204,0.152995609,0,-0.22548822,-0.104778576,-0.142823783,1.159E+18,,,noneBll
0,0,0,4.93E-05,0.00051816,0.000155949,0.011659165,0,0.180924485,-0.254821481,0.300943406,1.06158E+18,,,noneBll
0,-0.000222917,-0.000120833,0.000112449,0.00436112,0.001463025,0.012260933,11.66666667,0.369087471,0.129117985,0.475721422,1.14161E+18,,,noneBll
0,0.000378125,-0.001258333,4.91E-05,0.001024672,3.99E-05,0.116499882,9.833333333,0.288835996,0.045404818,-0.100952981,1.03639E+18,F,F,bullying
0,0,0,0.000362647,0.003747632,0.001289706,0.01562511,0,-0.182087427,-0.148795068,0.091229174,1.13468E+18,,,noneBll
0,-0.019816667,0.00818125,0.001360385,0.011734908,0.001070208,0.087963603,0,-0.37392576,0.161913382,-0.085502412,1.11764E+18,,,noneBll
0,-0.001253125,-4.79E-05,0.001412559,0.016344898,0.173311177,0.028054481,0,0.153329764,0.143716306,0.119634697,1.16825E+18,,,noneBll
0,-0.035416667,0.002083333,9.35E-05,0.002583321,0.000555425,0.0612807,0,-0.034422622,-0.305992868,0.417125344,1.04668E+18,,,noneBll
0,-0.071705208,0.0112875,0.002172979,0.043795065,0.00674396,0.016484103,0,-0.400548844,-0.010155973,-0.11055565,1.10057E+18,,,noneBll
0,0,0,0.001563778,0.099205124,0.170233866,0.105645309,0,0.30055503,0.20626194,0.139180606,1.11393E+18,,,noneBll
0,0,0,0.000227291,0.021872286,0.004941079,0.073433988,56.66666667,0.554834006,-0.023933049,-0.278989438,1.08135E+18,,,noneBll
0,-0.002569792,-0.00324375,0.00060816,0.355843837,0.001654723,0.652754165,0,-0.374348541,-0.020165563,-0.074621867,1.17311E+18,,,noneBll
0,-0.044997917,-0.01108125,0.001569212,0.147745668,0.00723844,0.1813376,0,-0.437056649,-0.101203514,-0.023545936,9.58643E+17,,,noneBll
0,-0.0858375,0.00756875,0.001289799,0.060608989,0.01102967,0.465311813,0,-0.025151342,0.370604619,-0.162191298,1.14213E+18,,,noneBll
1,-0.051523958,0.004504167,0.001927422,0.158363155,0.008270204,0.456610753,0.666666667,-0.246971867,0.040978391,-0.066826178,1.02773E+18,M,M,bullying
0,0,0,0.000497731,0.170255533,0.005052128,0.627961094,0,-0.222794098,0.096698258,0.141147686,1.17334E+18,M,M,bullying
0,0.001209375,0.001202083,0.019524785,0.009443784,0.01222433,0.157392394,0,-0.174377862,0.173507144,-0.087495732,1.04697E+18,,,noneBll
0,-0.065511458,0.001360417,0.000253028,0.002509527,0.00244456,0.008980195,0,0.151885841,0.383677346,0.13190128,1.15135E+18,,,noneBll
0,0,0,0.043546649,0.145988381,0.006438308,0.079153692,0,0.018825639,-0.25748813,-0.017635131,1.06253E+18,,,noneBll
0,0,0,0.00016944,0.004514265,0.000139041,0.000782187,0.333333333,0.364780888,-0.314899756,-0.206308815,1.16158E+18,,,noneBll
0,-0.002157292,-0.000733333,0.000398353,0.178169107,0.011731838,0.111398712,0,0.08873758,-0.113873997,-0.189618123,9.88633E+17,M,F,bullying
0,0,0,0.009843624,0.575892715,0.041141767,0.133789497,0,-0.329262577,-0.073735364,-0.09827386,9.87302E+17,F,F,bullying
1,-0.015384375,0.000922917,0.000637463,0.066916885,0.010013638,0.030733131,0,-0.055576616,0.027238374,0.016750198,1.05344E+18,,,noneBll
0,-0.018466667,-0.000708333,0.00027015,0.024804404,0.06576592,0.044587278,0,-0.111446615,0.215203904,-0.153572015,1.04072E+18,F,M,bullying
0,0,0,4.01E-05,0.000139719,2.13E-05,0.000599345,51,0.460351854,0.406125084,0.360070081,1.12123E+18,,,noneBll
0,0,0,0.00025827,0.015416035,0.020291168,0.113262416,0,0.229082564,-0.065888832,-0.053594873,9.51265E+17,M,M,bullying
0,0,0,0.016309844,0.330093852,0.03043941,0.061512198,0,-0.319881639,-0.146113525,-0.145464001,1.13061E+18,,,noneBll
0,0,0,7.49E-05,0.001203412,0.000177205,0.000807292,0,0.35620116,0.013866576,-0.09263696,1.12309E+18,,,noneBll
0,0,0,0.000671718,0.121330517,0.011993612,0.21765786,0,0.147670368,-0.094601715,-0.006287488,1.17778E+18,,,noneBll
0,0,0,0.000349569,0.00768306,0.00194591,0.103539157,0,-0.000461694,-0.095071235,-0.001776995,1.14009E+18,,,noneBll
1,-0.121180208,-0.000160417,0.009221404,0.182522839,0.009957589,0.025354334,0,-0.33026382,0.047982578,-0.044522291,1.14886E+18,F,F,bullying
1,-0.043104167,0.002289583,0.000189788,0.020329955,0.001731323,0.002249426,0,0.104935506,0.339902681,0.021999964,1.15509E+18,M,M,bullying
0,-0.000229167,-2.08E-05,0.00030325,0.00778278,0.006959596,0.04672478,0,0.183981381,-0.378302092,0.090761812,1.18114E+18,,,noneBll
0,0,0,9.46E-05,0.000429523,0.000122039,0.000501407,0,0.426110291,0.043727896,-0.070372559,1.1796E+18,,,noneBll
0,-0.000353125,-0.015052083,0.000794339,0.023958452,0.004700086,0.006025076,0,-0.375107612,0.024204884,-0.142347591,1.05137E+18,,,noneBll
0,0.000195833,-0.000822917,0.00058781,0.184207452,0.002452578,0.06599789,0,0.011323599,-0.054923694,0.150576858,1.05351E+18,,,noneBll
0,-0.022335417,0.001283333,0.000345824,0.002532908,0.009793869,0.022216334,2,0.090199911,-0.262447381,0.491520333,1.16035E+18,,,noneBll
0,0,0,0.000419689,0.003045108,0.000300131,0.001719273,9.833333333,0.16216711,-0.093208128,-0.050873596,1.18064E+18,,,noneBll
0,-0.00390625,-0.005320833,0.000717424,0.064672455,0.003274047,0.097767203,0.666666667,-0.159935254,-0.092752481,-0.116208274,1.04882E+18,M,M,bullying
0,-0.003964583,0.000870833,0.017178613,0.141184006,0.101739894,0.097013837,0,-0.192007295,-0.323930159,-0.095842034,1.13763E+18,,,noneBll
0,0,0,0.000398656,0.009922077,0.002486058,0.051119563,0,-0.149774463,0.284374111,-0.11727893,1.08323E+18,,,noneBll
0,-0.00705,0.000816667,0.002627012,0.213362504,0.025528869,0.019602733,0,-0.090356825,0.084533085,0.150454709,1.05425E+18,F,M,bullying
1,-0.0553875,0.011022917,0.000274215,0.427257359,0.000823891,0.581114787,0,-0.349882473,0.348588176,-0.191539849,1.08654E+18,F,F,bullying
1,-0.008958333,0.00306875,4.72E-06,5.12E-05,0.006754809,0.001275442,0,0.230920773,0.207507299,0.172224825,1.07699E+18,M,M,bullying
1,0.016569792,-0.052827083,0.000307942,0.125884064,0.00272642,0.148558189,0,-0.411882356,0.099046381,-0.089392902,1.09563E+18,,,noneBll
1,-0.055292708,-0.011291667,0.00017053,0.005838643,0.013437824,0.004131532,0.666666667,0.003194816,0.384928562,-0.080721418,1.15676E+18,,,noneBll
0,-0.00391875,0.002779167,0.00049725,0.021316247,0.001020118,0.124912401,0,0.137467953,-0.151153157,-0.166090725,1.06179E+18,,,noneBll
0,0,0,0.001248999,0.134702343,0.138318782,0.02070959,0,0.102716708,-0.248409847,-0.054292024,1.12292E+18,M,M,bullying
0,0,0,1.54E-06,7.93E-07,1.25E-06,2.25E-06,0,0.443846992,-0.074081894,-0.244585387,1.04215E+18,,,noneBll
0,-0.002425,-0.000591667,0.005926948,0.013493551,0.003564175,0.145717191,0,-0.182527215,-0.124690759,0.237118186,1.02559E+18,,,noneBll
0,-0.021998958,-0.007358333,0.001036126,0.029863466,0.002555584,0.046033032,0,-0.222053051,-0.266079167,0.165271143,9.97367E+17,,,noneBll
0,0,0,7.33E-06,0.000186893,0.002067442,0.000562021,0,0.53753485,-0.247058745,-0.445858039,1.14329E+18,,,noneBll
0,-0.012866667,0.006539583,0.007192763,0.345293185,0.012656322,0.150688342,0,-0.32238977,-0.261866667,0.117362351,1.01446E+18,,,noneBll
0,0,0,0.000473255,0.827556328,0.001809455,0.162349399,0,-0.115553305,0.290048979,-0.031762038,1.1544E+18,,,noneBll
0,0,0,0.007824306,0.875980302,0.0035845,0.130311415,0,-0.005977311,0.078908898,0.029862544,1.12106E+18,,,noneBll
0,0,0,0.000609048,0.121340527,0.003799129,0.763305688,0,-0.11913732,0.134602713,-0.065502783,1.16174E+18,F,F,bullying
0,-0.001263542,-0.0027375,0.001277066,0.034773677,0.010030647,0.176277491,3.166666667,0.084376693,-0.293443834,0.516429931,1.1042E+18,,,noneBll
0,-0.003404167,-0.01030625,0.002472604,0.040789787,0.008885739,0.098922579,0,0.086705395,-0.018182897,-0.271073993,1.05382E+18,,,noneBll
0,0,0,4.22E-05,7.83E-05,0.001660501,0.000138231,236.1666667,0.413672871,0.324506061,0.248852681,1.02737E+18,F,M,bullying
1,-0.084973958,-0.016104167,0.000630082,0.04791029,0.001597514,0.47368489,0,0.391473372,-0.263359619,-0.425030458,1.15055E+18,,,noneBll
0,-0.098769792,0.0030125,0.000896388,0.190366385,0.00390566,0.545988693,0,-0.255996034,-0.18829528,0.182385541,1.04193E+18,,,noneBll
0,0,0,0.000509742,0.017308098,0.146578971,0.027124944,2.333333333,0.31416037,-0.125955786,0.499433538,1.02695E+18,,,noneBll
0,-2.08E-06,4.79E-05,0.00022995,0.016369521,0.014547859,0.025127144,11,0.193708677,0.008523205,-0.060080172,1.10847E+18,M,M,bullying
0,-0.002879167,0.0009625,0.004969652,0.231864902,0.123422887,0.080207267,0.333333333,0.050242008,-0.03207637,0.013232138,1.17098E+18,,,noneBll
1,-0.020053125,0.007604167,0.001040519,0.075010146,0.007754027,0.171190875,0,-0.122440559,0.446611432,0.027732789,1.16486E+18,,,noneBll
1,-0.037746875,-0.00155625,6.15E-05,0.002712314,0.000439887,0.086660257,0,0.056571011,-0.141828455,-0.123905516,1.1459E+18,,,noneBll
0,0,0,0.006877514,0.026430565,0.045968269,0.018413479,0,0.297677128,-0.265328941,-0.356705024,9.87883E+17,M,M,bullying
0,0,0,0.002550834,0.040255708,0.003315668,0.152562025,35.33333333,0.43295701,0.459215309,0.308821434,1.17167E+18,,,noneBll
1,-0.044704167,0.001027083,0.005670817,0.065717538,0.060666789,0.416498611,0,-0.42384486,-0.101916895,0.092173647,1.12378E+18,,,noneBll
0,0,0,0.052343093,0.09561746,0.008585136,0.508198033,0,-0.213496258,0.112165172,-0.038815238,1.03571E+18,,,noneBll
0,-0.001201042,0.002341667,0.000604773,0.230667307,0.002642787,0.45504352,0,-0.339756533,0.050252843,-0.031998875,1.12997E+18,,,noneBll
0,0,0,0.000544411,0.097386528,0.022499256,0.195944367,33.66666667,0.228686311,-0.230544305,0.439137997,1.12353E+18,,,noneBll
0,-0.03375,0.000883333,5.59E-05,0.032414816,0.003378579,0.008714835,0,0.282852745,-0.156406504,0.55759315,1.1279E+18,,,noneBll
1,-0.041935417,-0.004489583,0.000162847,0.151644687,0.000721457,0.629109823,0,-0.407433791,-0.028627469,0.044598698,1.14666E+18,,,noneBll
0,0,0,0.051239798,0.288559792,0.127154807,0.217157256,0,-0.050426049,-0.342283214,0.038954394,1.13692E+18,M,F,bullying
0,0,0,0.000534317,0.159053851,0.02759165,0.223521127,0,-0.338705422,-0.050257919,0.005932627,1.0553E+18,,,noneBll
0,-0.004998958,0.028141667,5.52E-05,0.017402167,9.44E-05,0.00455561,0,0.039814755,-0.152993799,-0.093171059,1.16551E+18,,,noneBll
0,0,0,8.63E-05,0.00398464,0.00088347,0.167393358,5.5,0.421250096,-0.144422741,-0.247324415,1.17047E+18,,,noneBll
1,-0.003878125,-0.0028125,0.000152473,0.000949627,0.000441795,0.006450253,0,-0.01436239,0.240610046,0.046888689,1.15456E+18,,,noneBll
0,-0.0990625,0.007783333,0.000418214,0.028452309,0.001440622,0.267684908,4.333333333,0.023729618,0.500374935,-0.045804024,1.11711E+18,,,noneBll
0,0,0,0.017811555,0.00629659,0.000671576,0.00886924,0,0.537406759,-0.283962241,-0.435999393,1.0252E+18,,,noneBll
0,-0.065089583,0.006920833,0.002158165,0.016852728,0.033501554,0.011531531,0,-0.214561249,-0.328835783,0.149425889,1.0959E+18,,,noneBll
0,0,0,2.90E-05,6.96E-05,6.73E-05,6.04E-05,0,0.287595224,-0.033094079,-0.221418439,1.07157E+18,M,M,bullying
1,-0.052297917,0.001458333,0.000754268,0.008120216,0.000765052,0.110998551,0,-0.244359992,-0.118755391,0.025088049,9.95815E+17,,,noneBll
0,-0.014245833,0.000585417,0.000319328,0.479553678,0.003650939,0.405929092,1,-0.33852215,-0.179428967,0.084875169,1.08041E+18,,,noneBll
0,0,0,0.000285897,0.001808189,0.001361148,0.006867742,0,0.330493138,-0.07272298,-0.153992279,9.91019E+17,,,noneBll
0,0.000215625,-0.001570833,4.02E-05,8.38E-05,2.09E-05,0.00025858,50.33333333,0.496231652,-0.119891093,-0.360105941,1.09755E+18,M,M,noneBll
0,0,0,0.000540711,0.180556961,0.000418327,0.003101955,0.833333333,-0.078825403,-0.080264277,0.126788564,1.03324E+18,M,M,noneBll
0,0,0,0.001531747,0.21357935,0.003477369,0.091714431,0,-0.189150738,-0.079810861,0.157448983,1.13402E+18,F,F,noneBll
0,-0.020594792,0.0074125,0.002859906,0.066069325,0.384289165,0.032617729,0,-0.170455324,-0.079289676,-0.021837959,1.00809E+18,M,M,bullying
0,0.002219792,-0.012335417,0.001191342,0.29820803,0.008274156,0.259024395,0,-0.331012668,0.319631157,-0.242877007,9.91891E+17,M,F,bullying
0,-0.005202083,-0.002191667,7.40E-05,0.052559868,0.000218564,0.007356067,46.33333333,0.396004323,0.461614209,0.315411181,1.18176E+18,M,M,noneBll
0,-0.005242708,0.003745833,0.001676347,0.040424234,0.005906373,0.150554571,0,-0.184803198,-0.040056629,-0.179265029,1.12514E+18,M,F,bullying
0,-0.001201042,0.002341667,0.000604773,0.230667307,0.002642787,0.45504352,0,-0.339756536,0.050249808,-0.032018524,1.12997E+18,F,F,noneBll
1,-0.061597917,0.009170833,0.00269953,0.126165535,0.004204039,0.335686297,0,-0.347037594,0.153520348,-0.128836858,1.05099E+18,M,F,bullying
0,-0.004910417,0.004214583,0.000282676,0.41998059,0.000523973,0.286285216,0,-0.270678085,-0.133470144,-0.065792236,1.17857E+18,M,M,noneBll
1,-0.111128125,0.005941667,0.000655764,0.460409438,0.002781481,0.247628818,0,-0.177577319,-0.310575859,0.202999259,1.12643E+18,F,M,bullying
1,-0.039169792,0.025533333,0.00238912,0.203753319,0.008385864,0.136615444,1.166666667,-0.292395767,0.147188909,-0.108961278,1.01187E+18,M,M,bullying
1,0.007766667,-0.00245,0.001563411,0.524811007,0.008726865,0.400533812,0,-0.348533631,-0.271387124,0.130129267,1.06254E+18,F,M,bullying
0,0,0,0.000231835,0.223892978,0.022378643,0.699670713,0,-0.365112645,0.032144082,-0.057349355,1.13823E+18,M,F,bullying
0,0.000219792,0.000185417,0.006250405,0.041147851,0.086183674,0.350748512,0,-0.076345246,-0.337256644,0.055131465,1.03171E+18,F,M,noneBll
0,-4.48E-05,-2.08E-05,0.00161052,0.029470938,0.037380316,0.320797083,0,0.118334363,-0.197150476,-0.231556645,1.16969E+18,M,M,bullying
0,0.021325,0.023477083,0.000883941,0.110465279,0.002149891,0.013874581,4.666666667,-0.164708669,-0.106605236,0.118743355,1.1559E+18,M,M,noneBll
0,-0.000115625,-9.58E-05,0.001449078,0.511670419,0.003926279,0.114961133,0,-0.183326866,-0.257397739,-0.029067336,1.11119E+18,F,F,noneBll
0,-0.043735417,0.000733333,0.000419008,0.193630703,0.003264252,0.078040814,0,-0.191846497,-0.362213767,0.240029278,9.51656E+17,M,M,noneBll
0,0,0,0.004797226,0.180224771,0.063864215,0.090666055,0,0.196833954,-0.347932126,-0.16841183,1.17431E+18,F,F,bullying
0,-0.006857292,0.000116667,0.020663905,0.114147733,0.00456316,0.130162096,0,-0.064580803,-0.063973646,0.023884822,1.13243E+18,M,F,noneBll
0,0,0,1.19E-05,7.94E-05,8.58E-05,8.24E-05,0,0.234807195,0.182709307,0.083814549,9.57021E+17,M,M,noneBll
0,0,0,0.000984186,0.153143647,0.00357898,0.041079561,0,0.052851561,0.258108484,-0.011699582,1.14322E+18,M,M,noneBll
1,0.001372917,-0.006910417,0.003028445,0.110230148,0.018868274,0.227099146,0,-0.383370628,-0.073062002,0.166689329,1.1609E+18,F,F,noneBll
0,-0.005217708,-0.000504167,0.009009019,0.167979386,0.011421082,0.481868434,0,-0.033362139,-0.361164308,0.032598576,1.05101E+18,M,M,noneBll
0,0,0,0.128401618,0.056822367,0.017451919,0.353813088,0,0.085255583,0.281129308,0.004117925,1.12419E+18,M,M,noneBll
0,-0.015946875,0.01959375,0.000350839,0.177073697,0.00085421,0.215417246,0,-0.15955757,-0.243660338,0.084760974,1.163E+18,M,M,noneBll
0,-0.017230208,0.006416667,0.003376171,0.19575506,0.041213735,0.070854686,0,-0.117925849,-0.363095594,0.438207283,9.85793E+17,M,M,noneBll
0,-0.08334375,0.003710417,0.002895281,0.550985448,0.006380066,0.034003516,0,-0.254583875,-0.336975055,0.365787959,1.05241E+18,F,F,noneBll
0,0,0,0.000118708,0.000725823,0.000309387,0.002106157,5,0.251486799,0.304712149,0.144096577,1.16363E+18,M,M,noneBll
1,-0.055001042,0.003808333,0.000114471,0.006099268,0.000955733,0.316135038,0.833333333,-0.066838636,0.582775859,-0.065286509,1.10059E+18,F,F,noneBll
0,-0.030494792,0.001716667,0.001319757,0.058941328,0.001329332,0.271600721,0,0.196369695,-0.380035175,-0.006494123,1.08267E+18,M,M,bullying
0,0,0,0.00386188,0.515779313,0.032015566,0.089836844,0,-0.250906592,-0.217307738,0.301342393,1.16139E+18,,,noneBll
1,-0.001170833,-0.00559375,8.92E-05,0.00243507,0.000415658,0.001511711,0,0.04512894,0.016371083,0.06689086,1.02051E+18,,,noneBll
0,-0.051061458,0.000852083,0.01178096,0.156458305,0.0033106,0.4594413,0,-0.379599303,0.004193048,-0.142055804,1.10715E+18,,,noneBll
0,0,0,0.024372145,0.487656527,0.032339591,0.304328343,0,-0.453697151,0.128108125,-0.205298237,9.58401E+17,F,F,bullying
1,-0.056088542,0.018204167,0.001212805,0.013478118,0.01598638,0.022931429,0,0.048406933,-0.152477395,-0.20239748,1.15959E+18,M,M,bullying
0,0,0,0.000977705,0.302958325,0.003275944,0.094627648,0,-0.076180598,0.115466518,0.047584105,1.16258E+18,,,noneBll
1,-0.014171875,0.00260625,0.002002097,0.358570612,0.003050178,0.009572557,0,-0.280251249,-0.287962542,0.129538362,1.05894E+18,,,noneBll
0,-0.011214583,-0.005979167,0.000582398,0.071084825,0.002635384,0.054679012,0,-0.086599713,0.142760035,-0.002008421,1.09301E+18,,,noneBll
0,-0.005710417,-0.002152083,0.000482677,0.967279808,0.004952762,0.028686396,0,-0.276214075,-0.301191576,0.170464115,1.18032E+18,,,noneBll
0,-0.020533333,0.000397917,0.003618633,0.090038623,0.003235798,0.030655927,0,0.031124302,0.102236715,0.258675143,1.0575E+18,,,noneBll
0,-0.008721875,0.008252083,0.003330939,0.413701631,0.003687161,0.117524791,3,-0.117886684,0.198576549,-0.064060254,1.05387E+18,,,noneBll
2,-0.184314583,0.009370833,0.000524858,0.00796304,0.091048763,0.095616101,0,-0.051877099,-0.335228848,0.15621734,1.10317E+18,,,noneBll
0,-0.000183333,-0.00014375,0.001668532,0.129141321,0.075681654,0.239349838,0,0.17820824,0.186262363,0.094417829,1.15784E+18,,,noneBll
0,0,0,8.23E-06,9.39E-06,2.05E-05,7.27E-06,95,0.481941258,0.387628816,0.288225369,1.16729E+18,,,noneBll
1,-0.049773958,0.007372917,0.000209231,0.066913528,0.004472549,0.074127939,0,-0.023251147,0.371794941,-0.185562092,1.16253E+18,,,noneBll
1,-0.068395833,0.006785417,0.000445785,0.209092565,0.0011656,0.385678238,0,-0.29721096,0.322997872,-0.17779722,1.05828E+18,M,F,bullying
0,-0.064678125,0.000322917,0.000100842,0.005643603,0.000476691,0.020138466,0,-0.32764919,-0.210799151,0.18870471,1.13198E+18,,,noneBll
0,0,0,0.000103928,0.000185751,0.000399472,0.000115628,10.16666667,0.525025248,-0.225331187,-0.404056701,1.0524E+18,,,noneBll
0,-0.015513542,0.014497917,0.001855128,0.09788766,0.022928423,0.260734407,0,-0.304834173,-0.189620736,-0.138422689,1.04594E+18,,,noneBll
0,-0.034602083,0.000302083,0.000128118,0.000475819,0.000748121,0.001578721,0.5,-0.033517447,-0.072919304,-0.132644482,1.16265E+18,,,noneBll
0,0.000617708,0.000647917,0.000517739,0.052676307,0.00077717,0.002681401,16.16666667,0.278751842,0.064222159,0.116741068,1.1543E+18,,,noneBll
0,0,0,6.65E-05,0.000293204,0.000269465,0.000299409,0,0.38124051,-0.045650433,0.014948362,1.15384E+18,,,noneBll
0,0,0,0.000125501,0.814322358,0.000299918,0.220898365,0,-0.026100994,0.217803125,-0.237002804,9.44714E+17,F,F,noneBll
0,-0.015607292,0.004891667,0.000707035,0.18430223,0.006217364,0.166954226,0,0.029010297,-0.047577431,0.014819632,1.16916E+18,,,noneBll
0,0,0,2.85E-05,5.59E-06,6.52E-05,2.62E-06,0,0.407260312,0.315949575,0.244387274,1.15281E+18,F,M,bullying
0,0,0,0.000203285,0.000527654,0.041744135,0.001314357,0,0.078158402,0.147102743,-0.222554689,1.13291E+18,,,noneBll
0,0,0,0.001703282,0.005990613,0.001613321,0.021778739,0,0.146402541,-0.32242946,0.217475091,1.02681E+18,,,noneBll
1,-0.124739583,0.0051125,0.002383383,0.080241245,0.00287591,0.712196745,0,-0.149525838,0.05374124,-0.204464639,1.10857E+18,,,noneBll
1,-0.014869792,-0.007083333,0.00717802,0.046090513,0.016874698,0.16785173,0,-0.303047098,-0.21728866,0.125791888,1.0107E+18,,,noneBll
1,-0.02898125,0.023683333,0.001064585,0.066936272,0.001903462,0.026281976,0,-0.169283626,-0.337149003,-0.073685928,1.0658E+18,,,noneBll
1,-0.047715625,0.005616667,6.08E-05,0.000992117,0.000698456,0.007579511,6,-0.016396636,0.194201188,-0.04189024,1.16177E+18,,,noneBll
0,-0.034414583,0.001983333,0.000750363,0.014040268,0.000369885,0.216589662,0,0.207481534,-0.279797309,-0.232444765,1.17485E+18,,,noneBll
1,-0.03715625,0.00278125,0.000232258,0.004415839,0.000377465,0.001012454,4.333333333,0.145641325,-0.273091842,0.472809871,1.09092E+18,,,noneBll
1,-0.161827083,0.014377083,0.000317936,0.035464108,0.00275777,0.01738292,0,-0.319049717,-0.085190862,-0.170230518,1.15142E+18,F,F,bullying
0,-0.031444792,0.000204167,0.000929425,0.104726112,0.061727258,0.426595963,0,-0.327281071,0.020905016,-0.066999934,1.09768E+18,F,M,bullying
0,-0.007026042,0.002416667,0.000698898,0.104166816,0.001424442,0.071861295,6.5,0.154323261,0.285160459,0.318836209,1.0836E+18,,,noneBll
1,-0.201314583,0.016325,0.000722387,0.082440479,0.009296234,0.059806504,0,-0.142754044,0.438517625,-0.171604864,1.14546E+18,,,noneBll
0,-0.02031875,0.004845833,0.010611789,0.07808089,0.026276954,0.088784271,0,-0.084904461,-0.107887865,-0.094464377,1.04987E+18,,,noneBll
0,-0.0380375,0.003829167,0.000215755,0.063410713,0.027483242,0.056564034,8.666666667,0.038845946,0.496111888,0.137253354,1.08936E+18,,,noneBll
0,-0.000173958,-0.000870833,0.006190228,0.074111606,0.071313467,0.152496119,0,-0.017907473,-0.15746291,0.32286226,1.14094E+18,,,noneBll
0,-0.083070833,0.004360417,0.001818029,0.083181641,0.027013071,0.314367047,0,-0.086700807,0.188725552,-0.162760639,1.16833E+18,,,noneBll
1,0.022552083,0.040197917,0.000166232,0.007839887,0.000693775,0.060815101,0,0.133364526,-0.32759708,0.484640112,1.00378E+18,M,M,bullying
1,-0.006610417,0.000991667,0.002000189,0.216637016,0.013894131,0.383073982,0,-0.408257858,0.182609462,-0.12099713,1.07998E+18,M,F,bullying
0,0,0,0.012279079,0.76747953,0.003192266,0.243158009,0,-0.291007668,0.151562758,-0.161840183,1.08788E+18,,,noneBll
0,-0.033378125,0.00190625,0.000118431,0.003490206,0.000380346,0.003898594,11.83333333,0.387439228,-0.007904176,-0.244181626,1.17751E+18,,,noneBll
0,0,0,5.31E-05,0.001023289,0.000459866,0.134869775,0,0.013728103,-0.261837658,0.468717767,1.16835E+18,,,noneBll
0,0,0,0.000773887,0.309545653,0.015385829,0.3120212,0,-0.143955101,0.440001447,-0.156882985,1.15757E+18,,,noneBll
0,0,0,0.000206464,0.559100354,0.004208405,0.110475657,0,-0.151610344,-0.136436553,-0.02287013,1.16198E+18,,,noneBll
0,-0.141666667,0.008333333,0.000264945,0.003701364,0.001483669,0.006954473,0,-0.311567727,0.213997231,-0.255092766,9.9904E+17,M,F,bullying
0,-0.033317708,0.001933333,0.002470309,0.03132678,0.213064453,0.077911574,0,0.088103315,-0.32708353,0.020945975,1.10424E+18,,,noneBll
0,0,0,0.000306642,0.0452889,0.002378855,0.224594005,0,0.3933656,0.180857549,0.084029142,1.17517E+18,,,noneBll
1,-0.004432292,0.004185417,0.000584232,0.315276852,0.002213377,0.525214252,0,-0.366433759,0.110759687,-0.014406407,1.06912E+18,M,M,bullying
1,0.00091875,-0.016766667,0.000273723,0.04795812,0.001570702,0.197292817,6.666666667,-0.133623637,-0.041589819,-0.037527492,1.06286E+18,F,M,bullying
0,0,0,7.55E-05,0.00058808,7.59E-05,0.006776752,4.166666667,0.421369625,0.025917291,-0.143994648,1.07917E+18,,,noneBll
0,0,0,1.15E-05,0.002086524,0.00013942,0.007151743,1.666666667,0.337548612,0.19913364,0.216449654,1.07003E+18,,,noneBll
1,0.042422917,0.030579167,0.006534809,0.257178534,0.007855578,0.769504867,0,-0.431012925,0.287723187,-0.225142885,1.02093E+18,,,noneBll
0,0.000297917,-0.000289583,0.000299465,0.04365512,0.002228478,0.113038364,2.333333333,0.041446243,0.195239148,0.164894413,1.16867E+18,,,noneBll
0,0,0,0.067361894,0.269599898,0.01359309,0.03247225,0,-0.282969036,-0.298564944,0.020700591,1.05124E+18,,,noneBll
0,-0.006852083,0.0001625,0.000176003,0.038891976,0.00128229,0.084823757,0,-0.031493557,0.228255974,0.15550226,1.02091E+18,,,noneBll
1,-0.156495833,0.006197917,3.15E-05,0.006423326,0.000322402,0.054122756,1.666666667,-0.398049205,0.041061347,-0.128634654,1.07045E+18,M,M,bullying
1,0.015311458,-0.005260417,0.000184338,0.03832943,0.003509597,0.030445905,0,-0.222410255,-0.090288602,0.089874116,1.16949E+18,,,noneBll
0,-0.063577083,0.003720833,0.000137225,0.001459077,0.00046239,0.001929096,0,-0.120657691,-0.256474675,0.305030975,1.01867E+18,,,noneBll
0,-0.000620833,-0.000466667,0.000817301,0.010477066,0.031396325,0.059812231,3,0.15856046,0.177753035,0.355493096,1.17747E+18,,,noneBll
0,0,0,0.00403524,0.576265723,0.055366811,0.265031288,0,-0.265098347,0.117821785,0.03029842,1.12512E+18,,,noneBll
0,2.19E-05,-0.000122917,0.00010639,0.007770496,0.001165856,0.034533512,43,0.242439337,0.163604161,0.079762416,1.14436E+18,,,noneBll
0,0,0,0.000217727,0.000729052,0.00013228,0.000724208,0,0.525943976,-0.256580942,-0.399805277,1.14779E+18,,,noneBll
0,-0.018628125,-0.00151875,0.335042341,0.058750265,0.015177724,0.087582574,0,0.240251644,-0.283172953,-0.304073522,1.07119E+18,,,noneBll
0,0,0,4.29E-05,0.000253614,0.000314859,0.000610983,0,0.221988609,-0.334157598,0.485218849,1.16917E+18,,,noneBll
0,0,0,7.15E-05,0.001632392,0.000397127,0.0099038,0,0.233818276,-0.104173451,-0.354176591,1.111E+18,,,noneBll
0,-0.014727083,-0.000539583,0.000435018,0.096945499,0.003625362,0.007126074,3.166666667,0.096785169,-0.143981004,0.381361324,1.15018E+18,,,noneBll
0,0,0,4.36E-05,0.000924556,0.000109227,0.000788143,6,0.411946041,0.332231375,0.241295254,1.09662E+18,,,noneBll
0,0,0,0.004734629,0.058853529,0.001245778,0.059859618,0,0.301977123,-0.225371521,-0.306013321,1.06541E+18,,,noneBll
0,0,0,0.029404535,0.312847485,0.001935266,0.414828479,0,0.213759777,0.093025394,-0.019344779,1.14697E+18,,,noneBll
0,-0.026314583,0.00028125,0.000289862,0.00763274,0.000821598,0.005366081,0,-0.369980453,0.305834257,-0.229416119,1.10677E+18,F,F,bullying
1,-0.082010417,0.013545833,0.000125628,0.005516185,0.000411707,0.005485594,0,0.139033382,-0.339275672,0.020688992,1.15781E+18,,,noneBll
0,-0.010144792,0.00484375,0.003763519,0.079560946,0.053119222,0.084245308,0,-0.220817677,-0.161379837,-0.025882549,1.00168E+18,,,noneBll
0,0,0,3.79E-05,0.001058132,6.81E-05,0.004591394,36,0.46935689,0.458546422,0.339406819,1.16216E+18,,,noneBll
0,0.00938125,-0.002960417,0.000103538,0.004778795,0.000570662,0.074283825,12.16666667,-0.036828404,0.446970765,-0.086751714,1.16517E+18,,,noneBll
0,0,0,0.000224087,0.008091417,0.009907407,0.126328807,0,0.263273148,-0.209944499,-0.048289994,1.00713E+18,,,noneBll
0,-0.010575,0.0053125,0.000194713,0.040777274,0.079535733,0.012260676,11.5,0.440466322,-0.225819209,-0.258609377,1.04444E+18,,,noneBll
0,0,0,0.011204275,0.185366048,0.012106312,0.328149559,0,0.040925041,-0.101912292,-0.211746775,1.08959E+18,,,noneBll
0,-0.040546875,0.03363125,0.000179853,0.78871466,0.000227841,0.240296434,0,-0.365341072,-0.107636787,-0.087751323,1.15754E+18,F,F,bullying
0,0.008716667,-0.033352083,0.130689451,0.163417193,0.013873769,0.155012396,5.333333333,0.097671732,0.249727161,0.161159087,1.08809E+18,,,noneBll
0,0,0,1.48E-05,2.24E-05,2.66E-05,1.82E-05,2.833333333,0.49975365,0.110519174,0.106307301,1.17387E+18,,,noneBll
0,0.000323958,0.00646875,0.000250757,0.059358416,0.004386507,0.462820985,0,-0.044136213,-0.088040192,0.18497296,1.08499E+18,,,noneBll
0,0,0,0.006086481,0.053441775,0.003235358,0.256133767,0,0.311397057,-0.126622235,-0.25245337,1.13749E+18,,,noneBll
0,0,0,0.015643612,0.047343917,0.009790507,0.029596966,2,0.075841617,-0.290564477,0.017422465,1.16586E+18,,,noneBll
1,-0.0081875,0.004404167,8.01E-05,0.001109054,9.10E-05,0.031506907,0,-0.107276572,-0.05682732,-0.244193059,1.1078E+18,F,M,bullying
0,-0.031138542,0.010202083,0.000131456,0.330218438,0.000272135,0.64067567,0,-0.333787699,-0.018927241,-0.132753142,1.12019E+18,M,M,bullying
0,0,0,0.0005262,0.143445824,0.000887187,0.852578737,0,-0.095132853,0.167023146,-0.115566557,1.1042E+18,F,F,bullying
0,-0.001777083,0.00036875,0.158525846,0.131712243,0.004796242,0.068254814,5.333333333,0.040588478,-0.33320155,-0.071296793,1.14625E+18,M,M,bullying
0,0,0,0.00016364,0.000764105,0.000327813,0.001314381,0,0.213212826,0.4593502,0.21504728,1.01617E+18,,,noneBll
1,-0.009505208,-0.010358333,0.010009598,0.335634641,0.008708597,0.390302918,0,-0.388345003,0.121870219,-0.119319945,1.13754E+18,F,F,bullying
0,-0.011055208,0.001852083,0.000982571,0.192414444,0.004383529,0.322981786,0,-0.232608099,0.39695859,-0.238675822,1.1064E+18,,,noneBll
1,-0.026147917,0.021258333,0.000927086,0.003945779,0.005637078,0.001665783,0,-0.416260524,-0.050246554,-0.097704981,1.13143E+18,M,M,bullying
0,0,0,6.19E-05,0.006229215,0.024063883,0.027053132,0,0.295219357,0.02226805,0.598883779,1.1701E+18,,,noneBll
0,0,0,0.000101055,0.405514078,0.000269255,0.689099423,0,0.065527634,0.249139041,-0.118268931,1.07772E+18,M,F,bullying
0,0.001914583,5.83E-05,0.053078959,0.32912265,0.024267605,0.51132918,0,-0.387481878,0.249776905,-0.134094285,1.0842E+18,,,noneBll
0,-0.036948958,0.002629167,0.000494977,0.17389631,0.03060037,0.046308701,0,-0.383318639,-0.288168724,0.093487938,1.02561E+18,F,M,bullying
0,0,0,7.45E-05,0.001287937,9.70E-05,0.001117587,0,0.235648697,-0.015137079,-0.306098601,1.06621E+18,,,noneBll
0,0,0,0.000499876,0.022370574,0.003168097,0.147686193,2.333333333,-0.06594824,-0.273271638,0.490519042,1.06698E+18,M,M,bullying
0,-0.072326042,0.008416667,0.085916192,0.624698207,0.063892759,0.156230547,0,-0.141984385,0.01978146,-0.166694598,1.16183E+18,,,noneBll
0,-0.003294792,-0.0038125,0.000767252,0.301997008,0.003337149,0.318962234,0,-0.343991628,-0.24649615,0.060888261,1.09409E+18,,,noneBll
0,-0.081358333,0.04010625,0.093127625,0.10170809,0.028618408,0.035706873,0,-0.318509717,0.114680815,-0.190419371,1.00349E+18,F,F,bullying
0,0.003145833,-0.00245,5.95E-05,0.00670126,0.000395026,0.002310051,4.666666667,0.378854693,-0.088150288,-0.083939513,1.01901E+18,,,noneBll
1,-0.081098958,0.01779375,0.000493366,0.015816147,0.005281004,0.011635396,0,-0.079455516,0.282109279,6.77E-05,1.17305E+18,M,M,bullying
1,-0.06751875,0.021145833,0.00040279,0.011540617,0.091005768,0.083702767,0,-0.03103227,0.571687397,-0.075681848,1.10678E+18,,,noneBll
0,0.001738542,-0.00398125,0.000389021,0.044167475,0.002315316,0.105962092,0,-0.108572212,-0.319339232,0.427064448,1.16839E+18,,,noneBll
0,0,0,0.00149478,0.138991686,0.002757921,0.419759275,0,0.042799432,0.095904079,-0.294513464,1.00529E+18,,,noneBll
1,-0.137247917,0.0057875,0.000732502,0.655878641,0.000646857,0.044061468,0,-0.384887859,-0.135277789,-0.002867635,1.10286E+18,M,M,bullying
0,0,0,9.18E-05,0.000807026,0.004020127,0.023688673,0,0.128371781,-0.378077771,0.506127167,1.17203E+18,,,noneBll
0,0,0,0.001048584,0.119942397,0.039381907,0.074093118,0,-0.179976478,-0.249365148,0.160356319,1.03536E+18,,,noneBll
0,0,0,1.11E-05,1.83E-05,5.10E-06,4.45E-06,0,0.295661711,0.193507614,0.149452454,1.04158E+18,,,noneBll
0,0,0,6.90E-05,0.068533339,0.000103743,0.001472468,0,-0.11157454,-0.183359151,-0.117063827,1.03828E+18,,,noneBll
0,-0.00126875,0.000195833,0.000217451,0.010972952,0.003240774,0.15808699,0,0.170982824,0.288000742,0.439740928,1.15312E+18,,,noneBll
1,-0.008523958,-0.001775,0.004232532,0.07335213,0.003852172,0.243842448,0,-0.241172539,-0.219252892,0.091862841,1.17419E+18,,,noneBll
0,0,0,0.001204376,0.001217725,0.000246558,0.072611893,0,0.218662583,-0.248361441,-0.294258907,1.13255E+18,,,noneBll
2,-0.149920833,0.008366667,0.000122679,0.048430869,0.001937139,0.023060978,0.333333333,0.075137467,0.318912848,-0.041710497,1.1615E+18,,,noneBll
1,-0.148446875,0.012572917,0.050842755,0.382972472,0.033667282,0.390798359,0,-0.336503563,0.208963543,-0.05536111,1.01986E+18,,,noneBll
0,0.007430208,0.015954167,0.001639318,0.161777121,0.029987608,0.329173364,0,-0.258413998,0.212071774,-0.027374079,1.06546E+18,,,noneBll
0,-0.000371875,-0.000739583,0.000149203,0.028675665,0.022764438,0.019423182,0,0.012937679,0.451814505,0.109847475,1.13906E+18,,,noneBll
1,-0.040371875,-0.02311875,0.000221541,0.059243415,0.001015967,0.343203236,0,-0.428618179,-0.040647093,-0.046489422,1.05898E+18,,,noneBll
1,-0.140970833,0.019408333,0.000711373,0.036480436,0.001434417,0.088632638,0,-0.15617822,0.396401764,-0.190611761,1.16699E+18,,,noneBll
0,-0.002146875,0.000129167,0.000735029,0.009017747,0.010474999,0.01152189,0,0.044339038,0.016039487,-0.203388425,1.13646E+18,,,noneBll
0,0,0,0.00087675,0.352594925,0.001479541,0.577032942,0,-0.203906829,0.216944406,-0.048229227,1.01405E+18,F,F,bullying
0,0.008726042,0.004408333,0.111397329,0.051479569,0.003740193,0.161734309,0,-0.256776382,-0.307687032,0.162572371,1.1311E+18,,,noneBll
0,-0.017164583,0.007289583,0.012763873,0.211084695,0.020108812,0.177052386,1.833333333,-0.33567127,-0.107688239,0.088011088,1.01735E+18,,,noneBll
0,0,0,0.000701003,0.002494992,0.002094571,0.021931762,1.166666667,0.586397801,-0.185194214,-0.416524837,1.17422E+18,,,noneBll
0,-0.001683333,0.00136875,0.005239113,0.053906891,0.03417573,0.205306766,0,-0.017361914,-0.075769792,-0.274092855,1.10018E+18,,,noneBll
0,-0.070797917,0.004164583,0.004708913,0.129106214,0.031422988,0.03943387,0,0.049934408,-0.178487712,-0.008900635,1.07591E+18,,,noneBll
0,-0.005464583,-0.000954167,0.00059099,0.010960659,0.00419012,0.036973534,0,0.042121618,0.318326146,-0.193691323,1.12158E+18,,,noneBll
0,2.71E-05,-0.000247917,0.000810869,0.021013346,0.006599579,0.035964034,0.5,-0.184032695,-0.288175215,0.274454866,1.05677E+18,,,noneBll
0,0,0,0.000494541,0.002288094,0.000885059,0.029415145,0.333333333,0.523535623,-0.198343779,-0.403175306,1.15717E+18,,,noneBll
0,0.01665625,0.0179,9.53E-05,0.166159795,0.001032659,0.002308567,9.333333333,0.02414155,0.40685082,0.237006952,1.17859E+18,,,noneBll
0,0,0,1.51E-05,3.65E-05,3.12E-05,0.000141194,0,0.623172994,-0.056379485,-0.280450507,1.1285E+18,,,noneBll
0,-0.028151042,0.003508333,0.000705225,0.053701973,0.002015922,0.327980119,0,0.244112656,0.038960563,-0.139903232,1.16226E+18,,,noneBll
1,-0.068595833,0.00334375,0.000664808,0.060163992,0.02660403,0.204541392,29.83333333,0.005945764,0.085001868,-0.154803408,1.05538E+18,M,M,bullying
0,0,0,0.00028727,0.015584792,0.000390399,0.139397468,0,0.210161288,0.248142462,0.09578279,1.17591E+18,,,noneBll
1,-0.004946875,-0.00693125,0.00079002,0.128527967,0.003550335,0.073526589,0,-0.133812233,-0.269904596,0.030341338,1.17271E+18,,,noneBll
0,0,0,0.001633186,0.00955952,0.006810934,0.042371262,0,0.282630319,-0.258523985,-0.131832054,1.1076E+18,M,M,bullying
0,0,0,0.001208799,0.063442867,0.007385909,0.063393672,0,0.129432842,0.018678567,0.027550953,1.12716E+18,,,noneBll
0,0,0,0.000645467,0.036407713,0.002587247,0.136821439,0,0.279043347,0.263450755,0.333791639,1.0082E+18,M,M,bullying
0,-0.040608333,0.006808333,0.092717121,0.348405025,0.062308902,0.179065425,0,-0.399640479,-0.082080093,-0.131229627,1.08068E+18,M,M,bullying
0,0.001922917,-0.003260417,0.003913081,0.119513423,0.041327723,0.035514237,0,-0.35921924,-0.163468371,-0.008379647,1.01574E+18,,,noneBll
2,-0.188863542,0.003608333,0.000139397,0.035624645,0.001112643,0.81686979,0,-0.216851932,-0.161300413,-0.074997914,1.05489E+18,M,F,bullying
1,-0.07334375,0.00969375,0.000741795,0.321026108,0.005439184,0.410226772,0,-0.292568799,-0.028693309,-0.145477368,1.15244E+18,,,noneBll
0,-0.027192708,0.001560417,0.000411194,0.17515881,0.004576684,0.020733425,0,-0.445366145,0.17524279,-0.203914434,1.17858E+18,M,F,bullying
0,-0.001561458,0.015720833,0.025333854,0.080615165,0.041558034,0.07422519,2.166666667,-0.097376869,-0.114262077,0.201534461,1.07458E+18,M,M,bullying
0,-0.079833333,0.008158333,0.00119961,0.083339824,0.002522347,0.224555639,0,-0.329545434,-0.243527843,-0.010827666,1.03064E+18,,,noneBll
0,-0.029102083,-0.009814583,0.00122776,0.053682237,0.005959883,0.043182595,28,-0.317626453,0.222199426,-0.044463292,1.16356E+18,,,noneBll
0,0,0,0.07219269,0.45851431,0.005206605,0.010499629,0,0.200639554,0.048627731,-0.125314951,1.02556E+18,M,M,bullying
0,-0.026484375,0.02281875,0.001412307,0.181777358,0.036449626,0.211469843,0,-0.435919488,-0.067442145,-0.167543599,1.10965E+18,,,noneBll
0,-0.037438542,0.00215625,0.000262315,0.148874391,0.0007456,0.064592667,0,-0.299283229,-0.256477177,0.128971829,1.0783E+18,,,noneBll
0,0,0,3.44E-05,0.00013511,1.24E-05,0.007148974,4.833333333,0.579417707,-0.257365058,-0.455932855,1.13391E+18,,,noneBll
0,-0.051089583,0.004116667,0.037341262,0.068063783,0.168988909,0.154767332,0,-0.054001902,0.05204671,-0.139556529,1.08536E+18,,,noneBll
0,0,0,0.014435899,0.021491828,0.143877358,0.029249325,0,-0.375350413,-0.022988378,0.061253049,1.0123E+18,,,noneBll
0,0,0,6.46E-05,0.000217992,0.000429301,0.000220846,0,0.233941146,0.074379772,0.03749959,1.15057E+18,,,noneBll
0,0,0,0.001059272,0.031319629,0.000476047,0.007606721,0,0.0133291,-0.056211316,-0.030338295,1.10119E+18,,,noneBll
0,0,0,0.00663644,0.056175519,0.002858247,0.214982381,1,0.081175567,-0.36195736,0.054332468,1.07156E+18,F,M,bullying
1,0.004901042,-0.0446375,0.000434497,0.288904237,0.001361936,0.176394141,0,-0.372353789,-0.161206898,0.08528353,1.0209E+18,,,noneBll
0,0,0,0.233898265,0.004601863,0.002331706,0.200573925,14.16666667,-0.064805419,-0.043403459,-0.075289125,1.11995E+18,,,noneBll
0,0,0,0.000361815,0.0417444,0.001322469,0.156504907,0.333333333,0.03890969,-0.20686483,-0.038907536,9.73454E+17,,,noneBll
0,0.011116667,0.013958333,0.001417286,0.031682511,0.001489327,0.054365593,0,0.156524112,-0.193507118,0.536310019,1.17487E+18,,,noneBll
1,-0.069952083,0.001339583,0.000262258,0.519119877,0.001981648,0.038669151,0,-0.161663185,0.039687176,-0.084232297,1.1045E+18,F,M,bullying
0,0.007783333,0.001697917,0.001036471,0.050373132,0.007697663,0.112372092,0.166666667,-0.362813295,0.088528565,-0.140781587,1.13013E+18,,,noneBll
1,0.002253125,-0.008427083,0.000541215,0.044907064,0.028286463,0.039569037,0,-0.180482132,0.026801264,-0.163891077,1.02082E+18,,,noneBll
0,0.007219792,-0.0019375,0.164020913,0.086241934,0.00213853,0.084358873,0,-0.419643051,0.040411777,-0.183268928,1.14233E+18,M,M,bullying
0,0,0,0.002634442,0.026340288,0.025722767,0.057112512,0,0.159561822,-0.404847412,0.387791713,1.09764E+18,,,noneBll
0,0,0,0.003940012,0.557306199,0.009076422,0.09396812,0,-0.395117778,0.41184713,-0.24080064,1.16627E+18,M,F,bullying
0,-0.001863542,-0.011260417,0.000937304,0.021173853,0.046596331,0.191980792,15.16666667,-0.458706594,-0.126050756,0.034196778,1.07532E+18,,,noneBll
1,-0.017269792,-0.019945833,0.037529835,0.259794104,0.008821364,0.426590944,0,-0.15869738,-0.295756409,-0.017300239,1.09989E+18,,,noneBll
1,-0.120505208,0.012358333,0.001315432,0.671269939,0.001566535,0.190779364,0,-0.322526869,-0.274277625,0.132195696,1.10412E+18,,,noneBll
0,-0.074176042,0.001454167,0.069557673,0.223647009,0.063206279,0.16313461,0,-0.33372972,0.080174657,-0.068709346,1.16219E+18,,,noneBll
0,0,0,2.54E-05,3.02E-05,9.64E-05,7.60E-05,0,0.380181642,-0.225463301,-0.319971556,1.10888E+18,,,noneBll
0,-0.021890625,0.00110625,0.000957636,0.180079068,0.002721321,0.354094043,0,0.008310755,-0.083632897,0.129391606,1.14914E+18,M,M,bullying
0,-0.00085,5.00E-05,0.000584538,0.017800074,0.005706626,0.065681973,0,-0.101098689,-0.270530423,0.28983547,1.07409E+18,,,noneBll
0,0,0,5.50E-06,9.02E-05,5.23E-05,0.0005666,0,0.130042598,-0.128481399,0.09054809,1.17707E+18,,,noneBll
1,-0.045251042,-0.005975,0.000836586,0.026380785,0.006666602,0.308886813,0,-0.34942183,-0.109817582,-0.094963786,1.11143E+18,,,noneBll
1,0.015311458,-0.005260417,0.000184338,0.03832943,0.003509597,0.030445905,0,-0.222410255,-0.090288602,0.089874116,1.16949E+18,,,noneBll
0,0,0,0.002045463,0.005859696,0.005135365,0.02860693,0,0.022749878,-0.04236576,-0.014025683,9.89014E+17,M,M,bullying
0,0,0,0.000422041,0.022602086,0.042399628,0.181785099,0,0.314247597,-0.12080558,-0.113329957,1.12161E+18,,,noneBll
0,0,0,0.000168935,0.04065814,0.000188375,0.018781329,0,-0.091383095,-0.211182284,-0.091932374,1.03692E+18,,,noneBll
0,-0.040857292,-0.01309375,0.000463776,0.208602719,0.003411891,0.348839222,0,-0.247881972,0.002213806,0.028733808,1.10523E+18,,,noneBll
0,0,0,0.000103837,0.001336126,9.27E-05,0.032972595,0,0.47222266,-0.307491905,-0.225821987,1.0184E+18,,,noneBll
0,0,0,7.20E-05,0.001509286,6.12E-05,0.003463836,0,0.26700084,-0.247161857,-0.219185246,1.01444E+18,,,noneBll
1,-0.084289583,0.005945833,0.000411046,0.094235587,0.002408159,0.065822931,0.333333333,-0.285854433,-0.238996329,0.116482052,9.90101E+17,M,M,noneBll
1,-0.033995833,0.00158125,4.10E-05,0.001340097,0.003912597,0.034082182,0,0.086572454,0.041392184,0.172975098,1.04831E+18,,,noneBll
0,-0.031026042,-0.000679167,6.18E-05,0.007376444,0.00034887,0.066589852,1.166666667,0.290568796,-0.071744351,0.561805186,1.16861E+18,,,noneBll
